kind,legacy_type,field,schema_producer,runtime_consumer,runtime_owner_candidates,ui_producer_candidates,test_candidates,serialization_candidates,migration_candidates,permission_api_backend_candidates,parity_status,default_handling,identity_version,save_reload_round_trip,import_export,device_api_oem
TRIGGER,TIME,date,domain/src/main/java/com/nexaflow/domain/catalog/TriggerNodeSchemas.kt (dateField;required=false-or-derived;sensitive=false-or-derived;default=helper-or-none),,core/automation-engine/src/main/java/com/nexaflow/core/engine/AutomationAlarmReceiver.kt|core/automation-engine/src/main/java/com/nexaflow/core/engine/AutomationScheduler.kt|core/execution/src/main/java/com/nexaflow/core/execution/compat/CommandCatalog.kt|core/execution/src/main/java/com/nexaflow/core/execution/compat/EventSource.kt|core/execution/src/main/java/com/nexaflow/core/execution/compat/WorkflowRequirementCatalog.kt|core/execution/src/main/java/com/nexaflow/core/execution/TriggerStateEvaluator.kt,feature/automation-builder/src/main/java/com/nexaflow/feature/builder/TriggerEditorCard.kt,,core/database Converters + data/mapper/AutomationMapper (shared map serializer),data/repository/CanonicalWorkflowMigrationRunner + database migrations (shared migration path; per-field migration not implied),core/execution compat/WorkflowRequirementCatalog + CommandCatalog + CommandRequirementCatalog; per-node resolution not statically evaluated,DECLARED_AND_RUNTIME_READ,See schema source; static literal extraction is incomplete,AutomationNodeCatalog stable id + persisted TriggerType name; workflowVersion in Automation model,NOT_TRACED_BY_THIS_GATE,data/backup/BackupManager (generic workflow encoding; per-field import/export behavior not implied),NOT_TESTED
TRIGGER,TIME,days,domain/src/main/java/com/nexaflow/domain/catalog/TriggerNodeSchemas.kt (stringField;required=false-or-derived;sensitive=false-or-derived;default=helper-or-none),,core/automation-engine/src/main/java/com/nexaflow/core/engine/AutomationAlarmReceiver.kt|core/automation-engine/src/main/java/com/nexaflow/core/engine/AutomationScheduler.kt|core/execution/src/main/java/com/nexaflow/core/execution/compat/CommandCatalog.kt|core/execution/src/main/java/com/nexaflow/core/execution/compat/EventSource.kt|core/execution/src/main/java/com/nexaflow/core/execution/compat/WorkflowRequirementCatalog.kt|core/execution/src/main/java/com/nexaflow/core/execution/TriggerStateEvaluator.kt,,core/database/src/test/java/com/nexaflow/core/database/ConvertersCompatTest.kt,core/database Converters + data/mapper/AutomationMapper (shared map serializer),data/repository/CanonicalWorkflowMigrationRunner + database migrations (shared migration path; per-field migration not implied),core/execution compat/WorkflowRequirementCatalog + CommandCatalog + CommandRequirementCatalog; per-node resolution not statically evaluated,DECLARED_AND_RUNTIME_READ,See schema source; static literal extraction is incomplete,AutomationNodeCatalog stable id + persisted TriggerType name; workflowVersion in Automation model,NOT_TRACED_BY_THIS_GATE,data/backup/BackupManager (generic workflow encoding; per-field import/export behavior not implied),NOT_TESTED
TRIGGER,TIME,endCount,domain/src/main/java/com/nexaflow/domain/catalog/TriggerNodeSchemas.kt (integerField;required=false-or-derived;sensitive=false-or-derived;default=helper-or-none),,core/automation-engine/src/main/java/com/nexaflow/core/engine/AutomationAlarmReceiver.kt|core/automation-engine/src/main/java/com/nexaflow/core/engine/AutomationScheduler.kt|core/execution/src/main/java/com/nexaflow/core/execution/compat/CommandCatalog.kt|core/execution/src/main/java/com/nexaflow/core/execution/compat/EventSource.kt|core/execution/src/main/java/com/nexaflow/core/execution/compat/WorkflowRequirementCatalog.kt|core/execution/src/main/java/com/nexaflow/core/execution/TriggerStateEvaluator.kt,,,core/database Converters + data/mapper/AutomationMapper (shared map serializer),data/repository/CanonicalWorkflowMigrationRunner + database migrations (shared migration path; per-field migration not implied),core/execution compat/WorkflowRequirementCatalog + CommandCatalog + CommandRequirementCatalog; per-node resolution not statically evaluated,DECLARED_AND_RUNTIME_READ,See schema source; static literal extraction is incomplete,AutomationNodeCatalog stable id + persisted TriggerType name; workflowVersion in Automation model,NOT_TRACED_BY_THIS_GATE,data/backup/BackupManager (generic workflow encoding; per-field import/export behavior not implied),NOT_TESTED
TRIGGER,TIME,endDate,domain/src/main/java/com/nexaflow/domain/catalog/TriggerNodeSchemas.kt (dateField;required=false-or-derived;sensitive=false-or-derived;default=helper-or-none),,core/automation-engine/src/main/java/com/nexaflow/core/engine/AutomationAlarmReceiver.kt|core/automation-engine/src/main/java/com/nexaflow/core/engine/AutomationScheduler.kt|core/execution/src/main/java/com/nexaflow/core/execution/compat/CommandCatalog.kt|core/execution/src/main/java/com/nexaflow/core/execution/compat/EventSource.kt|core/execution/src/main/java/com/nexaflow/core/execution/compat/WorkflowRequirementCatalog.kt|core/execution/src/main/java/com/nexaflow/core/execution/TriggerStateEvaluator.kt,feature/automation-builder/src/main/java/com/nexaflow/feature/builder/TriggerEditorCard.kt,,core/database Converters + data/mapper/AutomationMapper (shared map serializer),data/repository/CanonicalWorkflowMigrationRunner + database migrations (shared migration path; per-field migration not implied),core/execution compat/WorkflowRequirementCatalog + CommandCatalog + CommandRequirementCatalog; per-node resolution not statically evaluated,DECLARED_AND_RUNTIME_READ,See schema source; static literal extraction is incomplete,AutomationNodeCatalog stable id + persisted TriggerType name; workflowVersion in Automation model,NOT_TRACED_BY_THIS_GATE,data/backup/BackupManager (generic workflow encoding; per-field import/export behavior not implied),NOT_TESTED
TRIGGER,TIME,endMode,domain/src/main/java/com/nexaflow/domain/catalog/TriggerNodeSchemas.kt (stringField;required=false-or-derived;sensitive=false-or-derived;default=helper-or-none),,core/automation-engine/src/main/java/com/nexaflow/core/engine/AutomationAlarmReceiver.kt|core/automation-engine/src/main/java/com/nexaflow/core/engine/AutomationScheduler.kt|core/execution/src/main/java/com/nexaflow/core/execution/compat/CommandCatalog.kt|core/execution/src/main/java/com/nexaflow/core/execution/compat/EventSource.kt|core/execution/src/main/java/com/nexaflow/core/execution/compat/WorkflowRequirementCatalog.kt|core/execution/src/main/java/com/nexaflow/core/execution/TriggerStateEvaluator.kt,feature/automation-builder/src/main/java/com/nexaflow/feature/builder/BuilderStateSavers.kt,,core/database Converters + data/mapper/AutomationMapper (shared map serializer),data/repository/CanonicalWorkflowMigrationRunner + database migrations (shared migration path; per-field migration not implied),core/execution compat/WorkflowRequirementCatalog + CommandCatalog + CommandRequirementCatalog; per-node resolution not statically evaluated,DECLARED_AND_RUNTIME_READ,See schema source; static literal extraction is incomplete,AutomationNodeCatalog stable id + persisted TriggerType name; workflowVersion in Automation model,NOT_TRACED_BY_THIS_GATE,data/backup/BackupManager (generic workflow encoding; per-field import/export behavior not implied),NOT_TESTED
TRIGGER,TIME,interval,domain/src/main/java/com/nexaflow/domain/catalog/TriggerNodeSchemas.kt (integerField;required=false-or-derived;sensitive=false-or-derived;default=helper-or-none),,core/automation-engine/src/main/java/com/nexaflow/core/engine/AutomationAlarmReceiver.kt|core/automation-engine/src/main/java/com/nexaflow/core/engine/AutomationScheduler.kt|core/execution/src/main/java/com/nexaflow/core/execution/compat/CommandCatalog.kt|core/execution/src/main/java/com/nexaflow/core/execution/compat/EventSource.kt|core/execution/src/main/java/com/nexaflow/core/execution/compat/WorkflowRequirementCatalog.kt|core/execution/src/main/java/com/nexaflow/core/execution/TriggerStateEvaluator.kt,,,core/database Converters + data/mapper/AutomationMapper (shared map serializer),data/repository/CanonicalWorkflowMigrationRunner + database migrations (shared migration path; per-field migration not implied),core/execution compat/WorkflowRequirementCatalog + CommandCatalog + CommandRequirementCatalog; per-node resolution not statically evaluated,DECLARED_AND_RUNTIME_READ,See schema source; static literal extraction is incomplete,AutomationNodeCatalog stable id + persisted TriggerType name; workflowVersion in Automation model,NOT_TRACED_BY_THIS_GATE,data/backup/BackupManager (generic workflow encoding; per-field import/export behavior not implied),NOT_TESTED
TRIGGER,TIME,intervalUnit,domain/src/main/java/com/nexaflow/domain/catalog/TriggerNodeSchemas.kt (enumField;required=false-or-derived;sensitive=false-or-derived;default=DAY),,core/automation-engine/src/main/java/com/nexaflow/core/engine/AutomationAlarmReceiver.kt|core/automation-engine/src/main/java/com/nexaflow/core/engine/AutomationScheduler.kt|core/execution/src/main/java/com/nexaflow/core/execution/compat/CommandCatalog.kt|core/execution/src/main/java/com/nexaflow/core/execution/compat/EventSource.kt|core/execution/src/main/java/com/nexaflow/core/execution/compat/WorkflowRequirementCatalog.kt|core/execution/src/main/java/com/nexaflow/core/execution/TriggerStateEvaluator.kt,,data/src/test/java/com/nexaflow/data/mapper/AutomationMapperTest.kt,core/database Converters + data/mapper/AutomationMapper (shared map serializer),data/repository/CanonicalWorkflowMigrationRunner + database migrations (shared migration path; per-field migration not implied),core/execution compat/WorkflowRequirementCatalog + CommandCatalog + CommandRequirementCatalog; per-node resolution not statically evaluated,DECLARED_AND_RUNTIME_READ,See schema source; static literal extraction is incomplete,AutomationNodeCatalog stable id + persisted TriggerType name; workflowVersion in Automation model,NOT_TRACED_BY_THIS_GATE,data/backup/BackupManager (generic workflow encoding; per-field import/export behavior not implied),NOT_TESTED
TRIGGER,TIME,monthDay,domain/src/main/java/com/nexaflow/domain/catalog/TriggerNodeSchemas.kt (integerField;required=false-or-derived;sensitive=false-or-derived;default=helper-or-none),,core/automation-engine/src/main/java/com/nexaflow/core/engine/AutomationAlarmReceiver.kt|core/automation-engine/src/main/java/com/nexaflow/core/engine/AutomationScheduler.kt|core/execution/src/main/java/com/nexaflow/core/execution/compat/CommandCatalog.kt|core/execution/src/main/java/com/nexaflow/core/execution/compat/EventSource.kt|core/execution/src/main/java/com/nexaflow/core/execution/compat/WorkflowRequirementCatalog.kt|core/execution/src/main/java/com/nexaflow/core/execution/TriggerStateEvaluator.kt,,,core/database Converters + data/mapper/AutomationMapper (shared map serializer),data/repository/CanonicalWorkflowMigrationRunner + database migrations (shared migration path; per-field migration not implied),core/execution compat/WorkflowRequirementCatalog + CommandCatalog + CommandRequirementCatalog; per-node resolution not statically evaluated,DECLARED_AND_RUNTIME_READ,See schema source; static literal extraction is incomplete,AutomationNodeCatalog stable id + persisted TriggerType name; workflowVersion in Automation model,NOT_TRACED_BY_THIS_GATE,data/backup/BackupManager (generic workflow encoding; per-field import/export behavior not implied),NOT_TESTED
TRIGGER,TIME,monthlyDayMode,domain/src/main/java/com/nexaflow/domain/catalog/TriggerNodeSchemas.kt (enumField;required=false-or-derived;sensitive=false-or-derived;default=DAY_OF_MONTH),,core/automation-engine/src/main/java/com/nexaflow/core/engine/AutomationAlarmReceiver.kt|core/automation-engine/src/main/java/com/nexaflow/core/engine/AutomationScheduler.kt|core/execution/src/main/java/com/nexaflow/core/execution/compat/CommandCatalog.kt|core/execution/src/main/java/com/nexaflow/core/execution/compat/EventSource.kt|core/execution/src/main/java/com/nexaflow/core/execution/compat/WorkflowRequirementCatalog.kt|core/execution/src/main/java/com/nexaflow/core/execution/TriggerStateEvaluator.kt,,,core/database Converters + data/mapper/AutomationMapper (shared map serializer),data/repository/CanonicalWorkflowMigrationRunner + database migrations (shared migration path; per-field migration not implied),core/execution compat/WorkflowRequirementCatalog + CommandCatalog + CommandRequirementCatalog; per-node resolution not statically evaluated,DECLARED_AND_RUNTIME_READ,See schema source; static literal extraction is incomplete,AutomationNodeCatalog stable id + persisted TriggerType name; workflowVersion in Automation model,NOT_TRACED_BY_THIS_GATE,data/backup/BackupManager (generic workflow encoding; per-field import/export behavior not implied),NOT_TESTED
TRIGGER,TIME,rangeEnd,domain/src/main/java/com/nexaflow/domain/catalog/TriggerNodeSchemas.kt (timeField;required=false-or-derived;sensitive=false-or-derived;default=helper-or-none),core/execution/src/main/java/com/nexaflow/core/execution/TriggerStateEvaluator.kt,core/automation-engine/src/main/java/com/nexaflow/core/engine/AutomationAlarmReceiver.kt|core/automation-engine/src/main/java/com/nexaflow/core/engine/AutomationScheduler.kt|core/execution/src/main/java/com/nexaflow/core/execution/compat/CommandCatalog.kt|core/execution/src/main/java/com/nexaflow/core/execution/compat/EventSource.kt|core/execution/src/main/java/com/nexaflow/core/execution/compat/WorkflowRequirementCatalog.kt|core/execution/src/main/java/com/nexaflow/core/execution/TriggerStateEvaluator.kt,feature/automation-builder/src/main/java/com/nexaflow/feature/builder/TriggerEditorCard.kt|feature/automation-builder/src/main/java/com/nexaflow/feature/builder/TriggerSummary.kt,core/execution/src/test/java/com/nexaflow/core/execution/AutomationRunListenerTest.kt|core/execution/src/test/java/com/nexaflow/core/execution/compat/CanonicalRuntimeCutoverAdapterTest.kt|core/execution/src/test/java/com/nexaflow/core/execution/ExecutionEngineTriggerMatchTest.kt|core/execution/src/test/java/com/nexaflow/core/execution/TriggerMatchPolicyTest.kt|domain/src/test/java/com/nexaflow/domain/models/AutomationTimeEndBehaviorPolicyTest.kt,core/database Converters + data/mapper/AutomationMapper (shared map serializer),data/repository/CanonicalWorkflowMigrationRunner + database migrations (shared migration path; per-field migration not implied),core/execution compat/WorkflowRequirementCatalog + CommandCatalog + CommandRequirementCatalog; per-node resolution not statically evaluated,DECLARED_AND_RUNTIME_READ,See schema source; static literal extraction is incomplete,AutomationNodeCatalog stable id + persisted TriggerType name; workflowVersion in Automation model,NOT_TRACED_BY_THIS_GATE,data/backup/BackupManager (generic workflow encoding; per-field import/export behavior not implied),NOT_TESTED
TRIGGER,TIME,rangeStart,domain/src/main/java/com/nexaflow/domain/catalog/TriggerNodeSchemas.kt (timeField;required=false-or-derived;sensitive=false-or-derived;default=helper-or-none),core/automation-engine/src/main/java/com/nexaflow/core/engine/AutomationScheduler.kt|core/execution/src/main/java/com/nexaflow/core/execution/TriggerStateEvaluator.kt,core/automation-engine/src/main/java/com/nexaflow/core/engine/AutomationAlarmReceiver.kt|core/automation-engine/src/main/java/com/nexaflow/core/engine/AutomationScheduler.kt|core/execution/src/main/java/com/nexaflow/core/execution/compat/CommandCatalog.kt|core/execution/src/main/java/com/nexaflow/core/execution/compat/EventSource.kt|core/execution/src/main/java/com/nexaflow/core/execution/compat/WorkflowRequirementCatalog.kt|core/execution/src/main/java/com/nexaflow/core/execution/TriggerStateEvaluator.kt,feature/automation-builder/src/main/java/com/nexaflow/feature/builder/TriggerEditorCard.kt|feature/automation-builder/src/main/java/com/nexaflow/feature/builder/TriggerSummary.kt,core/execution/src/test/java/com/nexaflow/core/execution/AutomationRunListenerTest.kt|core/execution/src/test/java/com/nexaflow/core/execution/compat/CanonicalRuntimeCutoverAdapterTest.kt|core/execution/src/test/java/com/nexaflow/core/execution/ExecutionEngineTriggerMatchTest.kt|core/execution/src/test/java/com/nexaflow/core/execution/TriggerMatchPolicyTest.kt|domain/src/test/java/com/nexaflow/domain/models/AutomationTimeEndBehaviorPolicyTest.kt,core/database Converters + data/mapper/AutomationMapper (shared map serializer),data/repository/CanonicalWorkflowMigrationRunner + database migrations (shared migration path; per-field migration not implied),core/execution compat/WorkflowRequirementCatalog + CommandCatalog + CommandRequirementCatalog; per-node resolution not statically evaluated,DECLARED_AND_RUNTIME_READ,See schema source; static literal extraction is incomplete,AutomationNodeCatalog stable id + persisted TriggerType name; workflowVersion in Automation model,NOT_TRACED_BY_THIS_GATE,data/backup/BackupManager (generic workflow encoding; per-field import/export behavior not implied),NOT_TESTED
TRIGGER,TIME,repeat,domain/src/main/java/com/nexaflow/domain/catalog/TriggerNodeSchemas.kt (stringField;required=false-or-derived;sensitive=false-or-derived;default=helper-or-none),core/automation-engine/src/main/java/com/nexaflow/core/engine/AutomationScheduler.kt|core/execution/src/main/java/com/nexaflow/core/execution/TriggerStateEvaluator.kt,core/automation-engine/src/main/java/com/nexaflow/core/engine/AutomationAlarmReceiver.kt|core/automation-engine/src/main/java/com/nexaflow/core/engine/AutomationScheduler.kt|core/execution/src/main/java/com/nexaflow/core/execution/compat/CommandCatalog.kt|core/execution/src/main/java/com/nexaflow/core/execution/compat/EventSource.kt|core/execution/src/main/java/com/nexaflow/core/execution/compat/WorkflowRequirementCatalog.kt|core/execution/src/main/java/com/nexaflow/core/execution/TriggerStateEvaluator.kt,,core/automation-engine/src/test/java/com/nexaflow/core/engine/AutomationAlarmReceiverTimeRangeExecutionTest.kt|data/src/test/java/com/nexaflow/data/backup/BackupManagerTest.kt,core/database Converters + data/mapper/AutomationMapper (shared map serializer),data/repository/CanonicalWorkflowMigrationRunner + database migrations (shared migration path; per-field migration not implied),core/execution compat/WorkflowRequirementCatalog + CommandCatalog + CommandRequirementCatalog; per-node resolution not statically evaluated,DECLARED_AND_RUNTIME_READ,See schema source; static literal extraction is incomplete,AutomationNodeCatalog stable id + persisted TriggerType name; workflowVersion in Automation model,NOT_TRACED_BY_THIS_GATE,data/backup/BackupManager (generic workflow encoding; per-field import/export behavior not implied),NOT_TESTED
TRIGGER,TIME,startDate,domain/src/main/java/com/nexaflow/domain/catalog/TriggerNodeSchemas.kt (dateField;required=false-or-derived;sensitive=false-or-derived;default=helper-or-none),,core/automation-engine/src/main/java/com/nexaflow/core/engine/AutomationAlarmReceiver.kt|core/automation-engine/src/main/java/com/nexaflow/core/engine/AutomationScheduler.kt|core/execution/src/main/java/com/nexaflow/core/execution/compat/CommandCatalog.kt|core/execution/src/main/java/com/nexaflow/core/execution/compat/EventSource.kt|core/execution/src/main/java/com/nexaflow/core/execution/compat/WorkflowRequirementCatalog.kt|core/execution/src/main/java/com/nexaflow/core/execution/TriggerStateEvaluator.kt,feature/automation-builder/src/main/java/com/nexaflow/feature/builder/TriggerEditorCard.kt,,core/database Converters + data/mapper/AutomationMapper (shared map serializer),data/repository/CanonicalWorkflowMigrationRunner + database migrations (shared migration path; per-field migration not implied),core/execution compat/WorkflowRequirementCatalog + CommandCatalog + CommandRequirementCatalog; per-node resolution not statically evaluated,DECLARED_AND_RUNTIME_READ,See schema source; static literal extraction is incomplete,AutomationNodeCatalog stable id + persisted TriggerType name; workflowVersion in Automation model,NOT_TRACED_BY_THIS_GATE,data/backup/BackupManager (generic workflow encoding; per-field import/export behavior not implied),NOT_TESTED
TRIGGER,TIME,time,domain/src/main/java/com/nexaflow/domain/catalog/TriggerNodeSchemas.kt (timeField;required=false-or-derived;sensitive=false-or-derived;default=08:00),core/automation-engine/src/main/java/com/nexaflow/core/engine/AutomationAlarmReceiver.kt|core/automation-engine/src/main/java/com/nexaflow/core/engine/AutomationScheduler.kt|core/execution/src/main/java/com/nexaflow/core/execution/compat/EventSource.kt|core/execution/src/main/java/com/nexaflow/core/execution/TriggerStateEvaluator.kt,core/automation-engine/src/main/java/com/nexaflow/core/engine/AutomationAlarmReceiver.kt|core/automation-engine/src/main/java/com/nexaflow/core/engine/AutomationScheduler.kt|core/execution/src/main/java/com/nexaflow/core/execution/compat/CommandCatalog.kt|core/execution/src/main/java/com/nexaflow/core/execution/compat/EventSource.kt|core/execution/src/main/java/com/nexaflow/core/execution/compat/WorkflowRequirementCatalog.kt|core/execution/src/main/java/com/nexaflow/core/execution/TriggerStateEvaluator.kt,feature/automation-builder/src/main/java/com/nexaflow/feature/builder/TriggerCatalogPresentation.kt|feature/automation-builder/src/main/java/com/nexaflow/feature/builder/TriggerEditorCard.kt|feature/automation-builder/src/main/java/com/nexaflow/feature/builder/TriggerSummary.kt,core/automation-control/src/test/java/com/nexaflow/core/automationcontrol/risk/AgentRiskEvaluatorTest.kt|core/automation-engine/src/test/java/com/nexaflow/core/engine/AutomationAlarmReceiverTimeRangeExecutionTest.kt|core/automation-engine/src/test/java/com/nexaflow/core/engine/WebhookTriggerMatcherTest.kt|core/execution/src/test/java/com/nexaflow/core/execution/compat/AutomationWorkflowMapperTest.kt|core/execution/src/test/java/com/nexaflow/core/execution/compat/WorkflowRequirementCatalogTest.kt|core/execution/src/test/java/com/nexaflow/core/execution/ExecutionEngineExitBehaviorTest.kt|core/execution/src/test/java/com/nexaflow/core/execution/TriggerMatchPolicyTest.kt|data/src/test/java/com/nexaflow/data/backup/BackupManagerTest.kt|data/src/test/java/com/nexaflow/data/mapper/AutomationMapperTest.kt|domain/src/test/java/com/nexaflow/domain/models/AutomationTimeEndBehaviorPolicyTest.kt|domain/src/test/java/com/nexaflow/domain/workflow/AutomationDagCompilerTest.kt|feature/dashboard/src/test/java/com/nexaflow/feature/dashboard/RoutineCardDetailsTest.kt,core/database Converters + data/mapper/AutomationMapper (shared map serializer),data/repository/CanonicalWorkflowMigrationRunner + database migrations (shared migration path; per-field migration not implied),core/execution compat/WorkflowRequirementCatalog + CommandCatalog + CommandRequirementCatalog; per-node resolution not statically evaluated,DECLARED_AND_RUNTIME_READ,See schema source; static literal extraction is incomplete,AutomationNodeCatalog stable id + persisted TriggerType name; workflowVersion in Automation model,NOT_TRACED_BY_THIS_GATE,data/backup/BackupManager (generic workflow encoding; per-field import/export behavior not implied),NOT_TESTED
TRIGGER,TIME,timeMode,domain/src/main/java/com/nexaflow/domain/catalog/TriggerNodeSchemas.kt (stringField;required=false-or-derived;sensitive=false-or-derived;default=helper-or-none),core/automation-engine/src/main/java/com/nexaflow/core/engine/AutomationAlarmReceiver.kt|core/automation-engine/src/main/java/com/nexaflow/core/engine/AutomationScheduler.kt|core/execution/src/main/java/com/nexaflow/core/execution/TriggerStateEvaluator.kt,core/automation-engine/src/main/java/com/nexaflow/core/engine/AutomationAlarmReceiver.kt|core/automation-engine/src/main/java/com/nexaflow/core/engine/AutomationScheduler.kt|core/execution/src/main/java/com/nexaflow/core/execution/compat/CommandCatalog.kt|core/execution/src/main/java/com/nexaflow/core/execution/compat/EventSource.kt|core/execution/src/main/java/com/nexaflow/core/execution/compat/WorkflowRequirementCatalog.kt|core/execution/src/main/java/com/nexaflow/core/execution/TriggerStateEvaluator.kt,feature/automation-builder/src/main/java/com/nexaflow/feature/builder/TriggerEditorCard.kt|feature/automation-builder/src/main/java/com/nexaflow/feature/builder/TriggerSummary.kt,core/automation-engine/src/test/java/com/nexaflow/core/engine/AutomationAlarmReceiverTimeRangeExecutionTest.kt|core/execution/src/test/java/com/nexaflow/core/execution/AutomationRunListenerTest.kt|core/execution/src/test/java/com/nexaflow/core/execution/compat/CanonicalRuntimeCutoverAdapterTest.kt|core/execution/src/test/java/com/nexaflow/core/execution/ExecutionEngineTriggerMatchTest.kt|core/execution/src/test/java/com/nexaflow/core/execution/TriggerMatchPolicyTest.kt|data/src/test/java/com/nexaflow/data/backup/BackupManagerTest.kt|domain/src/test/java/com/nexaflow/domain/models/AutomationTimeEndBehaviorPolicyTest.kt|feature/dashboard/src/test/java/com/nexaflow/feature/dashboard/RoutineCardDetailsTest.kt,core/database Converters + data/mapper/AutomationMapper (shared map serializer),data/repository/CanonicalWorkflowMigrationRunner + database migrations (shared migration path; per-field migration not implied),core/execution compat/WorkflowRequirementCatalog + CommandCatalog + CommandRequirementCatalog; per-node resolution not statically evaluated,DECLARED_AND_RUNTIME_READ,See schema source; static literal extraction is incomplete,AutomationNodeCatalog stable id + persisted TriggerType name; workflowVersion in Automation model,NOT_TRACED_BY_THIS_GATE,data/backup/BackupManager (generic workflow encoding; per-field import/export behavior not implied),NOT_TESTED
TRIGGER,TIME,weekOfMonth,domain/src/main/java/com/nexaflow/domain/catalog/TriggerNodeSchemas.kt (enumField;required=false-or-derived;sensitive=false-or-derived;default=1),,core/automation-engine/src/main/java/com/nexaflow/core/engine/AutomationAlarmReceiver.kt|core/automation-engine/src/main/java/com/nexaflow/core/engine/AutomationScheduler.kt|core/execution/src/main/java/com/nexaflow/core/execution/compat/CommandCatalog.kt|core/execution/src/main/java/com/nexaflow/core/execution/compat/EventSource.kt|core/execution/src/main/java/com/nexaflow/core/execution/compat/WorkflowRequirementCatalog.kt|core/execution/src/main/java/com/nexaflow/core/execution/TriggerStateEvaluator.kt,,data/src/test/java/com/nexaflow/data/mapper/AutomationMapperTest.kt,core/database Converters + data/mapper/AutomationMapper (shared map serializer),data/repository/CanonicalWorkflowMigrationRunner + database migrations (shared migration path; per-field migration not implied),core/execution compat/WorkflowRequirementCatalog + CommandCatalog + CommandRequirementCatalog; per-node resolution not statically evaluated,DECLARED_AND_RUNTIME_READ,See schema source; static literal extraction is incomplete,AutomationNodeCatalog stable id + persisted TriggerType name; workflowVersion in Automation model,NOT_TRACED_BY_THIS_GATE,data/backup/BackupManager (generic workflow encoding; per-field import/export behavior not implied),NOT_TESTED
TRIGGER,TIME,weekday,domain/src/main/java/com/nexaflow/domain/catalog/TriggerNodeSchemas.kt (integerField;required=false-or-derived;sensitive=false-or-derived;default=helper-or-none),,core/automation-engine/src/main/java/com/nexaflow/core/engine/AutomationAlarmReceiver.kt|core/automation-engine/src/main/java/com/nexaflow/core/engine/AutomationScheduler.kt|core/execution/src/main/java/com/nexaflow/core/execution/compat/CommandCatalog.kt|core/execution/src/main/java/com/nexaflow/core/execution/compat/EventSource.kt|core/execution/src/main/java/com/nexaflow/core/execution/compat/WorkflowRequirementCatalog.kt|core/execution/src/main/java/com/nexaflow/core/execution/TriggerStateEvaluator.kt,,,core/database Converters + data/mapper/AutomationMapper (shared map serializer),data/repository/CanonicalWorkflowMigrationRunner + database migrations (shared migration path; per-field migration not implied),core/execution compat/WorkflowRequirementCatalog + CommandCatalog + CommandRequirementCatalog; per-node resolution not statically evaluated,DECLARED_AND_RUNTIME_READ,See schema source; static literal extraction is incomplete,AutomationNodeCatalog stable id + persisted TriggerType name; workflowVersion in Automation model,NOT_TRACED_BY_THIS_GATE,data/backup/BackupManager (generic workflow encoding; per-field import/export behavior not implied),NOT_TESTED
TRIGGER,TIME,zoneId,domain/src/main/java/com/nexaflow/domain/catalog/TriggerNodeSchemas.kt (stringField;required=false-or-derived;sensitive=false-or-derived;default=helper-or-none),NO_STATIC_MATCH,core/automation-engine/src/main/java/com/nexaflow/core/engine/AutomationAlarmReceiver.kt|core/automation-engine/src/main/java/com/nexaflow/core/engine/AutomationScheduler.kt|core/execution/src/main/java/com/nexaflow/core/execution/compat/CommandCatalog.kt|core/execution/src/main/java/com/nexaflow/core/execution/compat/EventSource.kt|core/execution/src/main/java/com/nexaflow/core/execution/compat/WorkflowRequirementCatalog.kt|core/execution/src/main/java/com/nexaflow/core/execution/TriggerStateEvaluator.kt,,,core/database Converters + data/mapper/AutomationMapper (shared map serializer),data/repository/CanonicalWorkflowMigrationRunner + database migrations (shared migration path; per-field migration not implied),core/execution compat/WorkflowRequirementCatalog + CommandCatalog + CommandRequirementCatalog; per-node resolution not statically evaluated,DECLARED_NO_STATIC_RUNTIME_READ,See schema source; static literal extraction is incomplete,AutomationNodeCatalog stable id + persisted TriggerType name; workflowVersion in Automation model,NOT_TRACED_BY_THIS_GATE,data/backup/BackupManager (generic workflow encoding; per-field import/export behavior not implied),NOT_TESTED
TRIGGER,TIME,zonePolicy,domain/src/main/java/com/nexaflow/domain/catalog/TriggerNodeSchemas.kt (enumField;required=false-or-derived;sensitive=false-or-derived;default=DEVICE_LOCAL),NO_STATIC_MATCH,core/automation-engine/src/main/java/com/nexaflow/core/engine/AutomationAlarmReceiver.kt|core/automation-engine/src/main/java/com/nexaflow/core/engine/AutomationScheduler.kt|core/execution/src/main/java/com/nexaflow/core/execution/compat/CommandCatalog.kt|core/execution/src/main/java/com/nexaflow/core/execution/compat/EventSource.kt|core/execution/src/main/java/com/nexaflow/core/execution/compat/WorkflowRequirementCatalog.kt|core/execution/src/main/java/com/nexaflow/core/execution/TriggerStateEvaluator.kt,,data/src/test/java/com/nexaflow/data/mapper/AutomationMapperTest.kt,core/database Converters + data/mapper/AutomationMapper (shared map serializer),data/repository/CanonicalWorkflowMigrationRunner + database migrations (shared migration path; per-field migration not implied),core/execution compat/WorkflowRequirementCatalog + CommandCatalog + CommandRequirementCatalog; per-node resolution not statically evaluated,DECLARED_NO_STATIC_RUNTIME_READ,See schema source; static literal extraction is incomplete,AutomationNodeCatalog stable id + persisted TriggerType name; workflowVersion in Automation model,NOT_TRACED_BY_THIS_GATE,data/backup/BackupManager (generic workflow encoding; per-field import/export behavior not implied),NOT_TESTED
TRIGGER,BATTERY,above,domain/src/main/java/com/nexaflow/domain/catalog/TriggerNodeSchemas.kt (integerField;required=false-or-derived;sensitive=false-or-derived;default=80),core/execution/src/main/java/com/nexaflow/core/execution/TriggerStateEvaluator.kt,core/automation-engine/src/main/java/com/nexaflow/core/engine/BatteryMonitor.kt|core/execution/src/main/java/com/nexaflow/core/execution/compat/CommandCatalog.kt|core/execution/src/main/java/com/nexaflow/core/execution/compat/EventSource.kt|core/execution/src/main/java/com/nexaflow/core/execution/TriggerStateEvaluator.kt,feature/automation-builder/src/main/java/com/nexaflow/feature/builder/TriggerCatalogPresentation.kt|feature/automation-builder/src/main/java/com/nexaflow/feature/builder/TriggerEditorCard.kt|feature/automation-builder/src/main/java/com/nexaflow/feature/builder/TriggerSummary.kt,core/automation-engine/src/test/java/com/nexaflow/core/engine/BatteryMonitorExitReconcileTest.kt|core/execution/src/test/java/com/nexaflow/core/execution/TriggerMatchSerializationTest.kt|data/src/test/java/com/nexaflow/data/mapper/AutomationMapperTest.kt|domain/src/test/java/com/nexaflow/domain/catalog/AutomationNodeCatalogTest.kt,core/database Converters + data/mapper/AutomationMapper (shared map serializer),data/repository/CanonicalWorkflowMigrationRunner + database migrations (shared migration path; per-field migration not implied),core/execution compat/WorkflowRequirementCatalog + CommandCatalog + CommandRequirementCatalog; per-node resolution not statically evaluated,DECLARED_AND_RUNTIME_READ,See schema source; static literal extraction is incomplete,AutomationNodeCatalog stable id + persisted TriggerType name; workflowVersion in Automation model,NOT_TRACED_BY_THIS_GATE,data/backup/BackupManager (generic workflow encoding; per-field import/export behavior not implied),NOT_TESTED
TRIGGER,BATTERY,below,domain/src/main/java/com/nexaflow/domain/catalog/TriggerNodeSchemas.kt (integerField;required=false-or-derived;sensitive=false-or-derived;default=helper-or-none),core/automation-engine/src/main/java/com/nexaflow/core/engine/BatteryMonitor.kt|core/execution/src/main/java/com/nexaflow/core/execution/TriggerStateEvaluator.kt,core/automation-engine/src/main/java/com/nexaflow/core/engine/BatteryMonitor.kt|core/execution/src/main/java/com/nexaflow/core/execution/compat/CommandCatalog.kt|core/execution/src/main/java/com/nexaflow/core/execution/compat/EventSource.kt|core/execution/src/main/java/com/nexaflow/core/execution/TriggerStateEvaluator.kt,,,core/database Converters + data/mapper/AutomationMapper (shared map serializer),data/repository/CanonicalWorkflowMigrationRunner + database migrations (shared migration path; per-field migration not implied),core/execution compat/WorkflowRequirementCatalog + CommandCatalog + CommandRequirementCatalog; per-node resolution not statically evaluated,DECLARED_AND_RUNTIME_READ,See schema source; static literal extraction is incomplete,AutomationNodeCatalog stable id + persisted TriggerType name; workflowVersion in Automation model,NOT_TRACED_BY_THIS_GATE,data/backup/BackupManager (generic workflow encoding; per-field import/export behavior not implied),NOT_TESTED
TRIGGER,BATTERY,chargerType,domain/src/main/java/com/nexaflow/domain/catalog/TriggerNodeSchemas.kt (enumField;required=false-or-derived;sensitive=false-or-derived;default=ANY),,core/automation-engine/src/main/java/com/nexaflow/core/engine/BatteryMonitor.kt|core/execution/src/main/java/com/nexaflow/core/execution/compat/CommandCatalog.kt|core/execution/src/main/java/com/nexaflow/core/execution/compat/EventSource.kt|core/execution/src/main/java/com/nexaflow/core/execution/TriggerStateEvaluator.kt,feature/automation-builder/src/main/java/com/nexaflow/feature/builder/TriggerCatalogPresentation.kt|feature/automation-builder/src/main/java/com/nexaflow/feature/builder/TriggerEditorCard.kt,core/automation-engine/src/test/java/com/nexaflow/core/engine/BatteryMonitorExitReconcileTest.kt|data/src/test/java/com/nexaflow/data/mapper/AutomationMapperTest.kt|domain/src/test/java/com/nexaflow/domain/catalog/AutomationNodeCatalogTest.kt,core/database Converters + data/mapper/AutomationMapper (shared map serializer),data/repository/CanonicalWorkflowMigrationRunner + database migrations (shared migration path; per-field migration not implied),core/execution compat/WorkflowRequirementCatalog + CommandCatalog + CommandRequirementCatalog; per-node resolution not statically evaluated,DECLARED_AND_RUNTIME_READ,See schema source; static literal extraction is incomplete,AutomationNodeCatalog stable id + persisted TriggerType name; workflowVersion in Automation model,NOT_TRACED_BY_THIS_GATE,data/backup/BackupManager (generic workflow encoding; per-field import/export behavior not implied),NOT_TESTED
TRIGGER,BATTERY,chargingState,domain/src/main/java/com/nexaflow/domain/catalog/TriggerNodeSchemas.kt (enumField;required=false-or-derived;sensitive=false-or-derived;default=ANY),,core/automation-engine/src/main/java/com/nexaflow/core/engine/BatteryMonitor.kt|core/execution/src/main/java/com/nexaflow/core/execution/compat/CommandCatalog.kt|core/execution/src/main/java/com/nexaflow/core/execution/compat/EventSource.kt|core/execution/src/main/java/com/nexaflow/core/execution/TriggerStateEvaluator.kt,feature/automation-builder/src/main/java/com/nexaflow/feature/builder/TriggerCatalogPresentation.kt|feature/automation-builder/src/main/java/com/nexaflow/feature/builder/TriggerEditorCard.kt|feature/automation-builder/src/main/java/com/nexaflow/feature/builder/TriggerSummary.kt,core/automation-engine/src/test/java/com/nexaflow/core/engine/BatteryMonitorExitReconcileTest.kt,core/database Converters + data/mapper/AutomationMapper (shared map serializer),data/repository/CanonicalWorkflowMigrationRunner + database migrations (shared migration path; per-field migration not implied),core/execution compat/WorkflowRequirementCatalog + CommandCatalog + CommandRequirementCatalog; per-node resolution not statically evaluated,DECLARED_AND_RUNTIME_READ,See schema source; static literal extraction is incomplete,AutomationNodeCatalog stable id + persisted TriggerType name; workflowVersion in Automation model,NOT_TRACED_BY_THIS_GATE,data/backup/BackupManager (generic workflow encoding; per-field import/export behavior not implied),NOT_TESTED
TRIGGER,BATTERY,direction,domain/src/main/java/com/nexaflow/domain/catalog/TriggerNodeSchemas.kt (enumField;required=false-or-derived;sensitive=false-or-derived;default=ABOVE),core/execution/src/main/java/com/nexaflow/core/execution/TriggerStateEvaluator.kt,core/automation-engine/src/main/java/com/nexaflow/core/engine/BatteryMonitor.kt|core/execution/src/main/java/com/nexaflow/core/execution/compat/CommandCatalog.kt|core/execution/src/main/java/com/nexaflow/core/execution/compat/EventSource.kt|core/execution/src/main/java/com/nexaflow/core/execution/TriggerStateEvaluator.kt,feature/automation-builder/src/main/java/com/nexaflow/feature/builder/TriggerCatalogPresentation.kt|feature/automation-builder/src/main/java/com/nexaflow/feature/builder/TriggerEditorCard.kt|feature/automation-builder/src/main/java/com/nexaflow/feature/builder/TriggerSummary.kt,core/automation-engine/src/test/java/com/nexaflow/core/engine/BatteryMonitorExitReconcileTest.kt|core/database/src/test/java/com/nexaflow/core/database/ConvertersCompatTest.kt|core/execution/src/test/java/com/nexaflow/core/execution/TriggerMatchSerializationTest.kt|data/src/test/java/com/nexaflow/data/backup/BackupManagerTest.kt|data/src/test/java/com/nexaflow/data/mapper/AutomationMapperTest.kt|domain/src/test/java/com/nexaflow/domain/catalog/AutomationNodeCatalogTest.kt|domain/src/test/java/com/nexaflow/domain/workflow/AutomationDagCompilerTest.kt,core/database Converters + data/mapper/AutomationMapper (shared map serializer),data/repository/CanonicalWorkflowMigrationRunner + database migrations (shared migration path; per-field migration not implied),core/execution compat/WorkflowRequirementCatalog + CommandCatalog + CommandRequirementCatalog; per-node resolution not statically evaluated,DECLARED_AND_RUNTIME_READ,See schema source; static literal extraction is incomplete,AutomationNodeCatalog stable id + persisted TriggerType name; workflowVersion in Automation model,NOT_TRACED_BY_THIS_GATE,data/backup/BackupManager (generic workflow encoding; per-field import/export behavior not implied),NOT_TESTED
TRIGGER,BATTERY,threshold,domain/src/main/java/com/nexaflow/domain/catalog/TriggerNodeSchemas.kt (integerField;required=false-or-derived;sensitive=false-or-derived;default=helper-or-none),core/execution/src/main/java/com/nexaflow/core/execution/TriggerStateEvaluator.kt,core/automation-engine/src/main/java/com/nexaflow/core/engine/BatteryMonitor.kt|core/execution/src/main/java/com/nexaflow/core/execution/compat/CommandCatalog.kt|core/execution/src/main/java/com/nexaflow/core/execution/compat/EventSource.kt|core/execution/src/main/java/com/nexaflow/core/execution/TriggerStateEvaluator.kt,feature/automation-builder/src/main/java/com/nexaflow/feature/builder/TriggerCatalogPresentation.kt|feature/automation-builder/src/main/java/com/nexaflow/feature/builder/TriggerEditorCard.kt|feature/automation-builder/src/main/java/com/nexaflow/feature/builder/TriggerSummary.kt,,core/database Converters + data/mapper/AutomationMapper (shared map serializer),data/repository/CanonicalWorkflowMigrationRunner + database migrations (shared migration path; per-field migration not implied),core/execution compat/WorkflowRequirementCatalog + CommandCatalog + CommandRequirementCatalog; per-node resolution not statically evaluated,DECLARED_AND_RUNTIME_READ,See schema source; static literal extraction is incomplete,AutomationNodeCatalog stable id + persisted TriggerType name; workflowVersion in Automation model,NOT_TRACED_BY_THIS_GATE,data/backup/BackupManager (generic workflow encoding; per-field import/export behavior not implied),NOT_TESTED
TRIGGER,APPLICATION,package,domain/src/main/java/com/nexaflow/domain/catalog/TriggerNodeSchemas.kt (packageField;required=false-or-derived;sensitive=false-or-derived;default=helper-or-none),core/automation-engine/src/main/java/com/nexaflow/core/engine/AppTriggerAccessibilityService.kt|core/execution/src/main/java/com/nexaflow/core/execution/TriggerStateEvaluator.kt,core/automation-engine/src/main/java/com/nexaflow/core/engine/AppTriggerAccessibilityService.kt|core/execution/src/main/java/com/nexaflow/core/execution/compat/CommandCatalog.kt|core/execution/src/main/java/com/nexaflow/core/execution/compat/EventSource.kt|core/execution/src/main/java/com/nexaflow/core/execution/compat/WorkflowRequirementCatalog.kt|core/execution/src/main/java/com/nexaflow/core/execution/TriggerStateEvaluator.kt,feature/automation-builder/src/main/java/com/nexaflow/feature/builder/TriggerCatalogPresentation.kt|feature/automation-builder/src/main/java/com/nexaflow/feature/builder/TriggerEditorCard.kt|feature/automation-builder/src/main/java/com/nexaflow/feature/builder/TriggerSummary.kt,,core/database Converters + data/mapper/AutomationMapper (shared map serializer),data/repository/CanonicalWorkflowMigrationRunner + database migrations (shared migration path; per-field migration not implied),core/execution compat/WorkflowRequirementCatalog + CommandCatalog + CommandRequirementCatalog; per-node resolution not statically evaluated,DECLARED_AND_RUNTIME_READ,See schema source; static literal extraction is incomplete,AutomationNodeCatalog stable id + persisted TriggerType name; workflowVersion in Automation model,NOT_TRACED_BY_THIS_GATE,data/backup/BackupManager (generic workflow encoding; per-field import/export behavior not implied),NOT_TESTED
TRIGGER,APPLICATION,packages,domain/src/main/java/com/nexaflow/domain/catalog/TriggerNodeSchemas.kt (stringField;required=false-or-derived;sensitive=false-or-derived;default=helper-or-none),core/automation-engine/src/main/java/com/nexaflow/core/engine/AppTriggerAccessibilityService.kt|core/execution/src/main/java/com/nexaflow/core/execution/TriggerStateEvaluator.kt,core/automation-engine/src/main/java/com/nexaflow/core/engine/AppTriggerAccessibilityService.kt|core/execution/src/main/java/com/nexaflow/core/execution/compat/CommandCatalog.kt|core/execution/src/main/java/com/nexaflow/core/execution/compat/EventSource.kt|core/execution/src/main/java/com/nexaflow/core/execution/compat/WorkflowRequirementCatalog.kt|core/execution/src/main/java/com/nexaflow/core/execution/TriggerStateEvaluator.kt,feature/automation-builder/src/main/java/com/nexaflow/feature/builder/TriggerCatalogPresentation.kt|feature/automation-builder/src/main/java/com/nexaflow/feature/builder/TriggerEditorCard.kt|feature/automation-builder/src/main/java/com/nexaflow/feature/builder/TriggerSummary.kt,core/execution/src/test/java/com/nexaflow/core/execution/TriggerStateEvaluatorStateTest.kt|data/src/test/java/com/nexaflow/data/backup/BackupManagerTest.kt,core/database Converters + data/mapper/AutomationMapper (shared map serializer),data/repository/CanonicalWorkflowMigrationRunner + database migrations (shared migration path; per-field migration not implied),core/execution compat/WorkflowRequirementCatalog + CommandCatalog + CommandRequirementCatalog; per-node resolution not statically evaluated,DECLARED_AND_RUNTIME_READ,See schema source; static literal extraction is incomplete,AutomationNodeCatalog stable id + persisted TriggerType name; workflowVersion in Automation model,NOT_TRACED_BY_THIS_GATE,data/backup/BackupManager (generic workflow encoding; per-field import/export behavior not implied),NOT_TESTED
TRIGGER,DEVICE,deviceAddress,domain/src/main/java/com/nexaflow/domain/catalog/TriggerNodeSchemas.kt (stringField;required=false-or-derived;sensitive=false-or-derived;default=helper-or-none),NO_STATIC_MATCH,core/automation-engine/src/main/java/com/nexaflow/core/engine/BluetoothMonitor.kt|core/automation-engine/src/main/java/com/nexaflow/core/engine/DeviceEventMonitor.kt|core/execution/src/main/java/com/nexaflow/core/execution/compat/CommandCatalog.kt|core/execution/src/main/java/com/nexaflow/core/execution/compat/EventSource.kt|core/execution/src/main/java/com/nexaflow/core/execution/compat/WorkflowRequirementCatalog.kt|core/execution/src/main/java/com/nexaflow/core/execution/TriggerStateEvaluator.kt,feature/automation-builder/src/main/java/com/nexaflow/feature/builder/TriggerCatalogPresentation.kt|feature/automation-builder/src/main/java/com/nexaflow/feature/builder/TriggerEditorCard.kt,core/execution/src/test/java/com/nexaflow/core/execution/TriggerStateEvaluatorStateTest.kt,core/database Converters + data/mapper/AutomationMapper (shared map serializer),data/repository/CanonicalWorkflowMigrationRunner + database migrations (shared migration path; per-field migration not implied),core/execution compat/WorkflowRequirementCatalog + CommandCatalog + CommandRequirementCatalog; per-node resolution not statically evaluated,DECLARED_NO_STATIC_RUNTIME_READ,See schema source; static literal extraction is incomplete,AutomationNodeCatalog stable id + persisted TriggerType name; workflowVersion in Automation model,NOT_TRACED_BY_THIS_GATE,data/backup/BackupManager (generic workflow encoding; per-field import/export behavior not implied),NOT_TESTED
TRIGGER,DEVICE,deviceName,domain/src/main/java/com/nexaflow/domain/catalog/TriggerNodeSchemas.kt (stringField;required=false-or-derived;sensitive=false-or-derived;default=helper-or-none),NO_STATIC_MATCH,core/automation-engine/src/main/java/com/nexaflow/core/engine/BluetoothMonitor.kt|core/automation-engine/src/main/java/com/nexaflow/core/engine/DeviceEventMonitor.kt|core/execution/src/main/java/com/nexaflow/core/execution/compat/CommandCatalog.kt|core/execution/src/main/java/com/nexaflow/core/execution/compat/EventSource.kt|core/execution/src/main/java/com/nexaflow/core/execution/compat/WorkflowRequirementCatalog.kt|core/execution/src/main/java/com/nexaflow/core/execution/TriggerStateEvaluator.kt,feature/automation-builder/src/main/java/com/nexaflow/feature/builder/TriggerCatalogPresentation.kt|feature/automation-builder/src/main/java/com/nexaflow/feature/builder/TriggerEditorCard.kt|feature/automation-builder/src/main/java/com/nexaflow/feature/builder/TriggerSummary.kt,core/execution/src/test/java/com/nexaflow/core/execution/TriggerStateEvaluatorStateTest.kt|feature/automation-builder/src/test/java/com/nexaflow/feature/builder/PermissionCatalogTest.kt,core/database Converters + data/mapper/AutomationMapper (shared map serializer),data/repository/CanonicalWorkflowMigrationRunner + database migrations (shared migration path; per-field migration not implied),core/execution compat/WorkflowRequirementCatalog + CommandCatalog + CommandRequirementCatalog; per-node resolution not statically evaluated,DECLARED_NO_STATIC_RUNTIME_READ,See schema source; static literal extraction is incomplete,AutomationNodeCatalog stable id + persisted TriggerType name; workflowVersion in Automation model,NOT_TRACED_BY_THIS_GATE,data/backup/BackupManager (generic workflow encoding; per-field import/export behavior not implied),NOT_TESTED
TRIGGER,DEVICE,event,domain/src/main/java/com/nexaflow/domain/catalog/TriggerNodeSchemas.kt (stringField;required=false-or-derived;sensitive=false-or-derived;default=SCREEN_ON),core/automation-engine/src/main/java/com/nexaflow/core/engine/BluetoothMonitor.kt|core/automation-engine/src/main/java/com/nexaflow/core/engine/DeviceEventMonitor.kt|core/execution/src/main/java/com/nexaflow/core/execution/compat/WorkflowRequirementCatalog.kt|core/execution/src/main/java/com/nexaflow/core/execution/TriggerStateEvaluator.kt,core/automation-engine/src/main/java/com/nexaflow/core/engine/BluetoothMonitor.kt|core/automation-engine/src/main/java/com/nexaflow/core/engine/DeviceEventMonitor.kt|core/execution/src/main/java/com/nexaflow/core/execution/compat/CommandCatalog.kt|core/execution/src/main/java/com/nexaflow/core/execution/compat/EventSource.kt|core/execution/src/main/java/com/nexaflow/core/execution/compat/WorkflowRequirementCatalog.kt|core/execution/src/main/java/com/nexaflow/core/execution/TriggerStateEvaluator.kt,feature/automation-builder/src/main/java/com/nexaflow/feature/builder/TriggerCatalogPresentation.kt|feature/automation-builder/src/main/java/com/nexaflow/feature/builder/TriggerEditorCard.kt|feature/automation-builder/src/main/java/com/nexaflow/feature/builder/TriggerSummary.kt,core/automation-engine/src/test/java/com/nexaflow/core/engine/DeviceEventMonitorExitReconcileTest.kt|core/execution/src/test/java/com/nexaflow/core/execution/TriggerStateEvaluatorStateTest.kt|feature/automation-builder/src/test/java/com/nexaflow/feature/builder/PermissionCatalogTest.kt,core/database Converters + data/mapper/AutomationMapper (shared map serializer),data/repository/CanonicalWorkflowMigrationRunner + database migrations (shared migration path; per-field migration not implied),core/execution compat/WorkflowRequirementCatalog + CommandCatalog + CommandRequirementCatalog; per-node resolution not statically evaluated,DECLARED_AND_RUNTIME_READ,See schema source; static literal extraction is incomplete,AutomationNodeCatalog stable id + persisted TriggerType name; workflowVersion in Automation model,NOT_TRACED_BY_THIS_GATE,data/backup/BackupManager (generic workflow encoding; per-field import/export behavior not implied),NOT_TESTED
TRIGGER,CONNECTIVITY,network,domain/src/main/java/com/nexaflow/domain/catalog/TriggerNodeSchemas.kt (enumField;required=false-or-derived;sensitive=false-or-derived;default=WIFI),NO_STATIC_MATCH,core/automation-engine/src/main/java/com/nexaflow/core/engine/ConnectivityMonitor.kt|core/execution/src/main/java/com/nexaflow/core/execution/compat/CommandCatalog.kt|core/execution/src/main/java/com/nexaflow/core/execution/compat/EventSource.kt|core/execution/src/main/java/com/nexaflow/core/execution/compat/WorkflowRequirementCatalog.kt|core/execution/src/main/java/com/nexaflow/core/execution/TriggerStateEvaluator.kt,feature/automation-builder/src/main/java/com/nexaflow/feature/builder/TriggerCatalogPresentation.kt|feature/automation-builder/src/main/java/com/nexaflow/feature/builder/TriggerEditorCard.kt|feature/automation-builder/src/main/java/com/nexaflow/feature/builder/TriggerSummary.kt,core/automation-engine/src/test/java/com/nexaflow/core/engine/ConnectivityMonitorExitReconcileTest.kt,core/database Converters + data/mapper/AutomationMapper (shared map serializer),data/repository/CanonicalWorkflowMigrationRunner + database migrations (shared migration path; per-field migration not implied),core/execution compat/WorkflowRequirementCatalog + CommandCatalog + CommandRequirementCatalog; per-node resolution not statically evaluated,DECLARED_NO_STATIC_RUNTIME_READ,See schema source; static literal extraction is incomplete,AutomationNodeCatalog stable id + persisted TriggerType name; workflowVersion in Automation model,NOT_TRACED_BY_THIS_GATE,data/backup/BackupManager (generic workflow encoding; per-field import/export behavior not implied),NOT_TESTED
TRIGGER,CONNECTIVITY,state,domain/src/main/java/com/nexaflow/domain/catalog/TriggerNodeSchemas.kt (enumField;required=false-or-derived;sensitive=false-or-derived;default=CONNECTED),NO_STATIC_MATCH,core/automation-engine/src/main/java/com/nexaflow/core/engine/ConnectivityMonitor.kt|core/execution/src/main/java/com/nexaflow/core/execution/compat/CommandCatalog.kt|core/execution/src/main/java/com/nexaflow/core/execution/compat/EventSource.kt|core/execution/src/main/java/com/nexaflow/core/execution/compat/WorkflowRequirementCatalog.kt|core/execution/src/main/java/com/nexaflow/core/execution/TriggerStateEvaluator.kt,feature/automation-builder/src/main/java/com/nexaflow/feature/builder/TriggerCatalogPresentation.kt|feature/automation-builder/src/main/java/com/nexaflow/feature/builder/TriggerEditorCard.kt|feature/automation-builder/src/main/java/com/nexaflow/feature/builder/TriggerSummary.kt,core/automation-engine/src/test/java/com/nexaflow/core/engine/ConnectivityMonitorExitReconcileTest.kt|core/execution/src/test/java/com/nexaflow/core/execution/ExecutionEngineDeleteLifecycleTest.kt|core/execution/src/test/java/com/nexaflow/core/execution/ExecutionEngineExitBehaviorTest.kt|feature/automations/src/test/java/com/nexaflow/feature/automations/AutomationDetailsViewModelDeleteTest.kt|feature/dashboard/src/test/java/com/nexaflow/feature/dashboard/DashboardViewModelDeleteTest.kt,core/database Converters + data/mapper/AutomationMapper (shared map serializer),data/repository/CanonicalWorkflowMigrationRunner + database migrations (shared migration path; per-field migration not implied),core/execution compat/WorkflowRequirementCatalog + CommandCatalog + CommandRequirementCatalog; per-node resolution not statically evaluated,DECLARED_NO_STATIC_RUNTIME_READ,See schema source; static literal extraction is incomplete,AutomationNodeCatalog stable id + persisted TriggerType name; workflowVersion in Automation model,NOT_TRACED_BY_THIS_GATE,data/backup/BackupManager (generic workflow encoding; per-field import/export behavior not implied),NOT_TESTED
TRIGGER,WIFI_CONNECTED,state,domain/src/main/java/com/nexaflow/domain/catalog/TriggerNodeSchemas.kt (enumField;required=false-or-derived;sensitive=false-or-derived;default=CONNECTED),NO_STATIC_MATCH,core/automation-engine/src/main/java/com/nexaflow/core/engine/ConnectivityMonitor.kt|core/execution/src/main/java/com/nexaflow/core/execution/compat/CommandCatalog.kt|core/execution/src/main/java/com/nexaflow/core/execution/compat/EventSource.kt|core/execution/src/main/java/com/nexaflow/core/execution/TriggerStateEvaluator.kt,feature/automation-builder/src/main/java/com/nexaflow/feature/builder/TriggerCatalogPresentation.kt|feature/automation-builder/src/main/java/com/nexaflow/feature/builder/TriggerEditorCard.kt|feature/automation-builder/src/main/java/com/nexaflow/feature/builder/TriggerSummary.kt,,core/database Converters + data/mapper/AutomationMapper (shared map serializer),data/repository/CanonicalWorkflowMigrationRunner + database migrations (shared migration path; per-field migration not implied),core/execution compat/WorkflowRequirementCatalog + CommandCatalog + CommandRequirementCatalog; per-node resolution not statically evaluated,DECLARED_NO_STATIC_RUNTIME_READ,See schema source; static literal extraction is incomplete,AutomationNodeCatalog stable id + persisted TriggerType name; workflowVersion in Automation model,NOT_TRACED_BY_THIS_GATE,data/backup/BackupManager (generic workflow encoding; per-field import/export behavior not implied),NOT_TESTED
TRIGGER,MOBILE_DATA_CONNECTED,state,domain/src/main/java/com/nexaflow/domain/catalog/TriggerNodeSchemas.kt (enumField;required=false-or-derived;sensitive=false-or-derived;default=CONNECTED),NO_STATIC_MATCH,core/automation-engine/src/main/java/com/nexaflow/core/engine/ConnectivityMonitor.kt|core/execution/src/main/java/com/nexaflow/core/execution/compat/CommandCatalog.kt|core/execution/src/main/java/com/nexaflow/core/execution/compat/EventSource.kt|core/execution/src/main/java/com/nexaflow/core/execution/TriggerStateEvaluator.kt,feature/automation-builder/src/main/java/com/nexaflow/feature/builder/TriggerCatalogPresentation.kt|feature/automation-builder/src/main/java/com/nexaflow/feature/builder/TriggerEditorCard.kt|feature/automation-builder/src/main/java/com/nexaflow/feature/builder/TriggerSummary.kt,,core/database Converters + data/mapper/AutomationMapper (shared map serializer),data/repository/CanonicalWorkflowMigrationRunner + database migrations (shared migration path; per-field migration not implied),core/execution compat/WorkflowRequirementCatalog + CommandCatalog + CommandRequirementCatalog; per-node resolution not statically evaluated,DECLARED_NO_STATIC_RUNTIME_READ,See schema source; static literal extraction is incomplete,AutomationNodeCatalog stable id + persisted TriggerType name; workflowVersion in Automation model,NOT_TRACED_BY_THIS_GATE,data/backup/BackupManager (generic workflow encoding; per-field import/export behavior not implied),NOT_TESTED
TRIGGER,HOTSPOT,state,domain/src/main/java/com/nexaflow/domain/catalog/TriggerNodeSchemas.kt (enumField;required=false-or-derived;sensitive=false-or-derived;default=ON),NO_STATIC_MATCH,core/automation-engine/src/main/java/com/nexaflow/core/engine/ConnectivityMonitor.kt|core/execution/src/main/java/com/nexaflow/core/execution/compat/CommandCatalog.kt|core/execution/src/main/java/com/nexaflow/core/execution/compat/EventSource.kt|core/execution/src/main/java/com/nexaflow/core/execution/TriggerStateEvaluator.kt,feature/automation-builder/src/main/java/com/nexaflow/feature/builder/TriggerCatalogPresentation.kt|feature/automation-builder/src/main/java/com/nexaflow/feature/builder/TriggerEditorCard.kt|feature/automation-builder/src/main/java/com/nexaflow/feature/builder/TriggerSummary.kt,,core/database Converters + data/mapper/AutomationMapper (shared map serializer),data/repository/CanonicalWorkflowMigrationRunner + database migrations (shared migration path; per-field migration not implied),core/execution compat/WorkflowRequirementCatalog + CommandCatalog + CommandRequirementCatalog; per-node resolution not statically evaluated,DECLARED_NO_STATIC_RUNTIME_READ,See schema source; static literal extraction is incomplete,AutomationNodeCatalog stable id + persisted TriggerType name; workflowVersion in Automation model,NOT_TRACED_BY_THIS_GATE,data/backup/BackupManager (generic workflow encoding; per-field import/export behavior not implied),NOT_TESTED
TRIGGER,LOCATION,event,domain/src/main/java/com/nexaflow/domain/catalog/TriggerNodeSchemas.kt (enumField;required=false-or-derived;sensitive=false-or-derived;default=ENTER),NO_STATIC_MATCH,core/automation-engine/src/main/java/com/nexaflow/core/engine/LocationMonitor.kt|core/automation-engine/src/main/java/com/nexaflow/core/engine/LocationTriggerEvidenceEvaluator.kt|core/execution/src/main/java/com/nexaflow/core/execution/compat/CommandCatalog.kt|core/execution/src/main/java/com/nexaflow/core/execution/compat/CommandCompatibilityEngine.kt|core/execution/src/main/java/com/nexaflow/core/execution/compat/EventSource.kt|core/execution/src/main/java/com/nexaflow/core/execution/compat/WorkflowRequirementCatalog.kt|core/execution/src/main/java/com/nexaflow/core/execution/TriggerStateEvaluator.kt,feature/automation-builder/src/main/java/com/nexaflow/feature/builder/TriggerCatalogPresentation.kt|feature/automation-builder/src/main/java/com/nexaflow/feature/builder/TriggerEditorCard.kt|feature/automation-builder/src/main/java/com/nexaflow/feature/builder/TriggerSummary.kt,core/automation-engine/src/test/java/com/nexaflow/core/engine/LocationMonitorMultiTriggerLifecycleTest.kt|core/automation-engine/src/test/java/com/nexaflow/core/engine/LocationTriggerEvidenceEvaluatorTest.kt,core/database Converters + data/mapper/AutomationMapper (shared map serializer),data/repository/CanonicalWorkflowMigrationRunner + database migrations (shared migration path; per-field migration not implied),core/execution compat/WorkflowRequirementCatalog + CommandCatalog + CommandRequirementCatalog; per-node resolution not statically evaluated,DECLARED_NO_STATIC_RUNTIME_READ,See schema source; static literal extraction is incomplete,AutomationNodeCatalog stable id + persisted TriggerType name; workflowVersion in Automation model,NOT_TRACED_BY_THIS_GATE,data/backup/BackupManager (generic workflow encoding; per-field import/export behavior not implied),NOT_TESTED
TRIGGER,LOCATION,lat,domain/src/main/java/com/nexaflow/domain/catalog/TriggerNodeSchemas.kt (coordinateField;required=true;sensitive=false-or-derived;default=helper-or-none),core/automation-engine/src/main/java/com/nexaflow/core/engine/LocationTriggerEvidenceEvaluator.kt|core/execution/src/main/java/com/nexaflow/core/execution/TriggerStateEvaluator.kt,core/automation-engine/src/main/java/com/nexaflow/core/engine/LocationMonitor.kt|core/automation-engine/src/main/java/com/nexaflow/core/engine/LocationTriggerEvidenceEvaluator.kt|core/execution/src/main/java/com/nexaflow/core/execution/compat/CommandCatalog.kt|core/execution/src/main/java/com/nexaflow/core/execution/compat/CommandCompatibilityEngine.kt|core/execution/src/main/java/com/nexaflow/core/execution/compat/EventSource.kt|core/execution/src/main/java/com/nexaflow/core/execution/compat/WorkflowRequirementCatalog.kt|core/execution/src/main/java/com/nexaflow/core/execution/TriggerStateEvaluator.kt,feature/automation-builder/src/main/java/com/nexaflow/feature/builder/TriggerCatalogPresentation.kt|feature/automation-builder/src/main/java/com/nexaflow/feature/builder/TriggerEditorCard.kt|feature/automation-builder/src/main/java/com/nexaflow/feature/builder/TriggerSummary.kt,core/automation-engine/src/test/java/com/nexaflow/core/engine/LocationMonitorMultiTriggerLifecycleTest.kt|core/automation-engine/src/test/java/com/nexaflow/core/engine/LocationTriggerEvidenceEvaluatorTest.kt,core/database Converters + data/mapper/AutomationMapper (shared map serializer),data/repository/CanonicalWorkflowMigrationRunner + database migrations (shared migration path; per-field migration not implied),core/execution compat/WorkflowRequirementCatalog + CommandCatalog + CommandRequirementCatalog; per-node resolution not statically evaluated,DECLARED_AND_RUNTIME_READ,See schema source; static literal extraction is incomplete,AutomationNodeCatalog stable id + persisted TriggerType name; workflowVersion in Automation model,NOT_TRACED_BY_THIS_GATE,data/backup/BackupManager (generic workflow encoding; per-field import/export behavior not implied),NOT_TESTED
TRIGGER,LOCATION,lng,domain/src/main/java/com/nexaflow/domain/catalog/TriggerNodeSchemas.kt (coordinateField;required=true;sensitive=false-or-derived;default=helper-or-none),core/automation-engine/src/main/java/com/nexaflow/core/engine/LocationTriggerEvidenceEvaluator.kt|core/execution/src/main/java/com/nexaflow/core/execution/TriggerStateEvaluator.kt,core/automation-engine/src/main/java/com/nexaflow/core/engine/LocationMonitor.kt|core/automation-engine/src/main/java/com/nexaflow/core/engine/LocationTriggerEvidenceEvaluator.kt|core/execution/src/main/java/com/nexaflow/core/execution/compat/CommandCatalog.kt|core/execution/src/main/java/com/nexaflow/core/execution/compat/CommandCompatibilityEngine.kt|core/execution/src/main/java/com/nexaflow/core/execution/compat/EventSource.kt|core/execution/src/main/java/com/nexaflow/core/execution/compat/WorkflowRequirementCatalog.kt|core/execution/src/main/java/com/nexaflow/core/execution/TriggerStateEvaluator.kt,feature/automation-builder/src/main/java/com/nexaflow/feature/builder/TriggerCatalogPresentation.kt|feature/automation-builder/src/main/java/com/nexaflow/feature/builder/TriggerEditorCard.kt|feature/automation-builder/src/main/java/com/nexaflow/feature/builder/TriggerSummary.kt,core/automation-engine/src/test/java/com/nexaflow/core/engine/LocationMonitorMultiTriggerLifecycleTest.kt|core/automation-engine/src/test/java/com/nexaflow/core/engine/LocationTriggerEvidenceEvaluatorTest.kt,core/database Converters + data/mapper/AutomationMapper (shared map serializer),data/repository/CanonicalWorkflowMigrationRunner + database migrations (shared migration path; per-field migration not implied),core/execution compat/WorkflowRequirementCatalog + CommandCatalog + CommandRequirementCatalog; per-node resolution not statically evaluated,DECLARED_AND_RUNTIME_READ,See schema source; static literal extraction is incomplete,AutomationNodeCatalog stable id + persisted TriggerType name; workflowVersion in Automation model,NOT_TRACED_BY_THIS_GATE,data/backup/BackupManager (generic workflow encoding; per-field import/export behavior not implied),NOT_TESTED
TRIGGER,LOCATION,radius,domain/src/main/java/com/nexaflow/domain/catalog/TriggerNodeSchemas.kt (integerField;required=false-or-derived;sensitive=false-or-derived;default=100),NO_STATIC_MATCH,core/automation-engine/src/main/java/com/nexaflow/core/engine/LocationMonitor.kt|core/automation-engine/src/main/java/com/nexaflow/core/engine/LocationTriggerEvidenceEvaluator.kt|core/execution/src/main/java/com/nexaflow/core/execution/compat/CommandCatalog.kt|core/execution/src/main/java/com/nexaflow/core/execution/compat/CommandCompatibilityEngine.kt|core/execution/src/main/java/com/nexaflow/core/execution/compat/EventSource.kt|core/execution/src/main/java/com/nexaflow/core/execution/compat/WorkflowRequirementCatalog.kt|core/execution/src/main/java/com/nexaflow/core/execution/TriggerStateEvaluator.kt,feature/automation-builder/src/main/java/com/nexaflow/feature/builder/TriggerCatalogPresentation.kt|feature/automation-builder/src/main/java/com/nexaflow/feature/builder/TriggerEditorCard.kt|feature/automation-builder/src/main/java/com/nexaflow/feature/builder/TriggerSummary.kt,core/automation-engine/src/test/java/com/nexaflow/core/engine/LocationMonitorMultiTriggerLifecycleTest.kt|core/automation-engine/src/test/java/com/nexaflow/core/engine/LocationTriggerEvidenceEvaluatorTest.kt,core/database Converters + data/mapper/AutomationMapper (shared map serializer),data/repository/CanonicalWorkflowMigrationRunner + database migrations (shared migration path; per-field migration not implied),core/execution compat/WorkflowRequirementCatalog + CommandCatalog + CommandRequirementCatalog; per-node resolution not statically evaluated,DECLARED_NO_STATIC_RUNTIME_READ,See schema source; static literal extraction is incomplete,AutomationNodeCatalog stable id + persisted TriggerType name; workflowVersion in Automation model,NOT_TRACED_BY_THIS_GATE,data/backup/BackupManager (generic workflow encoding; per-field import/export behavior not implied),NOT_TESTED
TRIGGER,LOCATION,source,domain/src/main/java/com/nexaflow/domain/catalog/TriggerNodeSchemas.kt (enumField;required=false-or-derived;sensitive=false-or-derived;default=current),NO_STATIC_MATCH,core/automation-engine/src/main/java/com/nexaflow/core/engine/LocationMonitor.kt|core/automation-engine/src/main/java/com/nexaflow/core/engine/LocationTriggerEvidenceEvaluator.kt|core/execution/src/main/java/com/nexaflow/core/execution/compat/CommandCatalog.kt|core/execution/src/main/java/com/nexaflow/core/execution/compat/CommandCompatibilityEngine.kt|core/execution/src/main/java/com/nexaflow/core/execution/compat/EventSource.kt|core/execution/src/main/java/com/nexaflow/core/execution/compat/WorkflowRequirementCatalog.kt|core/execution/src/main/java/com/nexaflow/core/execution/TriggerStateEvaluator.kt,feature/automation-builder/src/main/java/com/nexaflow/feature/builder/TriggerCatalogPresentation.kt|feature/automation-builder/src/main/java/com/nexaflow/feature/builder/TriggerEditorCard.kt,core/automation-engine/src/test/java/com/nexaflow/core/engine/LocationMonitorMultiTriggerLifecycleTest.kt|core/automation-engine/src/test/java/com/nexaflow/core/engine/LocationTriggerEvidenceEvaluatorTest.kt,core/database Converters + data/mapper/AutomationMapper (shared map serializer),data/repository/CanonicalWorkflowMigrationRunner + database migrations (shared migration path; per-field migration not implied),core/execution compat/WorkflowRequirementCatalog + CommandCatalog + CommandRequirementCatalog; per-node resolution not statically evaluated,DECLARED_NO_STATIC_RUNTIME_READ,See schema source; static literal extraction is incomplete,AutomationNodeCatalog stable id + persisted TriggerType name; workflowVersion in Automation model,NOT_TRACED_BY_THIS_GATE,data/backup/BackupManager (generic workflow encoding; per-field import/export behavior not implied),NOT_TESTED
TRIGGER,SMS,contains,domain/src/main/java/com/nexaflow/domain/catalog/TriggerNodeSchemas.kt (stringField;required=false-or-derived;sensitive=false-or-derived;default=helper-or-none),core/automation-engine/src/main/java/com/nexaflow/core/engine/SmsTriggerMatcher.kt|core/execution/src/main/java/com/nexaflow/core/execution/TriggerStateEvaluator.kt,core/automation-engine/src/main/java/com/nexaflow/core/engine/SmsTriggerMatcher.kt|core/execution/src/main/java/com/nexaflow/core/execution/compat/CommandCatalog.kt|core/execution/src/main/java/com/nexaflow/core/execution/compat/CommandCompatibilityEngine.kt|core/execution/src/main/java/com/nexaflow/core/execution/compat/EventSource.kt|core/execution/src/main/java/com/nexaflow/core/execution/compat/WorkflowRequirementCatalog.kt|core/execution/src/main/java/com/nexaflow/core/execution/TriggerStateEvaluator.kt,feature/automation-builder/src/main/java/com/nexaflow/feature/builder/TriggerCatalogPresentation.kt|feature/automation-builder/src/main/java/com/nexaflow/feature/builder/TriggerEditorCard.kt|feature/automation-builder/src/main/java/com/nexaflow/feature/builder/TriggerSummary.kt,core/automation-engine/src/test/java/com/nexaflow/core/engine/SmsTriggerMatcherTest.kt|core/execution/src/test/java/com/nexaflow/core/execution/ExecutionEngineConcurrentAdmissionTest.kt|core/execution/src/test/java/com/nexaflow/core/execution/ExecutionEngineTriggerMatchTest.kt|core/execution/src/test/java/com/nexaflow/core/execution/TriggerExpressionEvaluatorTest.kt|core/execution/src/test/java/com/nexaflow/core/execution/TriggerMatchPolicyTest.kt|feature/automation-builder/src/test/java/com/nexaflow/feature/builder/TriggerDefaultsTest.kt,core/database Converters + data/mapper/AutomationMapper (shared map serializer),data/repository/CanonicalWorkflowMigrationRunner + database migrations (shared migration path; per-field migration not implied),core/execution compat/WorkflowRequirementCatalog + CommandCatalog + CommandRequirementCatalog; per-node resolution not statically evaluated,DECLARED_AND_RUNTIME_READ,See schema source; static literal extraction is incomplete,AutomationNodeCatalog stable id + persisted TriggerType name; workflowVersion in Automation model,NOT_TRACED_BY_THIS_GATE,data/backup/BackupManager (generic workflow encoding; per-field import/export behavior not implied),NOT_TESTED
TRIGGER,SMS,from,domain/src/main/java/com/nexaflow/domain/catalog/TriggerNodeSchemas.kt (stringField;required=false-or-derived;sensitive=false-or-derived;default=helper-or-none),core/automation-engine/src/main/java/com/nexaflow/core/engine/SmsTriggerMatcher.kt|core/execution/src/main/java/com/nexaflow/core/execution/TriggerStateEvaluator.kt,core/automation-engine/src/main/java/com/nexaflow/core/engine/SmsTriggerMatcher.kt|core/execution/src/main/java/com/nexaflow/core/execution/compat/CommandCatalog.kt|core/execution/src/main/java/com/nexaflow/core/execution/compat/CommandCompatibilityEngine.kt|core/execution/src/main/java/com/nexaflow/core/execution/compat/EventSource.kt|core/execution/src/main/java/com/nexaflow/core/execution/compat/WorkflowRequirementCatalog.kt|core/execution/src/main/java/com/nexaflow/core/execution/TriggerStateEvaluator.kt,feature/automation-builder/src/main/java/com/nexaflow/feature/builder/TriggerCatalogPresentation.kt|feature/automation-builder/src/main/java/com/nexaflow/feature/builder/TriggerEditorCard.kt|feature/automation-builder/src/main/java/com/nexaflow/feature/builder/TriggerSummary.kt,core/automation-engine/src/test/java/com/nexaflow/core/engine/CallPolicyEvaluatorTest.kt|core/automation-engine/src/test/java/com/nexaflow/core/engine/SmsTriggerMatcherTest.kt|core/execution/src/test/java/com/nexaflow/core/execution/TriggerExpressionEvaluatorTest.kt|core/execution/src/test/java/com/nexaflow/core/execution/TriggerMatchPolicyTest.kt|feature/automation-builder/src/test/java/com/nexaflow/feature/builder/TriggerDefaultsTest.kt,core/database Converters + data/mapper/AutomationMapper (shared map serializer),data/repository/CanonicalWorkflowMigrationRunner + database migrations (shared migration path; per-field migration not implied),core/execution compat/WorkflowRequirementCatalog + CommandCatalog + CommandRequirementCatalog; per-node resolution not statically evaluated,DECLARED_AND_RUNTIME_READ,See schema source; static literal extraction is incomplete,AutomationNodeCatalog stable id + persisted TriggerType name; workflowVersion in Automation model,NOT_TRACED_BY_THIS_GATE,data/backup/BackupManager (generic workflow encoding; per-field import/export behavior not implied),NOT_TESTED
TRIGGER,SMS,matchMode,domain/src/main/java/com/nexaflow/domain/catalog/TriggerNodeSchemas.kt (enumField;required=false-or-derived;sensitive=false-or-derived;default=CONTAINS),core/automation-engine/src/main/java/com/nexaflow/core/engine/SmsTriggerMatcher.kt,core/automation-engine/src/main/java/com/nexaflow/core/engine/SmsTriggerMatcher.kt|core/execution/src/main/java/com/nexaflow/core/execution/compat/CommandCatalog.kt|core/execution/src/main/java/com/nexaflow/core/execution/compat/CommandCompatibilityEngine.kt|core/execution/src/main/java/com/nexaflow/core/execution/compat/EventSource.kt|core/execution/src/main/java/com/nexaflow/core/execution/compat/WorkflowRequirementCatalog.kt|core/execution/src/main/java/com/nexaflow/core/execution/TriggerStateEvaluator.kt,feature/automation-builder/src/main/java/com/nexaflow/feature/builder/TriggerCatalogPresentation.kt|feature/automation-builder/src/main/java/com/nexaflow/feature/builder/TriggerEditorCard.kt|feature/automation-builder/src/main/java/com/nexaflow/feature/builder/TriggerSummary.kt,core/automation-engine/src/test/java/com/nexaflow/core/engine/CallPolicyEvaluatorTest.kt|core/automation-engine/src/test/java/com/nexaflow/core/engine/SmsTriggerMatcherTest.kt|feature/automation-builder/src/test/java/com/nexaflow/feature/builder/TriggerDefaultsTest.kt,core/database Converters + data/mapper/AutomationMapper (shared map serializer),data/repository/CanonicalWorkflowMigrationRunner + database migrations (shared migration path; per-field migration not implied),core/execution compat/WorkflowRequirementCatalog + CommandCatalog + CommandRequirementCatalog; per-node resolution not statically evaluated,DECLARED_AND_RUNTIME_READ,See schema source; static literal extraction is incomplete,AutomationNodeCatalog stable id + persisted TriggerType name; workflowVersion in Automation model,NOT_TRACED_BY_THIS_GATE,data/backup/BackupManager (generic workflow encoding; per-field import/export behavior not implied),NOT_TESTED
TRIGGER,BLUETOOTH_DEVICE,deviceAddress,domain/src/main/java/com/nexaflow/domain/catalog/TriggerNodeSchemas.kt (stringField;required=false-or-derived;sensitive=false-or-derived;default=helper-or-none),NO_STATIC_MATCH,core/automation-engine/src/main/java/com/nexaflow/core/engine/BluetoothMonitor.kt|core/execution/src/main/java/com/nexaflow/core/execution/compat/CommandCatalog.kt|core/execution/src/main/java/com/nexaflow/core/execution/compat/CommandCompatibilityEngine.kt|core/execution/src/main/java/com/nexaflow/core/execution/compat/EventSource.kt|core/execution/src/main/java/com/nexaflow/core/execution/compat/WorkflowRequirementCatalog.kt|core/execution/src/main/java/com/nexaflow/core/execution/TriggerStateEvaluator.kt,feature/automation-builder/src/main/java/com/nexaflow/feature/builder/TriggerCatalogPresentation.kt|feature/automation-builder/src/main/java/com/nexaflow/feature/builder/TriggerEditorCard.kt,core/automation-engine/src/test/java/com/nexaflow/core/engine/BluetoothMonitorLifecycleTest.kt,core/database Converters + data/mapper/AutomationMapper (shared map serializer),data/repository/CanonicalWorkflowMigrationRunner + database migrations (shared migration path; per-field migration not implied),core/execution compat/WorkflowRequirementCatalog + CommandCatalog + CommandRequirementCatalog; per-node resolution not statically evaluated,DECLARED_NO_STATIC_RUNTIME_READ,See schema source; static literal extraction is incomplete,AutomationNodeCatalog stable id + persisted TriggerType name; workflowVersion in Automation model,NOT_TRACED_BY_THIS_GATE,data/backup/BackupManager (generic workflow encoding; per-field import/export behavior not implied),NOT_TESTED
TRIGGER,BLUETOOTH_DEVICE,deviceName,domain/src/main/java/com/nexaflow/domain/catalog/TriggerNodeSchemas.kt (stringField;required=false-or-derived;sensitive=false-or-derived;default=helper-or-none),core/automation-engine/src/main/java/com/nexaflow/core/engine/BluetoothMonitor.kt|core/execution/src/main/java/com/nexaflow/core/execution/TriggerStateEvaluator.kt,core/automation-engine/src/main/java/com/nexaflow/core/engine/BluetoothMonitor.kt|core/execution/src/main/java/com/nexaflow/core/execution/compat/CommandCatalog.kt|core/execution/src/main/java/com/nexaflow/core/execution/compat/CommandCompatibilityEngine.kt|core/execution/src/main/java/com/nexaflow/core/execution/compat/EventSource.kt|core/execution/src/main/java/com/nexaflow/core/execution/compat/WorkflowRequirementCatalog.kt|core/execution/src/main/java/com/nexaflow/core/execution/TriggerStateEvaluator.kt,feature/automation-builder/src/main/java/com/nexaflow/feature/builder/TriggerCatalogPresentation.kt|feature/automation-builder/src/main/java/com/nexaflow/feature/builder/TriggerEditorCard.kt|feature/automation-builder/src/main/java/com/nexaflow/feature/builder/TriggerSummary.kt,core/automation-engine/src/test/java/com/nexaflow/core/engine/BluetoothMonitorLifecycleTest.kt|feature/automation-builder/src/test/java/com/nexaflow/feature/builder/PermissionCatalogTest.kt,core/database Converters + data/mapper/AutomationMapper (shared map serializer),data/repository/CanonicalWorkflowMigrationRunner + database migrations (shared migration path; per-field migration not implied),core/execution compat/WorkflowRequirementCatalog + CommandCatalog + CommandRequirementCatalog; per-node resolution not statically evaluated,DECLARED_AND_RUNTIME_READ,See schema source; static literal extraction is incomplete,AutomationNodeCatalog stable id + persisted TriggerType name; workflowVersion in Automation model,NOT_TRACED_BY_THIS_GATE,data/backup/BackupManager (generic workflow encoding; per-field import/export behavior not implied),NOT_TESTED
TRIGGER,BLUETOOTH_DEVICE,event,domain/src/main/java/com/nexaflow/domain/catalog/TriggerNodeSchemas.kt (enumField;required=false-or-derived;sensitive=false-or-derived;default=CONNECTED),core/automation-engine/src/main/java/com/nexaflow/core/engine/BluetoothMonitor.kt|core/execution/src/main/java/com/nexaflow/core/execution/compat/WorkflowRequirementCatalog.kt|core/execution/src/main/java/com/nexaflow/core/execution/TriggerStateEvaluator.kt,core/automation-engine/src/main/java/com/nexaflow/core/engine/BluetoothMonitor.kt|core/execution/src/main/java/com/nexaflow/core/execution/compat/CommandCatalog.kt|core/execution/src/main/java/com/nexaflow/core/execution/compat/CommandCompatibilityEngine.kt|core/execution/src/main/java/com/nexaflow/core/execution/compat/EventSource.kt|core/execution/src/main/java/com/nexaflow/core/execution/compat/WorkflowRequirementCatalog.kt|core/execution/src/main/java/com/nexaflow/core/execution/TriggerStateEvaluator.kt,feature/automation-builder/src/main/java/com/nexaflow/feature/builder/TriggerCatalogPresentation.kt|feature/automation-builder/src/main/java/com/nexaflow/feature/builder/TriggerEditorCard.kt|feature/automation-builder/src/main/java/com/nexaflow/feature/builder/TriggerSummary.kt,core/automation-engine/src/test/java/com/nexaflow/core/engine/BluetoothMonitorLifecycleTest.kt|feature/automation-builder/src/test/java/com/nexaflow/feature/builder/PermissionCatalogTest.kt,core/database Converters + data/mapper/AutomationMapper (shared map serializer),data/repository/CanonicalWorkflowMigrationRunner + database migrations (shared migration path; per-field migration not implied),core/execution compat/WorkflowRequirementCatalog + CommandCatalog + CommandRequirementCatalog; per-node resolution not statically evaluated,DECLARED_AND_RUNTIME_READ,See schema source; static literal extraction is incomplete,AutomationNodeCatalog stable id + persisted TriggerType name; workflowVersion in Automation model,NOT_TRACED_BY_THIS_GATE,data/backup/BackupManager (generic workflow encoding; per-field import/export behavior not implied),NOT_TESTED
TRIGGER,RINGER_MODE,mode,domain/src/main/java/com/nexaflow/domain/catalog/TriggerNodeSchemas.kt (enumField;required=false-or-derived;sensitive=false-or-derived;default=NORMAL),NO_STATIC_MATCH,core/automation-engine/src/main/java/com/nexaflow/core/engine/RingerModeMonitor.kt|core/execution/src/main/java/com/nexaflow/core/execution/compat/CommandCatalog.kt|core/execution/src/main/java/com/nexaflow/core/execution/compat/EventSource.kt|core/execution/src/main/java/com/nexaflow/core/execution/TriggerStateEvaluator.kt,feature/automation-builder/src/main/java/com/nexaflow/feature/builder/TriggerCatalogPresentation.kt|feature/automation-builder/src/main/java/com/nexaflow/feature/builder/TriggerEditorCard.kt|feature/automation-builder/src/main/java/com/nexaflow/feature/builder/TriggerSummary.kt,core/automation-engine/src/test/java/com/nexaflow/core/engine/RingerModeMonitorExitReconcileTest.kt,core/database Converters + data/mapper/AutomationMapper (shared map serializer),data/repository/CanonicalWorkflowMigrationRunner + database migrations (shared migration path; per-field migration not implied),core/execution compat/WorkflowRequirementCatalog + CommandCatalog + CommandRequirementCatalog; per-node resolution not statically evaluated,DECLARED_NO_STATIC_RUNTIME_READ,See schema source; static literal extraction is incomplete,AutomationNodeCatalog stable id + persisted TriggerType name; workflowVersion in Automation model,NOT_TRACED_BY_THIS_GATE,data/backup/BackupManager (generic workflow encoding; per-field import/export behavior not implied),NOT_TESTED
TRIGGER,NETWORK_MODE,state,domain/src/main/java/com/nexaflow/domain/catalog/TriggerNodeSchemas.kt (enumField;required=false-or-derived;sensitive=false-or-derived;default=4G),NO_STATIC_MATCH,core/automation-engine/src/main/java/com/nexaflow/core/engine/ConnectivityMonitor.kt|core/execution/src/main/java/com/nexaflow/core/execution/compat/CommandCatalog.kt|core/execution/src/main/java/com/nexaflow/core/execution/compat/CommandCompatibilityEngine.kt|core/execution/src/main/java/com/nexaflow/core/execution/compat/EventSource.kt|core/execution/src/main/java/com/nexaflow/core/execution/compat/WorkflowRequirementCatalog.kt|core/execution/src/main/java/com/nexaflow/core/execution/TriggerStateEvaluator.kt,feature/automation-builder/src/main/java/com/nexaflow/feature/builder/TriggerCatalogPresentation.kt|feature/automation-builder/src/main/java/com/nexaflow/feature/builder/TriggerEditorCard.kt|feature/automation-builder/src/main/java/com/nexaflow/feature/builder/TriggerSummary.kt,,core/database Converters + data/mapper/AutomationMapper (shared map serializer),data/repository/CanonicalWorkflowMigrationRunner + database migrations (shared migration path; per-field migration not implied),core/execution compat/WorkflowRequirementCatalog + CommandCatalog + CommandRequirementCatalog; per-node resolution not statically evaluated,DECLARED_NO_STATIC_RUNTIME_READ,See schema source; static literal extraction is incomplete,AutomationNodeCatalog stable id + persisted TriggerType name; workflowVersion in Automation model,NOT_TRACED_BY_THIS_GATE,data/backup/BackupManager (generic workflow encoding; per-field import/export behavior not implied),NOT_TESTED
TRIGGER,NOTIFICATION,contains,domain/src/main/java/com/nexaflow/domain/catalog/TriggerNodeSchemas.kt (stringField;required=false-or-derived;sensitive=false-or-derived;default=helper-or-none),NO_STATIC_MATCH,core/automation-engine/src/main/java/com/nexaflow/core/engine/NotificationTriggerMonitor.kt|core/execution/src/main/java/com/nexaflow/core/execution/compat/CommandCatalog.kt|core/execution/src/main/java/com/nexaflow/core/execution/compat/EventSource.kt|core/execution/src/main/java/com/nexaflow/core/execution/compat/WorkflowRequirementCatalog.kt|core/execution/src/main/java/com/nexaflow/core/execution/TriggerStateEvaluator.kt,feature/automation-builder/src/main/java/com/nexaflow/feature/builder/TriggerCatalogPresentation.kt|feature/automation-builder/src/main/java/com/nexaflow/feature/builder/TriggerEditorCard.kt|feature/automation-builder/src/main/java/com/nexaflow/feature/builder/TriggerSummary.kt,core/execution/src/test/java/com/nexaflow/core/execution/TriggerExpressionEvaluatorTest.kt|core/execution/src/test/java/com/nexaflow/core/execution/TriggerMatchPolicyTest.kt|data/src/test/java/com/nexaflow/data/mapper/AutomationMapperTest.kt,core/database Converters + data/mapper/AutomationMapper (shared map serializer),data/repository/CanonicalWorkflowMigrationRunner + database migrations (shared migration path; per-field migration not implied),core/execution compat/WorkflowRequirementCatalog + CommandCatalog + CommandRequirementCatalog; per-node resolution not statically evaluated,DECLARED_NO_STATIC_RUNTIME_READ,See schema source; static literal extraction is incomplete,AutomationNodeCatalog stable id + persisted TriggerType name; workflowVersion in Automation model,NOT_TRACED_BY_THIS_GATE,data/backup/BackupManager (generic workflow encoding; per-field import/export behavior not implied),NOT_TESTED
TRIGGER,NOTIFICATION,event,domain/src/main/java/com/nexaflow/domain/catalog/TriggerNodeSchemas.kt (enumField;required=false-or-derived;sensitive=false-or-derived;default=POSTED),NO_STATIC_MATCH,core/automation-engine/src/main/java/com/nexaflow/core/engine/NotificationTriggerMonitor.kt|core/execution/src/main/java/com/nexaflow/core/execution/compat/CommandCatalog.kt|core/execution/src/main/java/com/nexaflow/core/execution/compat/EventSource.kt|core/execution/src/main/java/com/nexaflow/core/execution/compat/WorkflowRequirementCatalog.kt|core/execution/src/main/java/com/nexaflow/core/execution/TriggerStateEvaluator.kt,feature/automation-builder/src/main/java/com/nexaflow/feature/builder/TriggerCatalogPresentation.kt|feature/automation-builder/src/main/java/com/nexaflow/feature/builder/TriggerEditorCard.kt|feature/automation-builder/src/main/java/com/nexaflow/feature/builder/TriggerSummary.kt,core/automation-engine/src/test/java/com/nexaflow/core/engine/NotificationTriggerMonitorLifecycleTest.kt|core/execution/src/test/java/com/nexaflow/core/execution/TriggerMatchPolicyTest.kt|data/src/test/java/com/nexaflow/data/mapper/AutomationMapperTest.kt|feature/automation-builder/src/test/java/com/nexaflow/feature/builder/PermissionCatalogTest.kt,core/database Converters + data/mapper/AutomationMapper (shared map serializer),data/repository/CanonicalWorkflowMigrationRunner + database migrations (shared migration path; per-field migration not implied),core/execution compat/WorkflowRequirementCatalog + CommandCatalog + CommandRequirementCatalog; per-node resolution not statically evaluated,DECLARED_NO_STATIC_RUNTIME_READ,See schema source; static literal extraction is incomplete,AutomationNodeCatalog stable id + persisted TriggerType name; workflowVersion in Automation model,NOT_TRACED_BY_THIS_GATE,data/backup/BackupManager (generic workflow encoding; per-field import/export behavior not implied),NOT_TESTED
TRIGGER,NOTIFICATION,package,domain/src/main/java/com/nexaflow/domain/catalog/TriggerNodeSchemas.kt (packageField;required=false-or-derived;sensitive=false-or-derived;default=helper-or-none),core/automation-engine/src/main/java/com/nexaflow/core/engine/NotificationTriggerMonitor.kt|core/execution/src/main/java/com/nexaflow/core/execution/TriggerStateEvaluator.kt,core/automation-engine/src/main/java/com/nexaflow/core/engine/NotificationTriggerMonitor.kt|core/execution/src/main/java/com/nexaflow/core/execution/compat/CommandCatalog.kt|core/execution/src/main/java/com/nexaflow/core/execution/compat/EventSource.kt|core/execution/src/main/java/com/nexaflow/core/execution/compat/WorkflowRequirementCatalog.kt|core/execution/src/main/java/com/nexaflow/core/execution/TriggerStateEvaluator.kt,feature/automation-builder/src/main/java/com/nexaflow/feature/builder/TriggerCatalogPresentation.kt|feature/automation-builder/src/main/java/com/nexaflow/feature/builder/TriggerEditorCard.kt|feature/automation-builder/src/main/java/com/nexaflow/feature/builder/TriggerSummary.kt,data/src/test/java/com/nexaflow/data/mapper/AutomationMapperTest.kt,core/database Converters + data/mapper/AutomationMapper (shared map serializer),data/repository/CanonicalWorkflowMigrationRunner + database migrations (shared migration path; per-field migration not implied),core/execution compat/WorkflowRequirementCatalog + CommandCatalog + CommandRequirementCatalog; per-node resolution not statically evaluated,DECLARED_AND_RUNTIME_READ,See schema source; static literal extraction is incomplete,AutomationNodeCatalog stable id + persisted TriggerType name; workflowVersion in Automation model,NOT_TRACED_BY_THIS_GATE,data/backup/BackupManager (generic workflow encoding; per-field import/export behavior not implied),NOT_TESTED
TRIGGER,NOTIFICATION,packages,domain/src/main/java/com/nexaflow/domain/catalog/TriggerNodeSchemas.kt (stringField;required=false-or-derived;sensitive=false-or-derived;default=helper-or-none),core/automation-engine/src/main/java/com/nexaflow/core/engine/NotificationTriggerMonitor.kt|core/execution/src/main/java/com/nexaflow/core/execution/TriggerStateEvaluator.kt,core/automation-engine/src/main/java/com/nexaflow/core/engine/NotificationTriggerMonitor.kt|core/execution/src/main/java/com/nexaflow/core/execution/compat/CommandCatalog.kt|core/execution/src/main/java/com/nexaflow/core/execution/compat/EventSource.kt|core/execution/src/main/java/com/nexaflow/core/execution/compat/WorkflowRequirementCatalog.kt|core/execution/src/main/java/com/nexaflow/core/execution/TriggerStateEvaluator.kt,feature/automation-builder/src/main/java/com/nexaflow/feature/builder/TriggerCatalogPresentation.kt|feature/automation-builder/src/main/java/com/nexaflow/feature/builder/TriggerEditorCard.kt|feature/automation-builder/src/main/java/com/nexaflow/feature/builder/TriggerSummary.kt,core/automation-engine/src/test/java/com/nexaflow/core/engine/NotificationTriggerMonitorLifecycleTest.kt|data/src/test/java/com/nexaflow/data/mapper/AutomationMapperTest.kt,core/database Converters + data/mapper/AutomationMapper (shared map serializer),data/repository/CanonicalWorkflowMigrationRunner + database migrations (shared migration path; per-field migration not implied),core/execution compat/WorkflowRequirementCatalog + CommandCatalog + CommandRequirementCatalog; per-node resolution not statically evaluated,DECLARED_AND_RUNTIME_READ,See schema source; static literal extraction is incomplete,AutomationNodeCatalog stable id + persisted TriggerType name; workflowVersion in Automation model,NOT_TRACED_BY_THIS_GATE,data/backup/BackupManager (generic workflow encoding; per-field import/export behavior not implied),NOT_TESTED
TRIGGER,CALENDAR,beforeMinutes,domain/src/main/java/com/nexaflow/domain/catalog/TriggerNodeSchemas.kt (integerField;required=false-or-derived;sensitive=false-or-derived;default=0),NO_STATIC_MATCH,core/automation-engine/src/main/java/com/nexaflow/core/engine/CalendarMonitor.kt|core/execution/src/main/java/com/nexaflow/core/execution/compat/CommandCatalog.kt|core/execution/src/main/java/com/nexaflow/core/execution/compat/EventSource.kt|core/execution/src/main/java/com/nexaflow/core/execution/compat/WorkflowRequirementCatalog.kt|core/execution/src/main/java/com/nexaflow/core/execution/TriggerStateEvaluator.kt,feature/automation-builder/src/main/java/com/nexaflow/feature/builder/TriggerCatalogPresentation.kt|feature/automation-builder/src/main/java/com/nexaflow/feature/builder/TriggerEditorCard.kt,data/src/test/java/com/nexaflow/data/mapper/AutomationMapperTest.kt,core/database Converters + data/mapper/AutomationMapper (shared map serializer),data/repository/CanonicalWorkflowMigrationRunner + database migrations (shared migration path; per-field migration not implied),core/execution compat/WorkflowRequirementCatalog + CommandCatalog + CommandRequirementCatalog; per-node resolution not statically evaluated,DECLARED_NO_STATIC_RUNTIME_READ,See schema source; static literal extraction is incomplete,AutomationNodeCatalog stable id + persisted TriggerType name; workflowVersion in Automation model,NOT_TRACED_BY_THIS_GATE,data/backup/BackupManager (generic workflow encoding; per-field import/export behavior not implied),NOT_TESTED
TRIGGER,CALENDAR,calendar,domain/src/main/java/com/nexaflow/domain/catalog/TriggerNodeSchemas.kt (stringField;required=false-or-derived;sensitive=false-or-derived;default=helper-or-none),NO_STATIC_MATCH,core/automation-engine/src/main/java/com/nexaflow/core/engine/CalendarMonitor.kt|core/execution/src/main/java/com/nexaflow/core/execution/compat/CommandCatalog.kt|core/execution/src/main/java/com/nexaflow/core/execution/compat/EventSource.kt|core/execution/src/main/java/com/nexaflow/core/execution/compat/WorkflowRequirementCatalog.kt|core/execution/src/main/java/com/nexaflow/core/execution/TriggerStateEvaluator.kt,feature/automation-builder/src/main/java/com/nexaflow/feature/builder/TriggerCatalogPresentation.kt|feature/automation-builder/src/main/java/com/nexaflow/feature/builder/TriggerEditorCard.kt|feature/automation-builder/src/main/java/com/nexaflow/feature/builder/TriggerSummary.kt,core/automation-engine/src/test/java/com/nexaflow/core/engine/CalendarMonitorExitReconcileTest.kt|data/src/test/java/com/nexaflow/data/mapper/AutomationMapperTest.kt,core/database Converters + data/mapper/AutomationMapper (shared map serializer),data/repository/CanonicalWorkflowMigrationRunner + database migrations (shared migration path; per-field migration not implied),core/execution compat/WorkflowRequirementCatalog + CommandCatalog + CommandRequirementCatalog; per-node resolution not statically evaluated,DECLARED_NO_STATIC_RUNTIME_READ,See schema source; static literal extraction is incomplete,AutomationNodeCatalog stable id + persisted TriggerType name; workflowVersion in Automation model,NOT_TRACED_BY_THIS_GATE,data/backup/BackupManager (generic workflow encoding; per-field import/export behavior not implied),NOT_TESTED
TRIGGER,CALENDAR,contains,domain/src/main/java/com/nexaflow/domain/catalog/TriggerNodeSchemas.kt (stringField;required=false-or-derived;sensitive=false-or-derived;default=helper-or-none),NO_STATIC_MATCH,core/automation-engine/src/main/java/com/nexaflow/core/engine/CalendarMonitor.kt|core/execution/src/main/java/com/nexaflow/core/execution/compat/CommandCatalog.kt|core/execution/src/main/java/com/nexaflow/core/execution/compat/EventSource.kt|core/execution/src/main/java/com/nexaflow/core/execution/compat/WorkflowRequirementCatalog.kt|core/execution/src/main/java/com/nexaflow/core/execution/TriggerStateEvaluator.kt,feature/automation-builder/src/main/java/com/nexaflow/feature/builder/TriggerCatalogPresentation.kt|feature/automation-builder/src/main/java/com/nexaflow/feature/builder/TriggerEditorCard.kt|feature/automation-builder/src/main/java/com/nexaflow/feature/builder/TriggerSummary.kt,core/automation-engine/src/test/java/com/nexaflow/core/engine/CalendarMonitorExitReconcileTest.kt|data/src/test/java/com/nexaflow/data/mapper/AutomationMapperTest.kt,core/database Converters + data/mapper/AutomationMapper (shared map serializer),data/repository/CanonicalWorkflowMigrationRunner + database migrations (shared migration path; per-field migration not implied),core/execution compat/WorkflowRequirementCatalog + CommandCatalog + CommandRequirementCatalog; per-node resolution not statically evaluated,DECLARED_NO_STATIC_RUNTIME_READ,See schema source; static literal extraction is incomplete,AutomationNodeCatalog stable id + persisted TriggerType name; workflowVersion in Automation model,NOT_TRACED_BY_THIS_GATE,data/backup/BackupManager (generic workflow encoding; per-field import/export behavior not implied),NOT_TESTED
TRIGGER,CALENDAR,event,domain/src/main/java/com/nexaflow/domain/catalog/TriggerNodeSchemas.kt (stringField;required=false-or-derived;sensitive=false-or-derived;default=EVENT_START),NO_STATIC_MATCH,core/automation-engine/src/main/java/com/nexaflow/core/engine/CalendarMonitor.kt|core/execution/src/main/java/com/nexaflow/core/execution/compat/CommandCatalog.kt|core/execution/src/main/java/com/nexaflow/core/execution/compat/EventSource.kt|core/execution/src/main/java/com/nexaflow/core/execution/compat/WorkflowRequirementCatalog.kt|core/execution/src/main/java/com/nexaflow/core/execution/TriggerStateEvaluator.kt,feature/automation-builder/src/main/java/com/nexaflow/feature/builder/TriggerCatalogPresentation.kt|feature/automation-builder/src/main/java/com/nexaflow/feature/builder/TriggerEditorCard.kt|feature/automation-builder/src/main/java/com/nexaflow/feature/builder/TriggerSummary.kt,core/automation-engine/src/test/java/com/nexaflow/core/engine/CalendarMonitorExitReconcileTest.kt|data/src/test/java/com/nexaflow/data/mapper/AutomationMapperTest.kt,core/database Converters + data/mapper/AutomationMapper (shared map serializer),data/repository/CanonicalWorkflowMigrationRunner + database migrations (shared migration path; per-field migration not implied),core/execution compat/WorkflowRequirementCatalog + CommandCatalog + CommandRequirementCatalog; per-node resolution not statically evaluated,DECLARED_NO_STATIC_RUNTIME_READ,See schema source; static literal extraction is incomplete,AutomationNodeCatalog stable id + persisted TriggerType name; workflowVersion in Automation model,NOT_TRACED_BY_THIS_GATE,data/backup/BackupManager (generic workflow encoding; per-field import/export behavior not implied),NOT_TESTED
TRIGGER,SENSOR,event,domain/src/main/java/com/nexaflow/domain/catalog/TriggerNodeSchemas.kt (stringField;required=false-or-derived;sensitive=false-or-derived;default=COVERED),core/automation-engine/src/main/java/com/nexaflow/core/engine/SensorTriggerMatcher.kt|core/execution/src/main/java/com/nexaflow/core/execution/compat/WorkflowRequirementCatalog.kt|core/execution/src/main/java/com/nexaflow/core/execution/TriggerStateEvaluator.kt,core/automation-engine/src/main/java/com/nexaflow/core/engine/SensorMonitor.kt|core/automation-engine/src/main/java/com/nexaflow/core/engine/SensorTriggerMatcher.kt|core/execution/src/main/java/com/nexaflow/core/execution/compat/CommandCatalog.kt|core/execution/src/main/java/com/nexaflow/core/execution/compat/CommandCompatibilityEngine.kt|core/execution/src/main/java/com/nexaflow/core/execution/compat/EventSource.kt|core/execution/src/main/java/com/nexaflow/core/execution/compat/WorkflowRequirementCatalog.kt|core/execution/src/main/java/com/nexaflow/core/execution/TriggerStateEvaluator.kt,feature/automation-builder/src/main/java/com/nexaflow/feature/builder/TriggerCatalogPresentation.kt|feature/automation-builder/src/main/java/com/nexaflow/feature/builder/TriggerEditorCard.kt|feature/automation-builder/src/main/java/com/nexaflow/feature/builder/TriggerSummary.kt,core/automation-engine/src/test/java/com/nexaflow/core/engine/SensorMonitorLifecycleTest.kt|core/automation-engine/src/test/java/com/nexaflow/core/engine/SensorTriggerMatcherTest.kt|domain/src/test/java/com/nexaflow/domain/catalog/AutomationNodeCatalogTest.kt,core/database Converters + data/mapper/AutomationMapper (shared map serializer),data/repository/CanonicalWorkflowMigrationRunner + database migrations (shared migration path; per-field migration not implied),core/execution compat/WorkflowRequirementCatalog + CommandCatalog + CommandRequirementCatalog; per-node resolution not statically evaluated,DECLARED_AND_RUNTIME_READ,See schema source; static literal extraction is incomplete,AutomationNodeCatalog stable id + persisted TriggerType name; workflowVersion in Automation model,NOT_TRACED_BY_THIS_GATE,data/backup/BackupManager (generic workflow encoding; per-field import/export behavior not implied),NOT_TESTED
TRIGGER,SENSOR,sensitivity,domain/src/main/java/com/nexaflow/domain/catalog/TriggerNodeSchemas.kt (decimalField;required=false-or-derived;sensitive=false-or-derived;default=14),core/automation-engine/src/main/java/com/nexaflow/core/engine/SensorTriggerMatcher.kt,core/automation-engine/src/main/java/com/nexaflow/core/engine/SensorMonitor.kt|core/automation-engine/src/main/java/com/nexaflow/core/engine/SensorTriggerMatcher.kt|core/execution/src/main/java/com/nexaflow/core/execution/compat/CommandCatalog.kt|core/execution/src/main/java/com/nexaflow/core/execution/compat/CommandCompatibilityEngine.kt|core/execution/src/main/java/com/nexaflow/core/execution/compat/EventSource.kt|core/execution/src/main/java/com/nexaflow/core/execution/compat/WorkflowRequirementCatalog.kt|core/execution/src/main/java/com/nexaflow/core/execution/TriggerStateEvaluator.kt,feature/automation-builder/src/main/java/com/nexaflow/feature/builder/TriggerCatalogPresentation.kt|feature/automation-builder/src/main/java/com/nexaflow/feature/builder/TriggerEditorCard.kt,core/automation-engine/src/test/java/com/nexaflow/core/engine/SensorTriggerMatcherTest.kt|core/database/src/test/java/com/nexaflow/core/database/ConvertersCompatTest.kt,core/database Converters + data/mapper/AutomationMapper (shared map serializer),data/repository/CanonicalWorkflowMigrationRunner + database migrations (shared migration path; per-field migration not implied),core/execution compat/WorkflowRequirementCatalog + CommandCatalog + CommandRequirementCatalog; per-node resolution not statically evaluated,DECLARED_AND_RUNTIME_READ,See schema source; static literal extraction is incomplete,AutomationNodeCatalog stable id + persisted TriggerType name; workflowVersion in Automation model,NOT_TRACED_BY_THIS_GATE,data/backup/BackupManager (generic workflow encoding; per-field import/export behavior not implied),NOT_TESTED
TRIGGER,SENSOR,sensor,domain/src/main/java/com/nexaflow/domain/catalog/TriggerNodeSchemas.kt (enumField;required=false-or-derived;sensitive=false-or-derived;default=PROXIMITY),core/automation-engine/src/main/java/com/nexaflow/core/engine/SensorMonitor.kt|core/automation-engine/src/main/java/com/nexaflow/core/engine/SensorTriggerMatcher.kt|core/execution/src/main/java/com/nexaflow/core/execution/compat/EventSource.kt,core/automation-engine/src/main/java/com/nexaflow/core/engine/SensorMonitor.kt|core/automation-engine/src/main/java/com/nexaflow/core/engine/SensorTriggerMatcher.kt|core/execution/src/main/java/com/nexaflow/core/execution/compat/CommandCatalog.kt|core/execution/src/main/java/com/nexaflow/core/execution/compat/CommandCompatibilityEngine.kt|core/execution/src/main/java/com/nexaflow/core/execution/compat/EventSource.kt|core/execution/src/main/java/com/nexaflow/core/execution/compat/WorkflowRequirementCatalog.kt|core/execution/src/main/java/com/nexaflow/core/execution/TriggerStateEvaluator.kt,feature/automation-builder/src/main/java/com/nexaflow/feature/builder/TriggerCatalogPresentation.kt|feature/automation-builder/src/main/java/com/nexaflow/feature/builder/TriggerEditorCard.kt|feature/automation-builder/src/main/java/com/nexaflow/feature/builder/TriggerSummary.kt,core/automation-engine/src/test/java/com/nexaflow/core/engine/SensorMonitorLifecycleTest.kt|core/automation-engine/src/test/java/com/nexaflow/core/engine/SensorTriggerMatcherTest.kt|core/database/src/test/java/com/nexaflow/core/database/ConvertersCompatTest.kt|domain/src/test/java/com/nexaflow/domain/catalog/AutomationNodeCatalogTest.kt|domain/src/test/java/com/nexaflow/domain/workflow/AutomationDagCompilerTest.kt,core/database Converters + data/mapper/AutomationMapper (shared map serializer),data/repository/CanonicalWorkflowMigrationRunner + database migrations (shared migration path; per-field migration not implied),core/execution compat/WorkflowRequirementCatalog + CommandCatalog + CommandRequirementCatalog; per-node resolution not statically evaluated,DECLARED_AND_RUNTIME_READ,See schema source; static literal extraction is incomplete,AutomationNodeCatalog stable id + persisted TriggerType name; workflowVersion in Automation model,NOT_TRACED_BY_THIS_GATE,data/backup/BackupManager (generic workflow encoding; per-field import/export behavior not implied),NOT_TESTED
TRIGGER,SENSOR,threshold,domain/src/main/java/com/nexaflow/domain/catalog/TriggerNodeSchemas.kt (decimalField;required=false-or-derived;sensitive=false-or-derived;default=200),core/automation-engine/src/main/java/com/nexaflow/core/engine/SensorTriggerMatcher.kt|core/execution/src/main/java/com/nexaflow/core/execution/TriggerStateEvaluator.kt,core/automation-engine/src/main/java/com/nexaflow/core/engine/SensorMonitor.kt|core/automation-engine/src/main/java/com/nexaflow/core/engine/SensorTriggerMatcher.kt|core/execution/src/main/java/com/nexaflow/core/execution/compat/CommandCatalog.kt|core/execution/src/main/java/com/nexaflow/core/execution/compat/CommandCompatibilityEngine.kt|core/execution/src/main/java/com/nexaflow/core/execution/compat/EventSource.kt|core/execution/src/main/java/com/nexaflow/core/execution/compat/WorkflowRequirementCatalog.kt|core/execution/src/main/java/com/nexaflow/core/execution/TriggerStateEvaluator.kt,feature/automation-builder/src/main/java/com/nexaflow/feature/builder/TriggerCatalogPresentation.kt|feature/automation-builder/src/main/java/com/nexaflow/feature/builder/TriggerEditorCard.kt|feature/automation-builder/src/main/java/com/nexaflow/feature/builder/TriggerSummary.kt,core/automation-engine/src/test/java/com/nexaflow/core/engine/SensorMonitorLifecycleTest.kt|core/automation-engine/src/test/java/com/nexaflow/core/engine/SensorTriggerMatcherTest.kt,core/database Converters + data/mapper/AutomationMapper (shared map serializer),data/repository/CanonicalWorkflowMigrationRunner + database migrations (shared migration path; per-field migration not implied),core/execution compat/WorkflowRequirementCatalog + CommandCatalog + CommandRequirementCatalog; per-node resolution not statically evaluated,DECLARED_AND_RUNTIME_READ,See schema source; static literal extraction is incomplete,AutomationNodeCatalog stable id + persisted TriggerType name; workflowVersion in Automation model,NOT_TRACED_BY_THIS_GATE,data/backup/BackupManager (generic workflow encoding; per-field import/export behavior not implied),NOT_TESTED
TRIGGER,SENSOR,upperThreshold,domain/src/main/java/com/nexaflow/domain/catalog/TriggerNodeSchemas.kt (decimalField;required=false-or-derived;sensitive=false-or-derived;default=helper-or-none),NO_STATIC_MATCH,core/automation-engine/src/main/java/com/nexaflow/core/engine/SensorMonitor.kt|core/automation-engine/src/main/java/com/nexaflow/core/engine/SensorTriggerMatcher.kt|core/execution/src/main/java/com/nexaflow/core/execution/compat/CommandCatalog.kt|core/execution/src/main/java/com/nexaflow/core/execution/compat/CommandCompatibilityEngine.kt|core/execution/src/main/java/com/nexaflow/core/execution/compat/EventSource.kt|core/execution/src/main/java/com/nexaflow/core/execution/compat/WorkflowRequirementCatalog.kt|core/execution/src/main/java/com/nexaflow/core/execution/TriggerStateEvaluator.kt,feature/automation-builder/src/main/java/com/nexaflow/feature/builder/TriggerEditorCard.kt,core/automation-engine/src/test/java/com/nexaflow/core/engine/SensorTriggerMatcherTest.kt|domain/src/test/java/com/nexaflow/domain/catalog/AutomationNodeCatalogTest.kt,core/database Converters + data/mapper/AutomationMapper (shared map serializer),data/repository/CanonicalWorkflowMigrationRunner + database migrations (shared migration path; per-field migration not implied),core/execution compat/WorkflowRequirementCatalog + CommandCatalog + CommandRequirementCatalog; per-node resolution not statically evaluated,DECLARED_NO_STATIC_RUNTIME_READ,See schema source; static literal extraction is incomplete,AutomationNodeCatalog stable id + persisted TriggerType name; workflowVersion in Automation model,NOT_TRACED_BY_THIS_GATE,data/backup/BackupManager (generic workflow encoding; per-field import/export behavior not implied),NOT_TESTED
TRIGGER,WEBHOOK,method,domain/src/main/java/com/nexaflow/domain/catalog/TriggerNodeSchemas.kt (enumField;required=false-or-derived;sensitive=false-or-derived;default=POST),core/automation-engine/src/main/java/com/nexaflow/core/engine/WebhookTriggerMatcher.kt,core/automation-engine/src/main/java/com/nexaflow/core/engine/WebhookServer.kt|core/automation-engine/src/main/java/com/nexaflow/core/engine/WebhookTriggerMatcher.kt|core/execution/src/main/java/com/nexaflow/core/execution/compat/CommandCatalog.kt|core/execution/src/main/java/com/nexaflow/core/execution/compat/EventSource.kt|core/execution/src/main/java/com/nexaflow/core/execution/TriggerStateEvaluator.kt,feature/automation-builder/src/main/java/com/nexaflow/feature/builder/TriggerCatalogPresentation.kt|feature/automation-builder/src/main/java/com/nexaflow/feature/builder/TriggerEditorCard.kt|feature/automation-builder/src/main/java/com/nexaflow/feature/builder/TriggerSummary.kt,core/automation-engine/src/test/java/com/nexaflow/core/engine/WebhookTriggerMatcherTest.kt|core/database/src/test/java/com/nexaflow/core/database/ConvertersCompatTest.kt|domain/src/test/java/com/nexaflow/domain/catalog/AutomationNodeCatalogTest.kt,core/database Converters + data/mapper/AutomationMapper (shared map serializer),data/repository/CanonicalWorkflowMigrationRunner + database migrations (shared migration path; per-field migration not implied),core/execution compat/WorkflowRequirementCatalog + CommandCatalog + CommandRequirementCatalog; per-node resolution not statically evaluated,DECLARED_AND_RUNTIME_READ,See schema source; static literal extraction is incomplete,AutomationNodeCatalog stable id + persisted TriggerType name; workflowVersion in Automation model,NOT_TRACED_BY_THIS_GATE,data/backup/BackupManager (generic workflow encoding; per-field import/export behavior not implied),NOT_TESTED
TRIGGER,WEBHOOK,path,domain/src/main/java/com/nexaflow/domain/catalog/TriggerNodeSchemas.kt (stringField;required=true;sensitive=false-or-derived;default=/nexaflow),core/automation-engine/src/main/java/com/nexaflow/core/engine/WebhookTriggerMatcher.kt,core/automation-engine/src/main/java/com/nexaflow/core/engine/WebhookServer.kt|core/automation-engine/src/main/java/com/nexaflow/core/engine/WebhookTriggerMatcher.kt|core/execution/src/main/java/com/nexaflow/core/execution/compat/CommandCatalog.kt|core/execution/src/main/java/com/nexaflow/core/execution/compat/EventSource.kt|core/execution/src/main/java/com/nexaflow/core/execution/TriggerStateEvaluator.kt,feature/automation-builder/src/main/java/com/nexaflow/feature/builder/TriggerCatalogPresentation.kt|feature/automation-builder/src/main/java/com/nexaflow/feature/builder/TriggerEditorCard.kt|feature/automation-builder/src/main/java/com/nexaflow/feature/builder/TriggerSummary.kt,core/automation-control/src/test/java/com/nexaflow/core/automationcontrol/risk/AgentRiskEvaluatorTest.kt|core/automation-engine/src/test/java/com/nexaflow/core/engine/WebhookTriggerMatcherTest.kt|core/database/src/test/java/com/nexaflow/core/database/ConvertersCompatTest.kt|data/src/test/java/com/nexaflow/data/backup/BackupManagerTest.kt,core/database Converters + data/mapper/AutomationMapper (shared map serializer),data/repository/CanonicalWorkflowMigrationRunner + database migrations (shared migration path; per-field migration not implied),core/execution compat/WorkflowRequirementCatalog + CommandCatalog + CommandRequirementCatalog; per-node resolution not statically evaluated,DECLARED_AND_RUNTIME_READ,See schema source; static literal extraction is incomplete,AutomationNodeCatalog stable id + persisted TriggerType name; workflowVersion in Automation model,NOT_TRACED_BY_THIS_GATE,data/backup/BackupManager (generic workflow encoding; per-field import/export behavior not implied),NOT_TESTED
TRIGGER,WEBHOOK,token,domain/src/main/java/com/nexaflow/domain/catalog/TriggerNodeSchemas.kt (secretField;required=true;sensitive=true;default=helper-or-none),core/automation-engine/src/main/java/com/nexaflow/core/engine/WebhookTriggerMatcher.kt,core/automation-engine/src/main/java/com/nexaflow/core/engine/WebhookServer.kt|core/automation-engine/src/main/java/com/nexaflow/core/engine/WebhookTriggerMatcher.kt|core/execution/src/main/java/com/nexaflow/core/execution/compat/CommandCatalog.kt|core/execution/src/main/java/com/nexaflow/core/execution/compat/EventSource.kt|core/execution/src/main/java/com/nexaflow/core/execution/TriggerStateEvaluator.kt,feature/automation-builder/src/main/java/com/nexaflow/feature/builder/TriggerCatalogPresentation.kt|feature/automation-builder/src/main/java/com/nexaflow/feature/builder/TriggerEditorCard.kt,core/automation-engine/src/test/java/com/nexaflow/core/engine/WebhookTriggerMatcherTest.kt|data/src/test/java/com/nexaflow/data/backup/BackupManagerTest.kt|domain/src/test/java/com/nexaflow/domain/catalog/AutomationNodeCatalogTest.kt,core/database Converters + data/mapper/AutomationMapper (shared map serializer),data/repository/CanonicalWorkflowMigrationRunner + database migrations (shared migration path; per-field migration not implied),core/execution compat/WorkflowRequirementCatalog + CommandCatalog + CommandRequirementCatalog; per-node resolution not statically evaluated,DECLARED_AND_RUNTIME_READ,See schema source; static literal extraction is incomplete,AutomationNodeCatalog stable id + persisted TriggerType name; workflowVersion in Automation model,NOT_TRACED_BY_THIS_GATE,data/backup/BackupManager (generic workflow encoding; per-field import/export behavior not implied),NOT_TESTED
TRIGGER,ROM_SETTING,key,domain/src/main/java/com/nexaflow/domain/catalog/TriggerNodeSchemas.kt (stringField;required=true;sensitive=false-or-derived;default=helper-or-none),NO_STATIC_MATCH,core/automation-engine/src/main/java/com/nexaflow/core/engine/RomSettingMonitor.kt|core/execution/src/main/java/com/nexaflow/core/execution/compat/CommandCatalog.kt|core/execution/src/main/java/com/nexaflow/core/execution/compat/EventSource.kt|core/execution/src/main/java/com/nexaflow/core/execution/TriggerStateEvaluator.kt,feature/automation-builder/src/main/java/com/nexaflow/feature/builder/TriggerCatalogPresentation.kt|feature/automation-builder/src/main/java/com/nexaflow/feature/builder/TriggerEditorCard.kt|feature/automation-builder/src/main/java/com/nexaflow/feature/builder/TriggerSummary.kt,core/automation-engine/src/test/java/com/nexaflow/core/engine/RomSettingMonitorTest.kt,core/database Converters + data/mapper/AutomationMapper (shared map serializer),data/repository/CanonicalWorkflowMigrationRunner + database migrations (shared migration path; per-field migration not implied),core/execution compat/WorkflowRequirementCatalog + CommandCatalog + CommandRequirementCatalog; per-node resolution not statically evaluated,DECLARED_NO_STATIC_RUNTIME_READ,See schema source; static literal extraction is incomplete,AutomationNodeCatalog stable id + persisted TriggerType name; workflowVersion in Automation model,NOT_TRACED_BY_THIS_GATE,data/backup/BackupManager (generic workflow encoding; per-field import/export behavior not implied),NOT_TESTED
TRIGGER,ROM_SETTING,namespace,domain/src/main/java/com/nexaflow/domain/catalog/TriggerNodeSchemas.kt (enumField;required=false-or-derived;sensitive=false-or-derived;default=SYSTEM),NO_STATIC_MATCH,core/automation-engine/src/main/java/com/nexaflow/core/engine/RomSettingMonitor.kt|core/execution/src/main/java/com/nexaflow/core/execution/compat/CommandCatalog.kt|core/execution/src/main/java/com/nexaflow/core/execution/compat/EventSource.kt|core/execution/src/main/java/com/nexaflow/core/execution/TriggerStateEvaluator.kt,feature/automation-builder/src/main/java/com/nexaflow/feature/builder/TriggerCatalogPresentation.kt|feature/automation-builder/src/main/java/com/nexaflow/feature/builder/TriggerEditorCard.kt,core/automation-engine/src/test/java/com/nexaflow/core/engine/RomSettingMonitorTest.kt,core/database Converters + data/mapper/AutomationMapper (shared map serializer),data/repository/CanonicalWorkflowMigrationRunner + database migrations (shared migration path; per-field migration not implied),core/execution compat/WorkflowRequirementCatalog + CommandCatalog + CommandRequirementCatalog; per-node resolution not statically evaluated,DECLARED_NO_STATIC_RUNTIME_READ,See schema source; static literal extraction is incomplete,AutomationNodeCatalog stable id + persisted TriggerType name; workflowVersion in Automation model,NOT_TRACED_BY_THIS_GATE,data/backup/BackupManager (generic workflow encoding; per-field import/export behavior not implied),NOT_TESTED
TRIGGER,ROM_SETTING,operator,domain/src/main/java/com/nexaflow/domain/catalog/TriggerNodeSchemas.kt (enumField;required=false-or-derived;sensitive=false-or-derived;default=EQUALS),NO_STATIC_MATCH,core/automation-engine/src/main/java/com/nexaflow/core/engine/RomSettingMonitor.kt|core/execution/src/main/java/com/nexaflow/core/execution/compat/CommandCatalog.kt|core/execution/src/main/java/com/nexaflow/core/execution/compat/EventSource.kt|core/execution/src/main/java/com/nexaflow/core/execution/TriggerStateEvaluator.kt,feature/automation-builder/src/main/java/com/nexaflow/feature/builder/TriggerCatalogPresentation.kt|feature/automation-builder/src/main/java/com/nexaflow/feature/builder/TriggerEditorCard.kt,core/automation-engine/src/test/java/com/nexaflow/core/engine/RomSettingMonitorTest.kt,core/database Converters + data/mapper/AutomationMapper (shared map serializer),data/repository/CanonicalWorkflowMigrationRunner + database migrations (shared migration path; per-field migration not implied),core/execution compat/WorkflowRequirementCatalog + CommandCatalog + CommandRequirementCatalog; per-node resolution not statically evaluated,DECLARED_NO_STATIC_RUNTIME_READ,See schema source; static literal extraction is incomplete,AutomationNodeCatalog stable id + persisted TriggerType name; workflowVersion in Automation model,NOT_TRACED_BY_THIS_GATE,data/backup/BackupManager (generic workflow encoding; per-field import/export behavior not implied),NOT_TESTED
TRIGGER,ROM_SETTING,value,domain/src/main/java/com/nexaflow/domain/catalog/TriggerNodeSchemas.kt (stringField;required=false-or-derived;sensitive=false-or-derived;default=helper-or-none),NO_STATIC_MATCH,core/automation-engine/src/main/java/com/nexaflow/core/engine/RomSettingMonitor.kt|core/execution/src/main/java/com/nexaflow/core/execution/compat/CommandCatalog.kt|core/execution/src/main/java/com/nexaflow/core/execution/compat/EventSource.kt|core/execution/src/main/java/com/nexaflow/core/execution/TriggerStateEvaluator.kt,feature/automation-builder/src/main/java/com/nexaflow/feature/builder/TriggerCatalogPresentation.kt|feature/automation-builder/src/main/java/com/nexaflow/feature/builder/TriggerEditorCard.kt|feature/automation-builder/src/main/java/com/nexaflow/feature/builder/TriggerSummary.kt,core/automation-engine/src/test/java/com/nexaflow/core/engine/RomSettingMonitorTest.kt,core/database Converters + data/mapper/AutomationMapper (shared map serializer),data/repository/CanonicalWorkflowMigrationRunner + database migrations (shared migration path; per-field migration not implied),core/execution compat/WorkflowRequirementCatalog + CommandCatalog + CommandRequirementCatalog; per-node resolution not statically evaluated,DECLARED_NO_STATIC_RUNTIME_READ,See schema source; static literal extraction is incomplete,AutomationNodeCatalog stable id + persisted TriggerType name; workflowVersion in Automation model,NOT_TRACED_BY_THIS_GATE,data/backup/BackupManager (generic workflow encoding; per-field import/export behavior not implied),NOT_TESTED
TRIGGER,HEADPHONE,event,domain/src/main/java/com/nexaflow/domain/catalog/TriggerNodeSchemas.kt (enumField;required=false-or-derived;sensitive=false-or-derived;default=CONNECTED),NO_STATIC_MATCH,core/automation-engine/src/main/java/com/nexaflow/core/engine/DeviceEventMonitor.kt|core/execution/src/main/java/com/nexaflow/core/execution/compat/CommandCatalog.kt|core/execution/src/main/java/com/nexaflow/core/execution/compat/EventSource.kt|core/execution/src/main/java/com/nexaflow/core/execution/TriggerStateEvaluator.kt,feature/automation-builder/src/main/java/com/nexaflow/feature/builder/TriggerCatalogPresentation.kt|feature/automation-builder/src/main/java/com/nexaflow/feature/builder/TriggerEditorCard.kt|feature/automation-builder/src/main/java/com/nexaflow/feature/builder/TriggerSummary.kt,,core/database Converters + data/mapper/AutomationMapper (shared map serializer),data/repository/CanonicalWorkflowMigrationRunner + database migrations (shared migration path; per-field migration not implied),core/execution compat/WorkflowRequirementCatalog + CommandCatalog + CommandRequirementCatalog; per-node resolution not statically evaluated,DECLARED_NO_STATIC_RUNTIME_READ,See schema source; static literal extraction is incomplete,AutomationNodeCatalog stable id + persisted TriggerType name; workflowVersion in Automation model,NOT_TRACED_BY_THIS_GATE,data/backup/BackupManager (generic workflow encoding; per-field import/export behavior not implied),NOT_TESTED
TRIGGER,CHARGER,event,domain/src/main/java/com/nexaflow/domain/catalog/TriggerNodeSchemas.kt (enumField;required=false-or-derived;sensitive=false-or-derived;default=CONNECTED),NO_STATIC_MATCH,core/automation-engine/src/main/java/com/nexaflow/core/engine/BatteryMonitor.kt|core/execution/src/main/java/com/nexaflow/core/execution/compat/CommandCatalog.kt|core/execution/src/main/java/com/nexaflow/core/execution/compat/EventSource.kt|core/execution/src/main/java/com/nexaflow/core/execution/TriggerStateEvaluator.kt,feature/automation-builder/src/main/java/com/nexaflow/feature/builder/TriggerCatalogPresentation.kt|feature/automation-builder/src/main/java/com/nexaflow/feature/builder/TriggerEditorCard.kt|feature/automation-builder/src/main/java/com/nexaflow/feature/builder/TriggerSummary.kt,core/automation-engine/src/test/java/com/nexaflow/core/engine/BatteryMonitorExitReconcileTest.kt|core/execution/src/test/java/com/nexaflow/core/execution/AutomationRunListenerTest.kt|core/execution/src/test/java/com/nexaflow/core/execution/ChargerTriggerStateTest.kt|core/execution/src/test/java/com/nexaflow/core/execution/compat/CanonicalRuntimeCutoverAdapterTest.kt|core/execution/src/test/java/com/nexaflow/core/execution/ExecutionEngineTriggerMatchTest.kt|core/execution/src/test/java/com/nexaflow/core/execution/TriggerMatchPolicyTest.kt,core/database Converters + data/mapper/AutomationMapper (shared map serializer),data/repository/CanonicalWorkflowMigrationRunner + database migrations (shared migration path; per-field migration not implied),core/execution compat/WorkflowRequirementCatalog + CommandCatalog + CommandRequirementCatalog; per-node resolution not statically evaluated,DECLARED_NO_STATIC_RUNTIME_READ,See schema source; static literal extraction is incomplete,AutomationNodeCatalog stable id + persisted TriggerType name; workflowVersion in Automation model,NOT_TRACED_BY_THIS_GATE,data/backup/BackupManager (generic workflow encoding; per-field import/export behavior not implied),NOT_TESTED
TRIGGER,AIRPLANE_MODE,state,domain/src/main/java/com/nexaflow/domain/catalog/TriggerNodeSchemas.kt (enumField;required=false-or-derived;sensitive=false-or-derived;default=ON),NO_STATIC_MATCH,core/automation-engine/src/main/java/com/nexaflow/core/engine/AirplaneModeMonitor.kt|core/execution/src/main/java/com/nexaflow/core/execution/compat/CommandCatalog.kt|core/execution/src/main/java/com/nexaflow/core/execution/compat/EventSource.kt|core/execution/src/main/java/com/nexaflow/core/execution/TriggerStateEvaluator.kt,feature/automation-builder/src/main/java/com/nexaflow/feature/builder/TriggerCatalogPresentation.kt|feature/automation-builder/src/main/java/com/nexaflow/feature/builder/TriggerEditorCard.kt|feature/automation-builder/src/main/java/com/nexaflow/feature/builder/TriggerSummary.kt,core/automation-engine/src/test/java/com/nexaflow/core/engine/AirplaneDarkMonitorExitReconcileTest.kt|core/execution/src/test/java/com/nexaflow/core/execution/ExecutionEngineTriggerMatchTest.kt,core/database Converters + data/mapper/AutomationMapper (shared map serializer),data/repository/CanonicalWorkflowMigrationRunner + database migrations (shared migration path; per-field migration not implied),core/execution compat/WorkflowRequirementCatalog + CommandCatalog + CommandRequirementCatalog; per-node resolution not statically evaluated,DECLARED_NO_STATIC_RUNTIME_READ,See schema source; static literal extraction is incomplete,AutomationNodeCatalog stable id + persisted TriggerType name; workflowVersion in Automation model,NOT_TRACED_BY_THIS_GATE,data/backup/BackupManager (generic workflow encoding; per-field import/export behavior not implied),NOT_TESTED
TRIGGER,DARK_MODE,state,domain/src/main/java/com/nexaflow/domain/catalog/TriggerNodeSchemas.kt (enumField;required=false-or-derived;sensitive=false-or-derived;default=ON),NO_STATIC_MATCH,core/automation-engine/src/main/java/com/nexaflow/core/engine/DarkModeMonitor.kt|core/execution/src/main/java/com/nexaflow/core/execution/compat/CommandCatalog.kt|core/execution/src/main/java/com/nexaflow/core/execution/compat/EventSource.kt|core/execution/src/main/java/com/nexaflow/core/execution/TriggerStateEvaluator.kt,feature/automation-builder/src/main/java/com/nexaflow/feature/builder/TriggerCatalogPresentation.kt|feature/automation-builder/src/main/java/com/nexaflow/feature/builder/TriggerEditorCard.kt|feature/automation-builder/src/main/java/com/nexaflow/feature/builder/TriggerSummary.kt,core/automation-engine/src/test/java/com/nexaflow/core/engine/AirplaneDarkMonitorExitReconcileTest.kt|core/automation-engine/src/test/java/com/nexaflow/core/engine/AutomationAlarmReceiverTimeRangeExecutionTest.kt|core/execution/src/test/java/com/nexaflow/core/execution/ExecutionEngineConstraintsTest.kt|core/execution/src/test/java/com/nexaflow/core/execution/ExecutionEngineTriggerMatchTest.kt|core/execution/src/test/java/com/nexaflow/core/execution/TriggerExpressionEvaluatorTest.kt|core/execution/src/test/java/com/nexaflow/core/execution/TriggerMatchPolicyTest.kt|feature/dashboard/src/test/java/com/nexaflow/feature/dashboard/ManualAdmissionPolicyTest.kt|feature/dashboard/src/test/java/com/nexaflow/feature/dashboard/RoutineCardDetailsTest.kt,core/database Converters + data/mapper/AutomationMapper (shared map serializer),data/repository/CanonicalWorkflowMigrationRunner + database migrations (shared migration path; per-field migration not implied),core/execution compat/WorkflowRequirementCatalog + CommandCatalog + CommandRequirementCatalog; per-node resolution not statically evaluated,DECLARED_NO_STATIC_RUNTIME_READ,See schema source; static literal extraction is incomplete,AutomationNodeCatalog stable id + persisted TriggerType name; workflowVersion in Automation model,NOT_TRACED_BY_THIS_GATE,data/backup/BackupManager (generic workflow encoding; per-field import/export behavior not implied),NOT_TESTED
TRIGGER,CALL_STATE,event,domain/src/main/java/com/nexaflow/domain/catalog/TriggerNodeSchemas.kt (enumField;required=false-or-derived;sensitive=false-or-derived;default=INCOMING),NO_STATIC_MATCH,core/automation-engine/src/main/java/com/nexaflow/core/engine/CallStateMonitor.kt|core/execution/src/main/java/com/nexaflow/core/execution/compat/CommandCatalog.kt|core/execution/src/main/java/com/nexaflow/core/execution/compat/CommandCompatibilityEngine.kt|core/execution/src/main/java/com/nexaflow/core/execution/compat/EventSource.kt|core/execution/src/main/java/com/nexaflow/core/execution/TriggerStateEvaluator.kt,feature/automation-builder/src/main/java/com/nexaflow/feature/builder/TriggerCatalogPresentation.kt|feature/automation-builder/src/main/java/com/nexaflow/feature/builder/TriggerEditorCard.kt|feature/automation-builder/src/main/java/com/nexaflow/feature/builder/TriggerSummary.kt,core/automation-engine/src/test/java/com/nexaflow/core/engine/CallStateMonitorLifecycleTest.kt,core/database Converters + data/mapper/AutomationMapper (shared map serializer),data/repository/CanonicalWorkflowMigrationRunner + database migrations (shared migration path; per-field migration not implied),core/execution compat/WorkflowRequirementCatalog + CommandCatalog + CommandRequirementCatalog; per-node resolution not statically evaluated,DECLARED_NO_STATIC_RUNTIME_READ,See schema source; static literal extraction is incomplete,AutomationNodeCatalog stable id + persisted TriggerType name; workflowVersion in Automation model,NOT_TRACED_BY_THIS_GATE,data/backup/BackupManager (generic workflow encoding; per-field import/export behavior not implied),NOT_TESTED
TRIGGER,INCOMING_CALL,category,domain/src/main/java/com/nexaflow/domain/catalog/TriggerNodeSchemas.kt (enumField;required=false-or-derived;sensitive=false-or-derived;default=ANY),NO_STATIC_MATCH,core/automation-engine/src/main/java/com/nexaflow/core/engine/CallPolicyEvaluator.kt|core/automation-engine/src/main/java/com/nexaflow/core/engine/NexaCallScreeningService.kt|core/execution/src/main/java/com/nexaflow/core/execution/compat/CommandCatalog.kt|core/execution/src/main/java/com/nexaflow/core/execution/compat/CommandCompatibilityEngine.kt|core/execution/src/main/java/com/nexaflow/core/execution/compat/EventSource.kt|core/execution/src/main/java/com/nexaflow/core/execution/compat/WorkflowRequirementCatalog.kt|core/execution/src/main/java/com/nexaflow/core/execution/TriggerStateEvaluator.kt,feature/automation-builder/src/main/java/com/nexaflow/feature/builder/TriggerCatalogPresentation.kt|feature/automation-builder/src/main/java/com/nexaflow/feature/builder/TriggerEditorCard.kt|feature/automation-builder/src/main/java/com/nexaflow/feature/builder/TriggerSummary.kt,core/automation-engine/src/test/java/com/nexaflow/core/engine/CallPolicyEvaluatorTest.kt,core/database Converters + data/mapper/AutomationMapper (shared map serializer),data/repository/CanonicalWorkflowMigrationRunner + database migrations (shared migration path; per-field migration not implied),core/execution compat/WorkflowRequirementCatalog + CommandCatalog + CommandRequirementCatalog; per-node resolution not statically evaluated,DECLARED_NO_STATIC_RUNTIME_READ,See schema source; static literal extraction is incomplete,AutomationNodeCatalog stable id + persisted TriggerType name; workflowVersion in Automation model,NOT_TRACED_BY_THIS_GATE,data/backup/BackupManager (generic workflow encoding; per-field import/export behavior not implied),NOT_TESTED
TRIGGER,INCOMING_CALL,from,domain/src/main/java/com/nexaflow/domain/catalog/TriggerNodeSchemas.kt (stringField;required=false-or-derived;sensitive=false-or-derived;default=helper-or-none),NO_STATIC_MATCH,core/automation-engine/src/main/java/com/nexaflow/core/engine/CallPolicyEvaluator.kt|core/automation-engine/src/main/java/com/nexaflow/core/engine/NexaCallScreeningService.kt|core/execution/src/main/java/com/nexaflow/core/execution/compat/CommandCatalog.kt|core/execution/src/main/java/com/nexaflow/core/execution/compat/CommandCompatibilityEngine.kt|core/execution/src/main/java/com/nexaflow/core/execution/compat/EventSource.kt|core/execution/src/main/java/com/nexaflow/core/execution/compat/WorkflowRequirementCatalog.kt|core/execution/src/main/java/com/nexaflow/core/execution/TriggerStateEvaluator.kt,feature/automation-builder/src/main/java/com/nexaflow/feature/builder/TriggerCatalogPresentation.kt|feature/automation-builder/src/main/java/com/nexaflow/feature/builder/TriggerEditorCard.kt|feature/automation-builder/src/main/java/com/nexaflow/feature/builder/TriggerSummary.kt,core/automation-engine/src/test/java/com/nexaflow/core/engine/CallPolicyEvaluatorTest.kt,core/database Converters + data/mapper/AutomationMapper (shared map serializer),data/repository/CanonicalWorkflowMigrationRunner + database migrations (shared migration path; per-field migration not implied),core/execution compat/WorkflowRequirementCatalog + CommandCatalog + CommandRequirementCatalog; per-node resolution not statically evaluated,DECLARED_NO_STATIC_RUNTIME_READ,See schema source; static literal extraction is incomplete,AutomationNodeCatalog stable id + persisted TriggerType name; workflowVersion in Automation model,NOT_TRACED_BY_THIS_GATE,data/backup/BackupManager (generic workflow encoding; per-field import/export behavior not implied),NOT_TESTED
TRIGGER,INCOMING_CALL,matchMode,domain/src/main/java/com/nexaflow/domain/catalog/TriggerNodeSchemas.kt (enumField;required=false-or-derived;sensitive=false-or-derived;default=ANY),NO_STATIC_MATCH,core/automation-engine/src/main/java/com/nexaflow/core/engine/CallPolicyEvaluator.kt|core/automation-engine/src/main/java/com/nexaflow/core/engine/NexaCallScreeningService.kt|core/execution/src/main/java/com/nexaflow/core/execution/compat/CommandCatalog.kt|core/execution/src/main/java/com/nexaflow/core/execution/compat/CommandCompatibilityEngine.kt|core/execution/src/main/java/com/nexaflow/core/execution/compat/EventSource.kt|core/execution/src/main/java/com/nexaflow/core/execution/compat/WorkflowRequirementCatalog.kt|core/execution/src/main/java/com/nexaflow/core/execution/TriggerStateEvaluator.kt,feature/automation-builder/src/main/java/com/nexaflow/feature/builder/TriggerCatalogPresentation.kt|feature/automation-builder/src/main/java/com/nexaflow/feature/builder/TriggerEditorCard.kt|feature/automation-builder/src/main/java/com/nexaflow/feature/builder/TriggerSummary.kt,core/automation-engine/src/test/java/com/nexaflow/core/engine/CallPolicyEvaluatorTest.kt,core/database Converters + data/mapper/AutomationMapper (shared map serializer),data/repository/CanonicalWorkflowMigrationRunner + database migrations (shared migration path; per-field migration not implied),core/execution compat/WorkflowRequirementCatalog + CommandCatalog + CommandRequirementCatalog; per-node resolution not statically evaluated,DECLARED_NO_STATIC_RUNTIME_READ,See schema source; static literal extraction is incomplete,AutomationNodeCatalog stable id + persisted TriggerType name; workflowVersion in Automation model,NOT_TRACED_BY_THIS_GATE,data/backup/BackupManager (generic workflow encoding; per-field import/export behavior not implied),NOT_TESTED
TRIGGER,APP_INSTALLED,event,domain/src/main/java/com/nexaflow/domain/catalog/TriggerNodeSchemas.kt (enumField;required=false-or-derived;sensitive=false-or-derived;default=INSTALLED),NO_STATIC_MATCH,core/automation-engine/src/main/java/com/nexaflow/core/engine/PackageMonitor.kt|core/execution/src/main/java/com/nexaflow/core/execution/compat/CommandCatalog.kt|core/execution/src/main/java/com/nexaflow/core/execution/compat/EventSource.kt|core/execution/src/main/java/com/nexaflow/core/execution/TriggerStateEvaluator.kt,feature/automation-builder/src/main/java/com/nexaflow/feature/builder/TriggerCatalogPresentation.kt|feature/automation-builder/src/main/java/com/nexaflow/feature/builder/TriggerEditorCard.kt|feature/automation-builder/src/main/java/com/nexaflow/feature/builder/TriggerSummary.kt,core/execution/src/test/java/com/nexaflow/core/execution/ExecutionEngineExitBehaviorTest.kt,core/database Converters + data/mapper/AutomationMapper (shared map serializer),data/repository/CanonicalWorkflowMigrationRunner + database migrations (shared migration path; per-field migration not implied),core/execution compat/WorkflowRequirementCatalog + CommandCatalog + CommandRequirementCatalog; per-node resolution not statically evaluated,DECLARED_NO_STATIC_RUNTIME_READ,See schema source; static literal extraction is incomplete,AutomationNodeCatalog stable id + persisted TriggerType name; workflowVersion in Automation model,NOT_TRACED_BY_THIS_GATE,data/backup/BackupManager (generic workflow encoding; per-field import/export behavior not implied),NOT_TESTED
TRIGGER,APP_INSTALLED,package,domain/src/main/java/com/nexaflow/domain/catalog/TriggerNodeSchemas.kt (packageField;required=false-or-derived;sensitive=false-or-derived;default=helper-or-none),NO_STATIC_MATCH,core/automation-engine/src/main/java/com/nexaflow/core/engine/PackageMonitor.kt|core/execution/src/main/java/com/nexaflow/core/execution/compat/CommandCatalog.kt|core/execution/src/main/java/com/nexaflow/core/execution/compat/EventSource.kt|core/execution/src/main/java/com/nexaflow/core/execution/TriggerStateEvaluator.kt,feature/automation-builder/src/main/java/com/nexaflow/feature/builder/TriggerCatalogPresentation.kt|feature/automation-builder/src/main/java/com/nexaflow/feature/builder/TriggerEditorCard.kt|feature/automation-builder/src/main/java/com/nexaflow/feature/builder/TriggerSummary.kt,,core/database Converters + data/mapper/AutomationMapper (shared map serializer),data/repository/CanonicalWorkflowMigrationRunner + database migrations (shared migration path; per-field migration not implied),core/execution compat/WorkflowRequirementCatalog + CommandCatalog + CommandRequirementCatalog; per-node resolution not statically evaluated,DECLARED_NO_STATIC_RUNTIME_READ,See schema source; static literal extraction is incomplete,AutomationNodeCatalog stable id + persisted TriggerType name; workflowVersion in Automation model,NOT_TRACED_BY_THIS_GATE,data/backup/BackupManager (generic workflow encoding; per-field import/export behavior not implied),NOT_TESTED
TRIGGER,MEDIA_PLAYING,event,domain/src/main/java/com/nexaflow/domain/catalog/TriggerNodeSchemas.kt (enumField;required=false-or-derived;sensitive=false-or-derived;default=STARTED),NO_STATIC_MATCH,core/automation-engine/src/main/java/com/nexaflow/core/engine/MediaMonitor.kt|core/execution/src/main/java/com/nexaflow/core/execution/compat/CommandCatalog.kt|core/execution/src/main/java/com/nexaflow/core/execution/compat/EventSource.kt|core/execution/src/main/java/com/nexaflow/core/execution/TriggerStateEvaluator.kt,feature/automation-builder/src/main/java/com/nexaflow/feature/builder/TriggerCatalogPresentation.kt|feature/automation-builder/src/main/java/com/nexaflow/feature/builder/TriggerEditorCard.kt|feature/automation-builder/src/main/java/com/nexaflow/feature/builder/TriggerSummary.kt,core/automation-engine/src/test/java/com/nexaflow/core/engine/MediaMonitorLifecycleTest.kt,core/database Converters + data/mapper/AutomationMapper (shared map serializer),data/repository/CanonicalWorkflowMigrationRunner + database migrations (shared migration path; per-field migration not implied),core/execution compat/WorkflowRequirementCatalog + CommandCatalog + CommandRequirementCatalog; per-node resolution not statically evaluated,DECLARED_NO_STATIC_RUNTIME_READ,See schema source; static literal extraction is incomplete,AutomationNodeCatalog stable id + persisted TriggerType name; workflowVersion in Automation model,NOT_TRACED_BY_THIS_GATE,data/backup/BackupManager (generic workflow encoding; per-field import/export behavior not implied),NOT_TESTED
TRIGGER,VOLUME_CHANGED,direction,domain/src/main/java/com/nexaflow/domain/catalog/TriggerNodeSchemas.kt (enumField;required=false-or-derived;sensitive=false-or-derived;default=ABOVE),NO_STATIC_MATCH,core/automation-engine/src/main/java/com/nexaflow/core/engine/VolumeMonitor.kt|core/execution/src/main/java/com/nexaflow/core/execution/compat/CommandCatalog.kt|core/execution/src/main/java/com/nexaflow/core/execution/compat/EventSource.kt|core/execution/src/main/java/com/nexaflow/core/execution/TriggerStateEvaluator.kt,feature/automation-builder/src/main/java/com/nexaflow/feature/builder/TriggerCatalogPresentation.kt|feature/automation-builder/src/main/java/com/nexaflow/feature/builder/TriggerEditorCard.kt|feature/automation-builder/src/main/java/com/nexaflow/feature/builder/TriggerSummary.kt,core/automation-engine/src/test/java/com/nexaflow/core/engine/VolumeMonitorLifecycleTest.kt,core/database Converters + data/mapper/AutomationMapper (shared map serializer),data/repository/CanonicalWorkflowMigrationRunner + database migrations (shared migration path; per-field migration not implied),core/execution compat/WorkflowRequirementCatalog + CommandCatalog + CommandRequirementCatalog; per-node resolution not statically evaluated,DECLARED_NO_STATIC_RUNTIME_READ,See schema source; static literal extraction is incomplete,AutomationNodeCatalog stable id + persisted TriggerType name; workflowVersion in Automation model,NOT_TRACED_BY_THIS_GATE,data/backup/BackupManager (generic workflow encoding; per-field import/export behavior not implied),NOT_TESTED
TRIGGER,VOLUME_CHANGED,stream,domain/src/main/java/com/nexaflow/domain/catalog/TriggerNodeSchemas.kt (enumField;required=false-or-derived;sensitive=false-or-derived;default=MUSIC),NO_STATIC_MATCH,core/automation-engine/src/main/java/com/nexaflow/core/engine/VolumeMonitor.kt|core/execution/src/main/java/com/nexaflow/core/execution/compat/CommandCatalog.kt|core/execution/src/main/java/com/nexaflow/core/execution/compat/EventSource.kt|core/execution/src/main/java/com/nexaflow/core/execution/TriggerStateEvaluator.kt,feature/automation-builder/src/main/java/com/nexaflow/feature/builder/TriggerCatalogPresentation.kt|feature/automation-builder/src/main/java/com/nexaflow/feature/builder/TriggerEditorCard.kt|feature/automation-builder/src/main/java/com/nexaflow/feature/builder/TriggerSummary.kt,core/automation-engine/src/test/java/com/nexaflow/core/engine/VolumeMonitorLifecycleTest.kt,core/database Converters + data/mapper/AutomationMapper (shared map serializer),data/repository/CanonicalWorkflowMigrationRunner + database migrations (shared migration path; per-field migration not implied),core/execution compat/WorkflowRequirementCatalog + CommandCatalog + CommandRequirementCatalog; per-node resolution not statically evaluated,DECLARED_NO_STATIC_RUNTIME_READ,See schema source; static literal extraction is incomplete,AutomationNodeCatalog stable id + persisted TriggerType name; workflowVersion in Automation model,NOT_TRACED_BY_THIS_GATE,data/backup/BackupManager (generic workflow encoding; per-field import/export behavior not implied),NOT_TESTED
TRIGGER,VOLUME_CHANGED,threshold,domain/src/main/java/com/nexaflow/domain/catalog/TriggerNodeSchemas.kt (integerField;required=false-or-derived;sensitive=false-or-derived;default=50),NO_STATIC_MATCH,core/automation-engine/src/main/java/com/nexaflow/core/engine/VolumeMonitor.kt|core/execution/src/main/java/com/nexaflow/core/execution/compat/CommandCatalog.kt|core/execution/src/main/java/com/nexaflow/core/execution/compat/EventSource.kt|core/execution/src/main/java/com/nexaflow/core/execution/TriggerStateEvaluator.kt,feature/automation-builder/src/main/java/com/nexaflow/feature/builder/TriggerCatalogPresentation.kt|feature/automation-builder/src/main/java/com/nexaflow/feature/builder/TriggerEditorCard.kt|feature/automation-builder/src/main/java/com/nexaflow/feature/builder/TriggerSummary.kt,core/automation-engine/src/test/java/com/nexaflow/core/engine/VolumeMonitorLifecycleTest.kt,core/database Converters + data/mapper/AutomationMapper (shared map serializer),data/repository/CanonicalWorkflowMigrationRunner + database migrations (shared migration path; per-field migration not implied),core/execution compat/WorkflowRequirementCatalog + CommandCatalog + CommandRequirementCatalog; per-node resolution not statically evaluated,DECLARED_NO_STATIC_RUNTIME_READ,See schema source; static literal extraction is incomplete,AutomationNodeCatalog stable id + persisted TriggerType name; workflowVersion in Automation model,NOT_TRACED_BY_THIS_GATE,data/backup/BackupManager (generic workflow encoding; per-field import/export behavior not implied),NOT_TESTED
TRIGGER,POWER_SAVER,state,domain/src/main/java/com/nexaflow/domain/catalog/TriggerNodeSchemas.kt (enumField;required=false-or-derived;sensitive=false-or-derived;default=ON),NO_STATIC_MATCH,core/automation-engine/src/main/java/com/nexaflow/core/engine/SettingsStateMonitor.kt|core/execution/src/main/java/com/nexaflow/core/execution/compat/CommandCatalog.kt|core/execution/src/main/java/com/nexaflow/core/execution/compat/EventSource.kt|core/execution/src/main/java/com/nexaflow/core/execution/TriggerStateEvaluator.kt,feature/automation-builder/src/main/java/com/nexaflow/feature/builder/TriggerCatalogPresentation.kt|feature/automation-builder/src/main/java/com/nexaflow/feature/builder/TriggerEditorCard.kt|feature/automation-builder/src/main/java/com/nexaflow/feature/builder/TriggerSummary.kt,,core/database Converters + data/mapper/AutomationMapper (shared map serializer),data/repository/CanonicalWorkflowMigrationRunner + database migrations (shared migration path; per-field migration not implied),core/execution compat/WorkflowRequirementCatalog + CommandCatalog + CommandRequirementCatalog; per-node resolution not statically evaluated,DECLARED_NO_STATIC_RUNTIME_READ,See schema source; static literal extraction is incomplete,AutomationNodeCatalog stable id + persisted TriggerType name; workflowVersion in Automation model,NOT_TRACED_BY_THIS_GATE,data/backup/BackupManager (generic workflow encoding; per-field import/export behavior not implied),NOT_TESTED
TRIGGER,BLUETOOTH_STATE,state,domain/src/main/java/com/nexaflow/domain/catalog/TriggerNodeSchemas.kt (enumField;required=false-or-derived;sensitive=false-or-derived;default=ON),NO_STATIC_MATCH,core/automation-engine/src/main/java/com/nexaflow/core/engine/SettingsStateMonitor.kt|core/execution/src/main/java/com/nexaflow/core/execution/compat/CommandCatalog.kt|core/execution/src/main/java/com/nexaflow/core/execution/compat/CommandCompatibilityEngine.kt|core/execution/src/main/java/com/nexaflow/core/execution/compat/EventSource.kt|core/execution/src/main/java/com/nexaflow/core/execution/TriggerStateEvaluator.kt,feature/automation-builder/src/main/java/com/nexaflow/feature/builder/TriggerCatalogPresentation.kt|feature/automation-builder/src/main/java/com/nexaflow/feature/builder/TriggerEditorCard.kt|feature/automation-builder/src/main/java/com/nexaflow/feature/builder/TriggerSummary.kt,,core/database Converters + data/mapper/AutomationMapper (shared map serializer),data/repository/CanonicalWorkflowMigrationRunner + database migrations (shared migration path; per-field migration not implied),core/execution compat/WorkflowRequirementCatalog + CommandCatalog + CommandRequirementCatalog; per-node resolution not statically evaluated,DECLARED_NO_STATIC_RUNTIME_READ,See schema source; static literal extraction is incomplete,AutomationNodeCatalog stable id + persisted TriggerType name; workflowVersion in Automation model,NOT_TRACED_BY_THIS_GATE,data/backup/BackupManager (generic workflow encoding; per-field import/export behavior not implied),NOT_TESTED
TRIGGER,BRIGHTNESS_LEVEL,direction,domain/src/main/java/com/nexaflow/domain/catalog/TriggerNodeSchemas.kt (helper-or-derived),NO_STATIC_MATCH,core/automation-engine/src/main/java/com/nexaflow/core/engine/SettingsStateMonitor.kt|core/execution/src/main/java/com/nexaflow/core/execution/compat/CommandCatalog.kt|core/execution/src/main/java/com/nexaflow/core/execution/compat/EventSource.kt|core/execution/src/main/java/com/nexaflow/core/execution/TriggerStateEvaluator.kt,feature/automation-builder/src/main/java/com/nexaflow/feature/builder/TriggerCatalogPresentation.kt|feature/automation-builder/src/main/java/com/nexaflow/feature/builder/TriggerEditorCard.kt|feature/automation-builder/src/main/java/com/nexaflow/feature/builder/TriggerSummary.kt,,core/database Converters + data/mapper/AutomationMapper (shared map serializer),data/repository/CanonicalWorkflowMigrationRunner + database migrations (shared migration path; per-field migration not implied),core/execution compat/WorkflowRequirementCatalog + CommandCatalog + CommandRequirementCatalog; per-node resolution not statically evaluated,DECLARED_NO_STATIC_RUNTIME_READ,See schema source; static literal extraction is incomplete,AutomationNodeCatalog stable id + persisted TriggerType name; workflowVersion in Automation model,NOT_TRACED_BY_THIS_GATE,data/backup/BackupManager (generic workflow encoding; per-field import/export behavior not implied),NOT_TESTED
TRIGGER,BRIGHTNESS_LEVEL,threshold,domain/src/main/java/com/nexaflow/domain/catalog/TriggerNodeSchemas.kt (helper-or-derived),NO_STATIC_MATCH,core/automation-engine/src/main/java/com/nexaflow/core/engine/SettingsStateMonitor.kt|core/execution/src/main/java/com/nexaflow/core/execution/compat/CommandCatalog.kt|core/execution/src/main/java/com/nexaflow/core/execution/compat/EventSource.kt|core/execution/src/main/java/com/nexaflow/core/execution/TriggerStateEvaluator.kt,feature/automation-builder/src/main/java/com/nexaflow/feature/builder/TriggerCatalogPresentation.kt|feature/automation-builder/src/main/java/com/nexaflow/feature/builder/TriggerEditorCard.kt|feature/automation-builder/src/main/java/com/nexaflow/feature/builder/TriggerSummary.kt,,core/database Converters + data/mapper/AutomationMapper (shared map serializer),data/repository/CanonicalWorkflowMigrationRunner + database migrations (shared migration path; per-field migration not implied),core/execution compat/WorkflowRequirementCatalog + CommandCatalog + CommandRequirementCatalog; per-node resolution not statically evaluated,DECLARED_NO_STATIC_RUNTIME_READ,See schema source; static literal extraction is incomplete,AutomationNodeCatalog stable id + persisted TriggerType name; workflowVersion in Automation model,NOT_TRACED_BY_THIS_GATE,data/backup/BackupManager (generic workflow encoding; per-field import/export behavior not implied),NOT_TESTED
TRIGGER,STORAGE_LOW,direction,domain/src/main/java/com/nexaflow/domain/catalog/TriggerNodeSchemas.kt (helper-or-derived),NO_STATIC_MATCH,core/automation-engine/src/main/java/com/nexaflow/core/engine/SettingsStateMonitor.kt|core/execution/src/main/java/com/nexaflow/core/execution/compat/CommandCatalog.kt|core/execution/src/main/java/com/nexaflow/core/execution/compat/EventSource.kt|core/execution/src/main/java/com/nexaflow/core/execution/TriggerStateEvaluator.kt,feature/automation-builder/src/main/java/com/nexaflow/feature/builder/TriggerCatalogPresentation.kt|feature/automation-builder/src/main/java/com/nexaflow/feature/builder/TriggerEditorCard.kt|feature/automation-builder/src/main/java/com/nexaflow/feature/builder/TriggerSummary.kt,,core/database Converters + data/mapper/AutomationMapper (shared map serializer),data/repository/CanonicalWorkflowMigrationRunner + database migrations (shared migration path; per-field migration not implied),core/execution compat/WorkflowRequirementCatalog + CommandCatalog + CommandRequirementCatalog; per-node resolution not statically evaluated,DECLARED_NO_STATIC_RUNTIME_READ,See schema source; static literal extraction is incomplete,AutomationNodeCatalog stable id + persisted TriggerType name; workflowVersion in Automation model,NOT_TRACED_BY_THIS_GATE,data/backup/BackupManager (generic workflow encoding; per-field import/export behavior not implied),NOT_TESTED
TRIGGER,STORAGE_LOW,threshold,domain/src/main/java/com/nexaflow/domain/catalog/TriggerNodeSchemas.kt (helper-or-derived),NO_STATIC_MATCH,core/automation-engine/src/main/java/com/nexaflow/core/engine/SettingsStateMonitor.kt|core/execution/src/main/java/com/nexaflow/core/execution/compat/CommandCatalog.kt|core/execution/src/main/java/com/nexaflow/core/execution/compat/EventSource.kt|core/execution/src/main/java/com/nexaflow/core/execution/TriggerStateEvaluator.kt,feature/automation-builder/src/main/java/com/nexaflow/feature/builder/TriggerCatalogPresentation.kt|feature/automation-builder/src/main/java/com/nexaflow/feature/builder/TriggerEditorCard.kt|feature/automation-builder/src/main/java/com/nexaflow/feature/builder/TriggerSummary.kt,,core/database Converters + data/mapper/AutomationMapper (shared map serializer),data/repository/CanonicalWorkflowMigrationRunner + database migrations (shared migration path; per-field migration not implied),core/execution compat/WorkflowRequirementCatalog + CommandCatalog + CommandRequirementCatalog; per-node resolution not statically evaluated,DECLARED_NO_STATIC_RUNTIME_READ,See schema source; static literal extraction is incomplete,AutomationNodeCatalog stable id + persisted TriggerType name; workflowVersion in Automation model,NOT_TRACED_BY_THIS_GATE,data/backup/BackupManager (generic workflow encoding; per-field import/export behavior not implied),NOT_TESTED
TRIGGER,AUTO_ROTATE,state,domain/src/main/java/com/nexaflow/domain/catalog/TriggerNodeSchemas.kt (enumField;required=false-or-derived;sensitive=false-or-derived;default=ON),NO_STATIC_MATCH,core/automation-engine/src/main/java/com/nexaflow/core/engine/SettingsStateMonitor.kt|core/execution/src/main/java/com/nexaflow/core/execution/compat/CommandCatalog.kt|core/execution/src/main/java/com/nexaflow/core/execution/compat/EventSource.kt|core/execution/src/main/java/com/nexaflow/core/execution/TriggerStateEvaluator.kt,feature/automation-builder/src/main/java/com/nexaflow/feature/builder/TriggerCatalogPresentation.kt|feature/automation-builder/src/main/java/com/nexaflow/feature/builder/TriggerEditorCard.kt|feature/automation-builder/src/main/java/com/nexaflow/feature/builder/TriggerSummary.kt,,core/database Converters + data/mapper/AutomationMapper (shared map serializer),data/repository/CanonicalWorkflowMigrationRunner + database migrations (shared migration path; per-field migration not implied),core/execution compat/WorkflowRequirementCatalog + CommandCatalog + CommandRequirementCatalog; per-node resolution not statically evaluated,DECLARED_NO_STATIC_RUNTIME_READ,See schema source; static literal extraction is incomplete,AutomationNodeCatalog stable id + persisted TriggerType name; workflowVersion in Automation model,NOT_TRACED_BY_THIS_GATE,data/backup/BackupManager (generic workflow encoding; per-field import/export behavior not implied),NOT_TESTED
TRIGGER,DATA_SAVER_STATE,state,domain/src/main/java/com/nexaflow/domain/catalog/TriggerNodeSchemas.kt (enumField;required=false-or-derived;sensitive=false-or-derived;default=ON),NO_STATIC_MATCH,core/automation-engine/src/main/java/com/nexaflow/core/engine/SettingsStateMonitor.kt|core/execution/src/main/java/com/nexaflow/core/execution/compat/CommandCatalog.kt|core/execution/src/main/java/com/nexaflow/core/execution/compat/EventSource.kt|core/execution/src/main/java/com/nexaflow/core/execution/TriggerStateEvaluator.kt,feature/automation-builder/src/main/java/com/nexaflow/feature/builder/TriggerCatalogPresentation.kt|feature/automation-builder/src/main/java/com/nexaflow/feature/builder/TriggerEditorCard.kt|feature/automation-builder/src/main/java/com/nexaflow/feature/builder/TriggerSummary.kt,,core/database Converters + data/mapper/AutomationMapper (shared map serializer),data/repository/CanonicalWorkflowMigrationRunner + database migrations (shared migration path; per-field migration not implied),core/execution compat/WorkflowRequirementCatalog + CommandCatalog + CommandRequirementCatalog; per-node resolution not statically evaluated,DECLARED_NO_STATIC_RUNTIME_READ,See schema source; static literal extraction is incomplete,AutomationNodeCatalog stable id + persisted TriggerType name; workflowVersion in Automation model,NOT_TRACED_BY_THIS_GATE,data/backup/BackupManager (generic workflow encoding; per-field import/export behavior not implied),NOT_TESTED
TRIGGER,DEVICE_LOCKED,state,domain/src/main/java/com/nexaflow/domain/catalog/TriggerNodeSchemas.kt (enumField;required=false-or-derived;sensitive=false-or-derived;default=LOCKED),NO_STATIC_MATCH,core/automation-engine/src/main/java/com/nexaflow/core/engine/SettingsStateMonitor.kt|core/execution/src/main/java/com/nexaflow/core/execution/compat/CommandCatalog.kt|core/execution/src/main/java/com/nexaflow/core/execution/compat/EventSource.kt|core/execution/src/main/java/com/nexaflow/core/execution/TriggerStateEvaluator.kt,feature/automation-builder/src/main/java/com/nexaflow/feature/builder/TriggerCatalogPresentation.kt|feature/automation-builder/src/main/java/com/nexaflow/feature/builder/TriggerEditorCard.kt|feature/automation-builder/src/main/java/com/nexaflow/feature/builder/TriggerSummary.kt,,core/database Converters + data/mapper/AutomationMapper (shared map serializer),data/repository/CanonicalWorkflowMigrationRunner + database migrations (shared migration path; per-field migration not implied),core/execution compat/WorkflowRequirementCatalog + CommandCatalog + CommandRequirementCatalog; per-node resolution not statically evaluated,DECLARED_NO_STATIC_RUNTIME_READ,See schema source; static literal extraction is incomplete,AutomationNodeCatalog stable id + persisted TriggerType name; workflowVersion in Automation model,NOT_TRACED_BY_THIS_GATE,data/backup/BackupManager (generic workflow encoding; per-field import/export behavior not implied),NOT_TESTED
TRIGGER,WIFI_STATE,state,domain/src/main/java/com/nexaflow/domain/catalog/TriggerNodeSchemas.kt (enumField;required=false-or-derived;sensitive=false-or-derived;default=ON),NO_STATIC_MATCH,core/automation-engine/src/main/java/com/nexaflow/core/engine/SettingsStateMonitor.kt|core/execution/src/main/java/com/nexaflow/core/execution/compat/CommandCatalog.kt|core/execution/src/main/java/com/nexaflow/core/execution/compat/EventSource.kt|core/execution/src/main/java/com/nexaflow/core/execution/TriggerStateEvaluator.kt,feature/automation-builder/src/main/java/com/nexaflow/feature/builder/TriggerCatalogPresentation.kt|feature/automation-builder/src/main/java/com/nexaflow/feature/builder/TriggerEditorCard.kt|feature/automation-builder/src/main/java/com/nexaflow/feature/builder/TriggerSummary.kt,,core/database Converters + data/mapper/AutomationMapper (shared map serializer),data/repository/CanonicalWorkflowMigrationRunner + database migrations (shared migration path; per-field migration not implied),core/execution compat/WorkflowRequirementCatalog + CommandCatalog + CommandRequirementCatalog; per-node resolution not statically evaluated,DECLARED_NO_STATIC_RUNTIME_READ,See schema source; static literal extraction is incomplete,AutomationNodeCatalog stable id + persisted TriggerType name; workflowVersion in Automation model,NOT_TRACED_BY_THIS_GATE,data/backup/BackupManager (generic workflow encoding; per-field import/export behavior not implied),NOT_TESTED
TRIGGER,NFC_STATE,state,domain/src/main/java/com/nexaflow/domain/catalog/TriggerNodeSchemas.kt (enumField;required=false-or-derived;sensitive=false-or-derived;default=ON),NO_STATIC_MATCH,core/automation-engine/src/main/java/com/nexaflow/core/engine/SettingsStateMonitor.kt|core/execution/src/main/java/com/nexaflow/core/execution/compat/CommandCatalog.kt|core/execution/src/main/java/com/nexaflow/core/execution/compat/CommandCompatibilityEngine.kt|core/execution/src/main/java/com/nexaflow/core/execution/compat/EventSource.kt|core/execution/src/main/java/com/nexaflow/core/execution/TriggerStateEvaluator.kt,feature/automation-builder/src/main/java/com/nexaflow/feature/builder/TriggerCatalogPresentation.kt|feature/automation-builder/src/main/java/com/nexaflow/feature/builder/TriggerEditorCard.kt|feature/automation-builder/src/main/java/com/nexaflow/feature/builder/TriggerSummary.kt,core/automation-engine/src/test/java/com/nexaflow/core/engine/SettingsStateMonitorLifecycleTest.kt,core/database Converters + data/mapper/AutomationMapper (shared map serializer),data/repository/CanonicalWorkflowMigrationRunner + database migrations (shared migration path; per-field migration not implied),core/execution compat/WorkflowRequirementCatalog + CommandCatalog + CommandRequirementCatalog; per-node resolution not statically evaluated,DECLARED_NO_STATIC_RUNTIME_READ,See schema source; static literal extraction is incomplete,AutomationNodeCatalog stable id + persisted TriggerType name; workflowVersion in Automation model,NOT_TRACED_BY_THIS_GATE,data/backup/BackupManager (generic workflow encoding; per-field import/export behavior not implied),NOT_TESTED
TRIGGER,LOCATION_STATE,mode,domain/src/main/java/com/nexaflow/domain/catalog/TriggerNodeSchemas.kt (stringField;required=false-or-derived;sensitive=false-or-derived;default=ON),NO_STATIC_MATCH,core/automation-engine/src/main/java/com/nexaflow/core/engine/SettingsStateMonitor.kt|core/execution/src/main/java/com/nexaflow/core/execution/compat/CommandCatalog.kt|core/execution/src/main/java/com/nexaflow/core/execution/compat/CommandCompatibilityEngine.kt|core/execution/src/main/java/com/nexaflow/core/execution/compat/EventSource.kt|core/execution/src/main/java/com/nexaflow/core/execution/TriggerStateEvaluator.kt,feature/automation-builder/src/main/java/com/nexaflow/feature/builder/TriggerCatalogPresentation.kt|feature/automation-builder/src/main/java/com/nexaflow/feature/builder/TriggerEditorCard.kt|feature/automation-builder/src/main/java/com/nexaflow/feature/builder/TriggerSummary.kt,feature/automation-builder/src/test/java/com/nexaflow/feature/builder/TriggerDefaultsTest.kt,core/database Converters + data/mapper/AutomationMapper (shared map serializer),data/repository/CanonicalWorkflowMigrationRunner + database migrations (shared migration path; per-field migration not implied),core/execution compat/WorkflowRequirementCatalog + CommandCatalog + CommandRequirementCatalog; per-node resolution not statically evaluated,DECLARED_NO_STATIC_RUNTIME_READ,See schema source; static literal extraction is incomplete,AutomationNodeCatalog stable id + persisted TriggerType name; workflowVersion in Automation model,NOT_TRACED_BY_THIS_GATE,data/backup/BackupManager (generic workflow encoding; per-field import/export behavior not implied),NOT_TESTED
TRIGGER,SCREEN_ROTATION_STATE,state,domain/src/main/java/com/nexaflow/domain/catalog/TriggerNodeSchemas.kt (enumField;required=false-or-derived;sensitive=false-or-derived;default=PORTRAIT),NO_STATIC_MATCH,core/automation-engine/src/main/java/com/nexaflow/core/engine/SettingsStateMonitor.kt|core/execution/src/main/java/com/nexaflow/core/execution/compat/CommandCatalog.kt|core/execution/src/main/java/com/nexaflow/core/execution/compat/EventSource.kt|core/execution/src/main/java/com/nexaflow/core/execution/TriggerStateEvaluator.kt,feature/automation-builder/src/main/java/com/nexaflow/feature/builder/TriggerCatalogPresentation.kt|feature/automation-builder/src/main/java/com/nexaflow/feature/builder/TriggerEditorCard.kt|feature/automation-builder/src/main/java/com/nexaflow/feature/builder/TriggerSummary.kt,,core/database Converters + data/mapper/AutomationMapper (shared map serializer),data/repository/CanonicalWorkflowMigrationRunner + database migrations (shared migration path; per-field migration not implied),core/execution compat/WorkflowRequirementCatalog + CommandCatalog + CommandRequirementCatalog; per-node resolution not statically evaluated,DECLARED_NO_STATIC_RUNTIME_READ,See schema source; static literal extraction is incomplete,AutomationNodeCatalog stable id + persisted TriggerType name; workflowVersion in Automation model,NOT_TRACED_BY_THIS_GATE,data/backup/BackupManager (generic workflow encoding; per-field import/export behavior not implied),NOT_TESTED
TRIGGER,WIFI_SIGNAL_STRENGTH,direction,domain/src/main/java/com/nexaflow/domain/catalog/TriggerNodeSchemas.kt (helper-or-derived),NO_STATIC_MATCH,core/automation-engine/src/main/java/com/nexaflow/core/engine/DeviceStateMonitor28.kt|core/execution/src/main/java/com/nexaflow/core/execution/compat/CommandCatalog.kt|core/execution/src/main/java/com/nexaflow/core/execution/compat/EventSource.kt|core/execution/src/main/java/com/nexaflow/core/execution/TriggerStateEvaluator.kt,feature/automation-builder/src/main/java/com/nexaflow/feature/builder/TriggerCatalogPresentation.kt|feature/automation-builder/src/main/java/com/nexaflow/feature/builder/TriggerEditorCard.kt|feature/automation-builder/src/main/java/com/nexaflow/feature/builder/TriggerSummary.kt,,core/database Converters + data/mapper/AutomationMapper (shared map serializer),data/repository/CanonicalWorkflowMigrationRunner + database migrations (shared migration path; per-field migration not implied),core/execution compat/WorkflowRequirementCatalog + CommandCatalog + CommandRequirementCatalog; per-node resolution not statically evaluated,DECLARED_NO_STATIC_RUNTIME_READ,See schema source; static literal extraction is incomplete,AutomationNodeCatalog stable id + persisted TriggerType name; workflowVersion in Automation model,NOT_TRACED_BY_THIS_GATE,data/backup/BackupManager (generic workflow encoding; per-field import/export behavior not implied),NOT_TESTED
TRIGGER,WIFI_SIGNAL_STRENGTH,threshold,domain/src/main/java/com/nexaflow/domain/catalog/TriggerNodeSchemas.kt (helper-or-derived),NO_STATIC_MATCH,core/automation-engine/src/main/java/com/nexaflow/core/engine/DeviceStateMonitor28.kt|core/execution/src/main/java/com/nexaflow/core/execution/compat/CommandCatalog.kt|core/execution/src/main/java/com/nexaflow/core/execution/compat/EventSource.kt|core/execution/src/main/java/com/nexaflow/core/execution/TriggerStateEvaluator.kt,feature/automation-builder/src/main/java/com/nexaflow/feature/builder/TriggerCatalogPresentation.kt|feature/automation-builder/src/main/java/com/nexaflow/feature/builder/TriggerEditorCard.kt|feature/automation-builder/src/main/java/com/nexaflow/feature/builder/TriggerSummary.kt,,core/database Converters + data/mapper/AutomationMapper (shared map serializer),data/repository/CanonicalWorkflowMigrationRunner + database migrations (shared migration path; per-field migration not implied),core/execution compat/WorkflowRequirementCatalog + CommandCatalog + CommandRequirementCatalog; per-node resolution not statically evaluated,DECLARED_NO_STATIC_RUNTIME_READ,See schema source; static literal extraction is incomplete,AutomationNodeCatalog stable id + persisted TriggerType name; workflowVersion in Automation model,NOT_TRACED_BY_THIS_GATE,data/backup/BackupManager (generic workflow encoding; per-field import/export behavior not implied),NOT_TESTED
TRIGGER,CELL_SIGNAL_STRENGTH,direction,domain/src/main/java/com/nexaflow/domain/catalog/TriggerNodeSchemas.kt (helper-or-derived),NO_STATIC_MATCH,core/automation-engine/src/main/java/com/nexaflow/core/engine/DeviceStateMonitor28.kt|core/execution/src/main/java/com/nexaflow/core/execution/compat/CommandCatalog.kt|core/execution/src/main/java/com/nexaflow/core/execution/compat/CommandCompatibilityEngine.kt|core/execution/src/main/java/com/nexaflow/core/execution/compat/EventSource.kt|core/execution/src/main/java/com/nexaflow/core/execution/TriggerStateEvaluator.kt,feature/automation-builder/src/main/java/com/nexaflow/feature/builder/TriggerCatalogPresentation.kt|feature/automation-builder/src/main/java/com/nexaflow/feature/builder/TriggerEditorCard.kt|feature/automation-builder/src/main/java/com/nexaflow/feature/builder/TriggerSummary.kt,,core/database Converters + data/mapper/AutomationMapper (shared map serializer),data/repository/CanonicalWorkflowMigrationRunner + database migrations (shared migration path; per-field migration not implied),core/execution compat/WorkflowRequirementCatalog + CommandCatalog + CommandRequirementCatalog; per-node resolution not statically evaluated,DECLARED_NO_STATIC_RUNTIME_READ,See schema source; static literal extraction is incomplete,AutomationNodeCatalog stable id + persisted TriggerType name; workflowVersion in Automation model,NOT_TRACED_BY_THIS_GATE,data/backup/BackupManager (generic workflow encoding; per-field import/export behavior not implied),NOT_TESTED
TRIGGER,CELL_SIGNAL_STRENGTH,threshold,domain/src/main/java/com/nexaflow/domain/catalog/TriggerNodeSchemas.kt (helper-or-derived),NO_STATIC_MATCH,core/automation-engine/src/main/java/com/nexaflow/core/engine/DeviceStateMonitor28.kt|core/execution/src/main/java/com/nexaflow/core/execution/compat/CommandCatalog.kt|core/execution/src/main/java/com/nexaflow/core/execution/compat/CommandCompatibilityEngine.kt|core/execution/src/main/java/com/nexaflow/core/execution/compat/EventSource.kt|core/execution/src/main/java/com/nexaflow/core/execution/TriggerStateEvaluator.kt,feature/automation-builder/src/main/java/com/nexaflow/feature/builder/TriggerCatalogPresentation.kt|feature/automation-builder/src/main/java/com/nexaflow/feature/builder/TriggerEditorCard.kt|feature/automation-builder/src/main/java/com/nexaflow/feature/builder/TriggerSummary.kt,,core/database Converters + data/mapper/AutomationMapper (shared map serializer),data/repository/CanonicalWorkflowMigrationRunner + database migrations (shared migration path; per-field migration not implied),core/execution compat/WorkflowRequirementCatalog + CommandCatalog + CommandRequirementCatalog; per-node resolution not statically evaluated,DECLARED_NO_STATIC_RUNTIME_READ,See schema source; static literal extraction is incomplete,AutomationNodeCatalog stable id + persisted TriggerType name; workflowVersion in Automation model,NOT_TRACED_BY_THIS_GATE,data/backup/BackupManager (generic workflow encoding; per-field import/export behavior not implied),NOT_TESTED
TRIGGER,BATTERY_TEMPERATURE,direction,domain/src/main/java/com/nexaflow/domain/catalog/TriggerNodeSchemas.kt (helper-or-derived),NO_STATIC_MATCH,core/automation-engine/src/main/java/com/nexaflow/core/engine/DeviceStateMonitor28.kt|core/execution/src/main/java/com/nexaflow/core/execution/compat/CommandCatalog.kt|core/execution/src/main/java/com/nexaflow/core/execution/compat/EventSource.kt|core/execution/src/main/java/com/nexaflow/core/execution/TriggerStateEvaluator.kt,feature/automation-builder/src/main/java/com/nexaflow/feature/builder/TriggerCatalogPresentation.kt|feature/automation-builder/src/main/java/com/nexaflow/feature/builder/TriggerEditorCard.kt|feature/automation-builder/src/main/java/com/nexaflow/feature/builder/TriggerSummary.kt,,core/database Converters + data/mapper/AutomationMapper (shared map serializer),data/repository/CanonicalWorkflowMigrationRunner + database migrations (shared migration path; per-field migration not implied),core/execution compat/WorkflowRequirementCatalog + CommandCatalog + CommandRequirementCatalog; per-node resolution not statically evaluated,DECLARED_NO_STATIC_RUNTIME_READ,See schema source; static literal extraction is incomplete,AutomationNodeCatalog stable id + persisted TriggerType name; workflowVersion in Automation model,NOT_TRACED_BY_THIS_GATE,data/backup/BackupManager (generic workflow encoding; per-field import/export behavior not implied),NOT_TESTED
TRIGGER,BATTERY_TEMPERATURE,threshold,domain/src/main/java/com/nexaflow/domain/catalog/TriggerNodeSchemas.kt (helper-or-derived),NO_STATIC_MATCH,core/automation-engine/src/main/java/com/nexaflow/core/engine/DeviceStateMonitor28.kt|core/execution/src/main/java/com/nexaflow/core/execution/compat/CommandCatalog.kt|core/execution/src/main/java/com/nexaflow/core/execution/compat/EventSource.kt|core/execution/src/main/java/com/nexaflow/core/execution/TriggerStateEvaluator.kt,feature/automation-builder/src/main/java/com/nexaflow/feature/builder/TriggerCatalogPresentation.kt|feature/automation-builder/src/main/java/com/nexaflow/feature/builder/TriggerEditorCard.kt|feature/automation-builder/src/main/java/com/nexaflow/feature/builder/TriggerSummary.kt,,core/database Converters + data/mapper/AutomationMapper (shared map serializer),data/repository/CanonicalWorkflowMigrationRunner + database migrations (shared migration path; per-field migration not implied),core/execution compat/WorkflowRequirementCatalog + CommandCatalog + CommandRequirementCatalog; per-node resolution not statically evaluated,DECLARED_NO_STATIC_RUNTIME_READ,See schema source; static literal extraction is incomplete,AutomationNodeCatalog stable id + persisted TriggerType name; workflowVersion in Automation model,NOT_TRACED_BY_THIS_GATE,data/backup/BackupManager (generic workflow encoding; per-field import/export behavior not implied),NOT_TESTED
TRIGGER,USB_CONNECTED,state,domain/src/main/java/com/nexaflow/domain/catalog/TriggerNodeSchemas.kt (enumField;required=false-or-derived;sensitive=false-or-derived;default=ON),NO_STATIC_MATCH,core/automation-engine/src/main/java/com/nexaflow/core/engine/DeviceStateMonitor28.kt|core/execution/src/main/java/com/nexaflow/core/execution/compat/CommandCatalog.kt|core/execution/src/main/java/com/nexaflow/core/execution/compat/CommandCompatibilityEngine.kt|core/execution/src/main/java/com/nexaflow/core/execution/compat/EventSource.kt|core/execution/src/main/java/com/nexaflow/core/execution/TriggerStateEvaluator.kt,feature/automation-builder/src/main/java/com/nexaflow/feature/builder/TriggerCatalogPresentation.kt|feature/automation-builder/src/main/java/com/nexaflow/feature/builder/TriggerEditorCard.kt|feature/automation-builder/src/main/java/com/nexaflow/feature/builder/TriggerSummary.kt,,core/database Converters + data/mapper/AutomationMapper (shared map serializer),data/repository/CanonicalWorkflowMigrationRunner + database migrations (shared migration path; per-field migration not implied),core/execution compat/WorkflowRequirementCatalog + CommandCatalog + CommandRequirementCatalog; per-node resolution not statically evaluated,DECLARED_NO_STATIC_RUNTIME_READ,See schema source; static literal extraction is incomplete,AutomationNodeCatalog stable id + persisted TriggerType name; workflowVersion in Automation model,NOT_TRACED_BY_THIS_GATE,data/backup/BackupManager (generic workflow encoding; per-field import/export behavior not implied),NOT_TESTED
TRIGGER,HDMI_CONNECTED,state,domain/src/main/java/com/nexaflow/domain/catalog/TriggerNodeSchemas.kt (enumField;required=false-or-derived;sensitive=false-or-derived;default=ON),NO_STATIC_MATCH,core/automation-engine/src/main/java/com/nexaflow/core/engine/DeviceStateMonitor28.kt|core/execution/src/main/java/com/nexaflow/core/execution/compat/CommandCatalog.kt|core/execution/src/main/java/com/nexaflow/core/execution/compat/CommandCompatibilityEngine.kt|core/execution/src/main/java/com/nexaflow/core/execution/compat/EventSource.kt|core/execution/src/main/java/com/nexaflow/core/execution/TriggerStateEvaluator.kt,feature/automation-builder/src/main/java/com/nexaflow/feature/builder/TriggerCatalogPresentation.kt|feature/automation-builder/src/main/java/com/nexaflow/feature/builder/TriggerEditorCard.kt|feature/automation-builder/src/main/java/com/nexaflow/feature/builder/TriggerSummary.kt,core/automation-engine/src/test/java/com/nexaflow/core/engine/DeviceStateMonitor28LifecycleTest.kt,core/database Converters + data/mapper/AutomationMapper (shared map serializer),data/repository/CanonicalWorkflowMigrationRunner + database migrations (shared migration path; per-field migration not implied),core/execution compat/WorkflowRequirementCatalog + CommandCatalog + CommandRequirementCatalog; per-node resolution not statically evaluated,DECLARED_NO_STATIC_RUNTIME_READ,See schema source; static literal extraction is incomplete,AutomationNodeCatalog stable id + persisted TriggerType name; workflowVersion in Automation model,NOT_TRACED_BY_THIS_GATE,data/backup/BackupManager (generic workflow encoding; per-field import/export behavior not implied),NOT_TESTED
TRIGGER,ETHERNET_CONNECTED,state,domain/src/main/java/com/nexaflow/domain/catalog/TriggerNodeSchemas.kt (enumField;required=false-or-derived;sensitive=false-or-derived;default=ON),NO_STATIC_MATCH,core/automation-engine/src/main/java/com/nexaflow/core/engine/DeviceStateMonitor28.kt|core/execution/src/main/java/com/nexaflow/core/execution/compat/CommandCatalog.kt|core/execution/src/main/java/com/nexaflow/core/execution/compat/CommandCompatibilityEngine.kt|core/execution/src/main/java/com/nexaflow/core/execution/compat/EventSource.kt|core/execution/src/main/java/com/nexaflow/core/execution/TriggerStateEvaluator.kt,feature/automation-builder/src/main/java/com/nexaflow/feature/builder/TriggerCatalogPresentation.kt|feature/automation-builder/src/main/java/com/nexaflow/feature/builder/TriggerEditorCard.kt|feature/automation-builder/src/main/java/com/nexaflow/feature/builder/TriggerSummary.kt,,core/database Converters + data/mapper/AutomationMapper (shared map serializer),data/repository/CanonicalWorkflowMigrationRunner + database migrations (shared migration path; per-field migration not implied),core/execution compat/WorkflowRequirementCatalog + CommandCatalog + CommandRequirementCatalog; per-node resolution not statically evaluated,DECLARED_NO_STATIC_RUNTIME_READ,See schema source; static literal extraction is incomplete,AutomationNodeCatalog stable id + persisted TriggerType name; workflowVersion in Automation model,NOT_TRACED_BY_THIS_GATE,data/backup/BackupManager (generic workflow encoding; per-field import/export behavior not implied),NOT_TESTED
TRIGGER,VPN_CONNECTED,state,domain/src/main/java/com/nexaflow/domain/catalog/TriggerNodeSchemas.kt (enumField;required=false-or-derived;sensitive=false-or-derived;default=ON),NO_STATIC_MATCH,core/automation-engine/src/main/java/com/nexaflow/core/engine/DeviceStateMonitor28.kt|core/execution/src/main/java/com/nexaflow/core/execution/compat/CommandCatalog.kt|core/execution/src/main/java/com/nexaflow/core/execution/compat/EventSource.kt|core/execution/src/main/java/com/nexaflow/core/execution/TriggerStateEvaluator.kt,feature/automation-builder/src/main/java/com/nexaflow/feature/builder/TriggerCatalogPresentation.kt|feature/automation-builder/src/main/java/com/nexaflow/feature/builder/TriggerEditorCard.kt|feature/automation-builder/src/main/java/com/nexaflow/feature/builder/TriggerSummary.kt,,core/database Converters + data/mapper/AutomationMapper (shared map serializer),data/repository/CanonicalWorkflowMigrationRunner + database migrations (shared migration path; per-field migration not implied),core/execution compat/WorkflowRequirementCatalog + CommandCatalog + CommandRequirementCatalog; per-node resolution not statically evaluated,DECLARED_NO_STATIC_RUNTIME_READ,See schema source; static literal extraction is incomplete,AutomationNodeCatalog stable id + persisted TriggerType name; workflowVersion in Automation model,NOT_TRACED_BY_THIS_GATE,data/backup/BackupManager (generic workflow encoding; per-field import/export behavior not implied),NOT_TESTED
TRIGGER,CLIPBOARD_CHANGED,contains,domain/src/main/java/com/nexaflow/domain/catalog/TriggerNodeSchemas.kt (stringField;required=false-or-derived;sensitive=false-or-derived;default=helper-or-none),core/automation-engine/src/main/java/com/nexaflow/core/engine/DeviceOneShotTriggerMatcher.kt|core/execution/src/main/java/com/nexaflow/core/execution/TriggerStateEvaluator.kt,core/automation-engine/src/main/java/com/nexaflow/core/engine/DeviceOneShotTriggerMatcher.kt|core/automation-engine/src/main/java/com/nexaflow/core/engine/DeviceStateMonitor28.kt|core/execution/src/main/java/com/nexaflow/core/execution/compat/CommandCatalog.kt|core/execution/src/main/java/com/nexaflow/core/execution/compat/EventSource.kt|core/execution/src/main/java/com/nexaflow/core/execution/TriggerStateEvaluator.kt,feature/automation-builder/src/main/java/com/nexaflow/feature/builder/TriggerCatalogPresentation.kt|feature/automation-builder/src/main/java/com/nexaflow/feature/builder/TriggerEditorCard.kt|feature/automation-builder/src/main/java/com/nexaflow/feature/builder/TriggerSummary.kt,core/automation-engine/src/test/java/com/nexaflow/core/engine/DeviceOneShotTriggerMatcherTest.kt|domain/src/test/java/com/nexaflow/domain/catalog/AutomationNodeCatalogTest.kt,core/database Converters + data/mapper/AutomationMapper (shared map serializer),data/repository/CanonicalWorkflowMigrationRunner + database migrations (shared migration path; per-field migration not implied),core/execution compat/WorkflowRequirementCatalog + CommandCatalog + CommandRequirementCatalog; per-node resolution not statically evaluated,DECLARED_AND_RUNTIME_READ,See schema source; static literal extraction is incomplete,AutomationNodeCatalog stable id + persisted TriggerType name; workflowVersion in Automation model,NOT_TRACED_BY_THIS_GATE,data/backup/BackupManager (generic workflow encoding; per-field import/export behavior not implied),NOT_TESTED
TRIGGER,DND_STATE,state,domain/src/main/java/com/nexaflow/domain/catalog/TriggerNodeSchemas.kt (enumField;required=false-or-derived;sensitive=false-or-derived;default=ON),NO_STATIC_MATCH,core/automation-engine/src/main/java/com/nexaflow/core/engine/DeviceStateMonitor28.kt|core/execution/src/main/java/com/nexaflow/core/execution/compat/CommandCatalog.kt|core/execution/src/main/java/com/nexaflow/core/execution/compat/EventSource.kt|core/execution/src/main/java/com/nexaflow/core/execution/TriggerStateEvaluator.kt,feature/automation-builder/src/main/java/com/nexaflow/feature/builder/TriggerCatalogPresentation.kt|feature/automation-builder/src/main/java/com/nexaflow/feature/builder/TriggerEditorCard.kt|feature/automation-builder/src/main/java/com/nexaflow/feature/builder/TriggerSummary.kt,core/automation-engine/src/test/java/com/nexaflow/core/engine/DeviceStateMonitor28LifecycleTest.kt,core/database Converters + data/mapper/AutomationMapper (shared map serializer),data/repository/CanonicalWorkflowMigrationRunner + database migrations (shared migration path; per-field migration not implied),core/execution compat/WorkflowRequirementCatalog + CommandCatalog + CommandRequirementCatalog; per-node resolution not statically evaluated,DECLARED_NO_STATIC_RUNTIME_READ,See schema source; static literal extraction is incomplete,AutomationNodeCatalog stable id + persisted TriggerType name; workflowVersion in Automation model,NOT_TRACED_BY_THIS_GATE,data/backup/BackupManager (generic workflow encoding; per-field import/export behavior not implied),NOT_TESTED
TRIGGER,STAY_AWAKE_STATE,state,domain/src/main/java/com/nexaflow/domain/catalog/TriggerNodeSchemas.kt (enumField;required=false-or-derived;sensitive=false-or-derived;default=ON),NO_STATIC_MATCH,core/automation-engine/src/main/java/com/nexaflow/core/engine/DeviceStateMonitor28.kt|core/execution/src/main/java/com/nexaflow/core/execution/compat/CommandCatalog.kt|core/execution/src/main/java/com/nexaflow/core/execution/compat/EventSource.kt|core/execution/src/main/java/com/nexaflow/core/execution/TriggerStateEvaluator.kt,feature/automation-builder/src/main/java/com/nexaflow/feature/builder/TriggerCatalogPresentation.kt|feature/automation-builder/src/main/java/com/nexaflow/feature/builder/TriggerEditorCard.kt|feature/automation-builder/src/main/java/com/nexaflow/feature/builder/TriggerSummary.kt,,core/database Converters + data/mapper/AutomationMapper (shared map serializer),data/repository/CanonicalWorkflowMigrationRunner + database migrations (shared migration path; per-field migration not implied),core/execution compat/WorkflowRequirementCatalog + CommandCatalog + CommandRequirementCatalog; per-node resolution not statically evaluated,DECLARED_NO_STATIC_RUNTIME_READ,See schema source; static literal extraction is incomplete,AutomationNodeCatalog stable id + persisted TriggerType name; workflowVersion in Automation model,NOT_TRACED_BY_THIS_GATE,data/backup/BackupManager (generic workflow encoding; per-field import/export behavior not implied),NOT_TESTED
TRIGGER,AUTO_BRIGHTNESS_STATE,state,domain/src/main/java/com/nexaflow/domain/catalog/TriggerNodeSchemas.kt (enumField;required=false-or-derived;sensitive=false-or-derived;default=ON),NO_STATIC_MATCH,core/automation-engine/src/main/java/com/nexaflow/core/engine/DeviceStateMonitor28.kt|core/execution/src/main/java/com/nexaflow/core/execution/compat/CommandCatalog.kt|core/execution/src/main/java/com/nexaflow/core/execution/compat/EventSource.kt|core/execution/src/main/java/com/nexaflow/core/execution/TriggerStateEvaluator.kt,feature/automation-builder/src/main/java/com/nexaflow/feature/builder/TriggerCatalogPresentation.kt|feature/automation-builder/src/main/java/com/nexaflow/feature/builder/TriggerEditorCard.kt|feature/automation-builder/src/main/java/com/nexaflow/feature/builder/TriggerSummary.kt,,core/database Converters + data/mapper/AutomationMapper (shared map serializer),data/repository/CanonicalWorkflowMigrationRunner + database migrations (shared migration path; per-field migration not implied),core/execution compat/WorkflowRequirementCatalog + CommandCatalog + CommandRequirementCatalog; per-node resolution not statically evaluated,DECLARED_NO_STATIC_RUNTIME_READ,See schema source; static literal extraction is incomplete,AutomationNodeCatalog stable id + persisted TriggerType name; workflowVersion in Automation model,NOT_TRACED_BY_THIS_GATE,data/backup/BackupManager (generic workflow encoding; per-field import/export behavior not implied),NOT_TESTED
TRIGGER,SCREEN_TIMEOUT_CHANGED,seconds,domain/src/main/java/com/nexaflow/domain/catalog/TriggerNodeSchemas.kt (durationField;required=false-or-derived;sensitive=false-or-derived;default=helper-or-none),core/automation-engine/src/main/java/com/nexaflow/core/engine/DeviceOneShotTriggerMatcher.kt,core/automation-engine/src/main/java/com/nexaflow/core/engine/DeviceOneShotTriggerMatcher.kt|core/automation-engine/src/main/java/com/nexaflow/core/engine/DeviceStateMonitor28.kt|core/execution/src/main/java/com/nexaflow/core/execution/compat/CommandCatalog.kt|core/execution/src/main/java/com/nexaflow/core/execution/compat/EventSource.kt|core/execution/src/main/java/com/nexaflow/core/execution/TriggerStateEvaluator.kt,feature/automation-builder/src/main/java/com/nexaflow/feature/builder/TriggerCatalogPresentation.kt|feature/automation-builder/src/main/java/com/nexaflow/feature/builder/TriggerEditorCard.kt|feature/automation-builder/src/main/java/com/nexaflow/feature/builder/TriggerSummary.kt,core/automation-engine/src/test/java/com/nexaflow/core/engine/DeviceOneShotTriggerMatcherTest.kt|domain/src/test/java/com/nexaflow/domain/catalog/AutomationNodeCatalogTest.kt,core/database Converters + data/mapper/AutomationMapper (shared map serializer),data/repository/CanonicalWorkflowMigrationRunner + database migrations (shared migration path; per-field migration not implied),core/execution compat/WorkflowRequirementCatalog + CommandCatalog + CommandRequirementCatalog; per-node resolution not statically evaluated,DECLARED_AND_RUNTIME_READ,See schema source; static literal extraction is incomplete,AutomationNodeCatalog stable id + persisted TriggerType name; workflowVersion in Automation model,NOT_TRACED_BY_THIS_GATE,data/backup/BackupManager (generic workflow encoding; per-field import/export behavior not implied),NOT_TESTED
TRIGGER,DATA_ROAMING_STATE,state,domain/src/main/java/com/nexaflow/domain/catalog/TriggerNodeSchemas.kt (enumField;required=false-or-derived;sensitive=false-or-derived;default=ON),NO_STATIC_MATCH,core/automation-engine/src/main/java/com/nexaflow/core/engine/DeviceStateMonitor28.kt|core/execution/src/main/java/com/nexaflow/core/execution/compat/CommandCatalog.kt|core/execution/src/main/java/com/nexaflow/core/execution/compat/CommandCompatibilityEngine.kt|core/execution/src/main/java/com/nexaflow/core/execution/compat/EventSource.kt|core/execution/src/main/java/com/nexaflow/core/execution/TriggerStateEvaluator.kt,feature/automation-builder/src/main/java/com/nexaflow/feature/builder/TriggerCatalogPresentation.kt|feature/automation-builder/src/main/java/com/nexaflow/feature/builder/TriggerEditorCard.kt|feature/automation-builder/src/main/java/com/nexaflow/feature/builder/TriggerSummary.kt,,core/database Converters + data/mapper/AutomationMapper (shared map serializer),data/repository/CanonicalWorkflowMigrationRunner + database migrations (shared migration path; per-field migration not implied),core/execution compat/WorkflowRequirementCatalog + CommandCatalog + CommandRequirementCatalog; per-node resolution not statically evaluated,DECLARED_NO_STATIC_RUNTIME_READ,See schema source; static literal extraction is incomplete,AutomationNodeCatalog stable id + persisted TriggerType name; workflowVersion in Automation model,NOT_TRACED_BY_THIS_GATE,data/backup/BackupManager (generic workflow encoding; per-field import/export behavior not implied),NOT_TESTED
TRIGGER,TIMEZONE_CHANGED,zone,domain/src/main/java/com/nexaflow/domain/catalog/TriggerNodeSchemas.kt (stringField;required=false-or-derived;sensitive=false-or-derived;default=helper-or-none),core/automation-engine/src/main/java/com/nexaflow/core/engine/DeviceOneShotTriggerMatcher.kt,core/automation-engine/src/main/java/com/nexaflow/core/engine/DeviceOneShotTriggerMatcher.kt|core/automation-engine/src/main/java/com/nexaflow/core/engine/DeviceStateMonitor28.kt|core/execution/src/main/java/com/nexaflow/core/execution/compat/CommandCatalog.kt|core/execution/src/main/java/com/nexaflow/core/execution/compat/EventSource.kt|core/execution/src/main/java/com/nexaflow/core/execution/TriggerStateEvaluator.kt,feature/automation-builder/src/main/java/com/nexaflow/feature/builder/TriggerCatalogPresentation.kt|feature/automation-builder/src/main/java/com/nexaflow/feature/builder/TriggerEditorCard.kt|feature/automation-builder/src/main/java/com/nexaflow/feature/builder/TriggerSummary.kt,core/automation-engine/src/test/java/com/nexaflow/core/engine/DeviceOneShotTriggerMatcherTest.kt|domain/src/test/java/com/nexaflow/domain/catalog/AutomationNodeCatalogTest.kt,core/database Converters + data/mapper/AutomationMapper (shared map serializer),data/repository/CanonicalWorkflowMigrationRunner + database migrations (shared migration path; per-field migration not implied),core/execution compat/WorkflowRequirementCatalog + CommandCatalog + CommandRequirementCatalog; per-node resolution not statically evaluated,DECLARED_AND_RUNTIME_READ,See schema source; static literal extraction is incomplete,AutomationNodeCatalog stable id + persisted TriggerType name; workflowVersion in Automation model,NOT_TRACED_BY_THIS_GATE,data/backup/BackupManager (generic workflow encoding; per-field import/export behavior not implied),NOT_TESTED
TRIGGER,NFC_TAG_SCANNED,contains,domain/src/main/java/com/nexaflow/domain/catalog/TriggerNodeSchemas.kt (stringField;required=false-or-derived;sensitive=false-or-derived;default=helper-or-none),core/automation-engine/src/main/java/com/nexaflow/core/engine/DeviceOneShotTriggerMatcher.kt|core/execution/src/main/java/com/nexaflow/core/execution/TriggerStateEvaluator.kt,core/automation-engine/src/main/java/com/nexaflow/core/engine/DeviceOneShotTriggerMatcher.kt|core/automation-engine/src/main/java/com/nexaflow/core/engine/DeviceStateMonitor28.kt|core/execution/src/main/java/com/nexaflow/core/execution/compat/CommandCatalog.kt|core/execution/src/main/java/com/nexaflow/core/execution/compat/CommandCompatibilityEngine.kt|core/execution/src/main/java/com/nexaflow/core/execution/compat/EventSource.kt|core/execution/src/main/java/com/nexaflow/core/execution/TriggerStateEvaluator.kt,feature/automation-builder/src/main/java/com/nexaflow/feature/builder/TriggerCatalogPresentation.kt|feature/automation-builder/src/main/java/com/nexaflow/feature/builder/TriggerEditorCard.kt|feature/automation-builder/src/main/java/com/nexaflow/feature/builder/TriggerSummary.kt,core/automation-engine/src/test/java/com/nexaflow/core/engine/DeviceOneShotTriggerMatcherTest.kt|domain/src/test/java/com/nexaflow/domain/catalog/AutomationNodeCatalogTest.kt,core/database Converters + data/mapper/AutomationMapper (shared map serializer),data/repository/CanonicalWorkflowMigrationRunner + database migrations (shared migration path; per-field migration not implied),core/execution compat/WorkflowRequirementCatalog + CommandCatalog + CommandRequirementCatalog; per-node resolution not statically evaluated,DECLARED_AND_RUNTIME_READ,See schema source; static literal extraction is incomplete,AutomationNodeCatalog stable id + persisted TriggerType name; workflowVersion in Automation model,NOT_TRACED_BY_THIS_GATE,data/backup/BackupManager (generic workflow encoding; per-field import/export behavior not implied),NOT_TESTED
TRIGGER,ALARM_SET_CHANGED,event,domain/src/main/java/com/nexaflow/domain/catalog/TriggerNodeSchemas.kt (enumField;required=false-or-derived;sensitive=false-or-derived;default=SET),core/automation-engine/src/main/java/com/nexaflow/core/engine/DeviceOneShotTriggerMatcher.kt|core/execution/src/main/java/com/nexaflow/core/execution/TriggerStateEvaluator.kt,core/automation-engine/src/main/java/com/nexaflow/core/engine/DeviceOneShotTriggerMatcher.kt|core/automation-engine/src/main/java/com/nexaflow/core/engine/DeviceStateMonitor28.kt|core/execution/src/main/java/com/nexaflow/core/execution/compat/CommandCatalog.kt|core/execution/src/main/java/com/nexaflow/core/execution/compat/EventSource.kt|core/execution/src/main/java/com/nexaflow/core/execution/TriggerStateEvaluator.kt,feature/automation-builder/src/main/java/com/nexaflow/feature/builder/TriggerCatalogPresentation.kt|feature/automation-builder/src/main/java/com/nexaflow/feature/builder/TriggerEditorCard.kt|feature/automation-builder/src/main/java/com/nexaflow/feature/builder/TriggerSummary.kt,core/automation-engine/src/test/java/com/nexaflow/core/engine/DeviceOneShotTriggerMatcherTest.kt|domain/src/test/java/com/nexaflow/domain/catalog/AutomationNodeCatalogTest.kt,core/database Converters + data/mapper/AutomationMapper (shared map serializer),data/repository/CanonicalWorkflowMigrationRunner + database migrations (shared migration path; per-field migration not implied),core/execution compat/WorkflowRequirementCatalog + CommandCatalog + CommandRequirementCatalog; per-node resolution not statically evaluated,DECLARED_AND_RUNTIME_READ,See schema source; static literal extraction is incomplete,AutomationNodeCatalog stable id + persisted TriggerType name; workflowVersion in Automation model,NOT_TRACED_BY_THIS_GATE,data/backup/BackupManager (generic workflow encoding; per-field import/export behavior not implied),NOT_TESTED
TRIGGER,WEAR_EVENT,state,domain/src/main/java/com/nexaflow/domain/catalog/TriggerNodeSchemas.kt (enumField;required=false-or-derived;sensitive=false-or-derived;default=CONNECTED),core/automation-engine/src/main/java/com/nexaflow/core/engine/WearEventRouter.kt|core/execution/src/main/java/com/nexaflow/core/execution/TriggerStateEvaluator.kt,core/automation-engine/src/main/java/com/nexaflow/core/engine/WearEventRouter.kt|core/execution/src/main/java/com/nexaflow/core/execution/compat/CommandCatalog.kt|core/execution/src/main/java/com/nexaflow/core/execution/compat/EventSource.kt|core/execution/src/main/java/com/nexaflow/core/execution/TriggerStateEvaluator.kt,feature/automation-builder/src/main/java/com/nexaflow/feature/builder/TriggerCatalogPresentation.kt|feature/automation-builder/src/main/java/com/nexaflow/feature/builder/TriggerEditorCard.kt|feature/automation-builder/src/main/java/com/nexaflow/feature/builder/TriggerSummary.kt,core/execution/src/test/java/com/nexaflow/core/execution/TriggerStateEvaluatorStateTest.kt|feature/automation-builder/src/test/java/com/nexaflow/feature/builder/TriggerDefaultsTest.kt,core/database Converters + data/mapper/AutomationMapper (shared map serializer),data/repository/CanonicalWorkflowMigrationRunner + database migrations (shared migration path; per-field migration not implied),core/execution compat/WorkflowRequirementCatalog + CommandCatalog + CommandRequirementCatalog; per-node resolution not statically evaluated,DECLARED_AND_RUNTIME_READ,See schema source; static literal extraction is incomplete,AutomationNodeCatalog stable id + persisted TriggerType name; workflowVersion in Automation model,NOT_TRACED_BY_THIS_GATE,data/backup/BackupManager (generic workflow encoding; per-field import/export behavior not implied),NOT_TESTED
TRIGGER,WEAR_EVENT,watchInstallId,domain/src/main/java/com/nexaflow/domain/catalog/TriggerNodeSchemas.kt (stringField;required=false-or-derived;sensitive=false-or-derived;default=helper-or-none),core/automation-engine/src/main/java/com/nexaflow/core/engine/WearEventRouter.kt|core/execution/src/main/java/com/nexaflow/core/execution/TriggerStateEvaluator.kt,core/automation-engine/src/main/java/com/nexaflow/core/engine/WearEventRouter.kt|core/execution/src/main/java/com/nexaflow/core/execution/compat/CommandCatalog.kt|core/execution/src/main/java/com/nexaflow/core/execution/compat/EventSource.kt|core/execution/src/main/java/com/nexaflow/core/execution/TriggerStateEvaluator.kt,feature/automation-builder/src/main/java/com/nexaflow/feature/builder/TriggerCatalogPresentation.kt|feature/automation-builder/src/main/java/com/nexaflow/feature/builder/TriggerEditorCard.kt|feature/automation-builder/src/main/java/com/nexaflow/feature/builder/TriggerSummary.kt,core/execution/src/test/java/com/nexaflow/core/execution/TriggerStateEvaluatorStateTest.kt|feature/automation-builder/src/test/java/com/nexaflow/feature/builder/TriggerDefaultsTest.kt,core/database Converters + data/mapper/AutomationMapper (shared map serializer),data/repository/CanonicalWorkflowMigrationRunner + database migrations (shared migration path; per-field migration not implied),core/execution compat/WorkflowRequirementCatalog + CommandCatalog + CommandRequirementCatalog; per-node resolution not statically evaluated,DECLARED_AND_RUNTIME_READ,See schema source; static literal extraction is incomplete,AutomationNodeCatalog stable id + persisted TriggerType name; workflowVersion in Automation model,NOT_TRACED_BY_THIS_GATE,data/backup/BackupManager (generic workflow encoding; per-field import/export behavior not implied),NOT_TESTED
TRIGGER,PLUGIN_EVENT,eventComponent,domain/src/main/java/com/nexaflow/domain/catalog/TriggerNodeSchemas.kt (stringField;required=false-or-derived;sensitive=false-or-derived;default=helper-or-none),NO_STATIC_MATCH,core/automation-engine/src/main/java/com/nexaflow/core/engine/PluginEventIngress.kt|core/automation-engine/src/main/java/com/nexaflow/core/engine/PluginEventRouter.kt|core/execution/src/main/java/com/nexaflow/core/execution/compat/CommandCatalog.kt|core/execution/src/main/java/com/nexaflow/core/execution/compat/EventSource.kt|core/execution/src/main/java/com/nexaflow/core/execution/TriggerStateEvaluator.kt,,,core/database Converters + data/mapper/AutomationMapper (shared map serializer),data/repository/CanonicalWorkflowMigrationRunner + database migrations (shared migration path; per-field migration not implied),core/execution compat/WorkflowRequirementCatalog + CommandCatalog + CommandRequirementCatalog; per-node resolution not statically evaluated,DECLARED_NO_STATIC_RUNTIME_READ,See schema source; static literal extraction is incomplete,AutomationNodeCatalog stable id + persisted TriggerType name; workflowVersion in Automation model,NOT_TRACED_BY_THIS_GATE,data/backup/BackupManager (generic workflow encoding; per-field import/export behavior not implied),NOT_TESTED
TRIGGER,PLUGIN_EVENT,package,domain/src/main/java/com/nexaflow/domain/catalog/TriggerNodeSchemas.kt (packageField;required=false-or-derived;sensitive=false-or-derived;default=helper-or-none),NO_STATIC_MATCH,core/automation-engine/src/main/java/com/nexaflow/core/engine/PluginEventIngress.kt|core/automation-engine/src/main/java/com/nexaflow/core/engine/PluginEventRouter.kt|core/execution/src/main/java/com/nexaflow/core/execution/compat/CommandCatalog.kt|core/execution/src/main/java/com/nexaflow/core/execution/compat/EventSource.kt|core/execution/src/main/java/com/nexaflow/core/execution/TriggerStateEvaluator.kt,feature/automation-builder/src/main/java/com/nexaflow/feature/builder/TriggerCatalogPresentation.kt|feature/automation-builder/src/main/java/com/nexaflow/feature/builder/TriggerEditorCard.kt|feature/automation-builder/src/main/java/com/nexaflow/feature/builder/TriggerSummary.kt,,core/database Converters + data/mapper/AutomationMapper (shared map serializer),data/repository/CanonicalWorkflowMigrationRunner + database migrations (shared migration path; per-field migration not implied),core/execution compat/WorkflowRequirementCatalog + CommandCatalog + CommandRequirementCatalog; per-node resolution not statically evaluated,DECLARED_NO_STATIC_RUNTIME_READ,See schema source; static literal extraction is incomplete,AutomationNodeCatalog stable id + persisted TriggerType name; workflowVersion in Automation model,NOT_TRACED_BY_THIS_GATE,data/backup/BackupManager (generic workflow encoding; per-field import/export behavior not implied),NOT_TESTED
TRIGGER,PLUGIN_EVENT,pluginApproval,domain/src/main/java/com/nexaflow/domain/catalog/TriggerNodeSchemas.kt (enumField;required=false-or-derived;sensitive=false-or-derived;default=helper-or-none),NO_STATIC_MATCH,core/automation-engine/src/main/java/com/nexaflow/core/engine/PluginEventIngress.kt|core/automation-engine/src/main/java/com/nexaflow/core/engine/PluginEventRouter.kt|core/execution/src/main/java/com/nexaflow/core/execution/compat/CommandCatalog.kt|core/execution/src/main/java/com/nexaflow/core/execution/compat/EventSource.kt|core/execution/src/main/java/com/nexaflow/core/execution/TriggerStateEvaluator.kt,,,core/database Converters + data/mapper/AutomationMapper (shared map serializer),data/repository/CanonicalWorkflowMigrationRunner + database migrations (shared migration path; per-field migration not implied),core/execution compat/WorkflowRequirementCatalog + CommandCatalog + CommandRequirementCatalog; per-node resolution not statically evaluated,DECLARED_NO_STATIC_RUNTIME_READ,See schema source; static literal extraction is incomplete,AutomationNodeCatalog stable id + persisted TriggerType name; workflowVersion in Automation model,NOT_TRACED_BY_THIS_GATE,data/backup/BackupManager (generic workflow encoding; per-field import/export behavior not implied),NOT_TESTED
TRIGGER,PLUGIN_EVENT,pluginEventId,domain/src/main/java/com/nexaflow/domain/catalog/TriggerNodeSchemas.kt (stringField;required=false-or-derived;sensitive=false-or-derived;default=helper-or-none),NO_STATIC_MATCH,core/automation-engine/src/main/java/com/nexaflow/core/engine/PluginEventIngress.kt|core/automation-engine/src/main/java/com/nexaflow/core/engine/PluginEventRouter.kt|core/execution/src/main/java/com/nexaflow/core/execution/compat/CommandCatalog.kt|core/execution/src/main/java/com/nexaflow/core/execution/compat/EventSource.kt|core/execution/src/main/java/com/nexaflow/core/execution/TriggerStateEvaluator.kt,,,core/database Converters + data/mapper/AutomationMapper (shared map serializer),data/repository/CanonicalWorkflowMigrationRunner + database migrations (shared migration path; per-field migration not implied),core/execution compat/WorkflowRequirementCatalog + CommandCatalog + CommandRequirementCatalog; per-node resolution not statically evaluated,DECLARED_NO_STATIC_RUNTIME_READ,See schema source; static literal extraction is incomplete,AutomationNodeCatalog stable id + persisted TriggerType name; workflowVersion in Automation model,NOT_TRACED_BY_THIS_GATE,data/backup/BackupManager (generic workflow encoding; per-field import/export behavior not implied),NOT_TESTED
TRIGGER,PLUGIN_EVENT,pluginInstance,domain/src/main/java/com/nexaflow/domain/catalog/TriggerNodeSchemas.kt (stringField;required=false-or-derived;sensitive=false-or-derived;default=helper-or-none),NO_STATIC_MATCH,core/automation-engine/src/main/java/com/nexaflow/core/engine/PluginEventIngress.kt|core/automation-engine/src/main/java/com/nexaflow/core/engine/PluginEventRouter.kt|core/execution/src/main/java/com/nexaflow/core/execution/compat/CommandCatalog.kt|core/execution/src/main/java/com/nexaflow/core/execution/compat/EventSource.kt|core/execution/src/main/java/com/nexaflow/core/execution/TriggerStateEvaluator.kt,,,core/database Converters + data/mapper/AutomationMapper (shared map serializer),data/repository/CanonicalWorkflowMigrationRunner + database migrations (shared migration path; per-field migration not implied),core/execution compat/WorkflowRequirementCatalog + CommandCatalog + CommandRequirementCatalog; per-node resolution not statically evaluated,DECLARED_NO_STATIC_RUNTIME_READ,See schema source; static literal extraction is incomplete,AutomationNodeCatalog stable id + persisted TriggerType name; workflowVersion in Automation model,NOT_TRACED_BY_THIS_GATE,data/backup/BackupManager (generic workflow encoding; per-field import/export behavior not implied),NOT_TESTED
TRIGGER,PLUGIN_EVENT,plugin_id,domain/src/main/java/com/nexaflow/domain/catalog/TriggerNodeSchemas.kt (stringField;required=false-or-derived;sensitive=false-or-derived;default=helper-or-none),NO_STATIC_MATCH,core/automation-engine/src/main/java/com/nexaflow/core/engine/PluginEventIngress.kt|core/automation-engine/src/main/java/com/nexaflow/core/engine/PluginEventRouter.kt|core/execution/src/main/java/com/nexaflow/core/execution/compat/CommandCatalog.kt|core/execution/src/main/java/com/nexaflow/core/execution/compat/EventSource.kt|core/execution/src/main/java/com/nexaflow/core/execution/TriggerStateEvaluator.kt,,,core/database Converters + data/mapper/AutomationMapper (shared map serializer),data/repository/CanonicalWorkflowMigrationRunner + database migrations (shared migration path; per-field migration not implied),core/execution compat/WorkflowRequirementCatalog + CommandCatalog + CommandRequirementCatalog; per-node resolution not statically evaluated,DECLARED_NO_STATIC_RUNTIME_READ,See schema source; static literal extraction is incomplete,AutomationNodeCatalog stable id + persisted TriggerType name; workflowVersion in Automation model,NOT_TRACED_BY_THIS_GATE,data/backup/BackupManager (generic workflow encoding; per-field import/export behavior not implied),NOT_TESTED
ACTION,SYSTEM_BRIGHTNESS,value,domain/src/main/java/com/nexaflow/domain/catalog/ActionNodeSchemas.kt (integerField;required=false-or-derived;sensitive=false-or-derived;default=128),core/execution/src/main/java/com/nexaflow/core/execution/handler/DisplayActionsHandler.kt,core/execution/src/main/java/com/nexaflow/core/execution/handler/DisplayActionsHandler.kt,feature/automation-builder/src/main/java/com/nexaflow/feature/builder/ActionConfigEditor.kt|feature/automation-builder/src/main/java/com/nexaflow/feature/builder/BuilderActionPresentation.kt|feature/automation-builder/src/main/java/com/nexaflow/feature/builder/EndBehaviorEditor.kt,core/execution/src/test/java/com/nexaflow/core/execution/ActionStateReaderTest.kt|core/execution/src/test/java/com/nexaflow/core/execution/capability/semantic/CapabilityRouterTest.kt|core/execution/src/test/java/com/nexaflow/core/execution/capability/semantic/SemanticActionMapperTest.kt|core/execution/src/test/java/com/nexaflow/core/execution/capability/semantic/SemanticActionMapperValueWriteTest.kt|core/execution/src/test/java/com/nexaflow/core/execution/compat/AutomationWorkflowMapperTest.kt|core/execution/src/test/java/com/nexaflow/core/execution/compat/AutomationWorkflowRunnerTest.kt|core/execution/src/test/java/com/nexaflow/core/execution/compat/CanonicalRuntimeCutoverAdapterTest.kt|core/execution/src/test/java/com/nexaflow/core/execution/compat/WorkflowRequirementCatalogTest.kt|data/src/test/java/com/nexaflow/data/mapper/AutomationMapperTest.kt|data/src/test/java/com/nexaflow/data/repository/CanonicalWorkflowMigrationRunnerTest.kt|data/src/test/java/com/nexaflow/data/repository/RepositoryImplTest.kt|domain/src/test/java/com/nexaflow/domain/canonical/CanonicalWorkflowDocumentV3Test.kt|domain/src/test/java/com/nexaflow/domain/models/EndBehaviorCatalogTest.kt|domain/src/test/java/com/nexaflow/domain/workflow/WorkflowDocumentV1Test.kt|domain/src/test/java/com/nexaflow/domain/workflow/WorkflowPersistencePolicyTest.kt|feature/automation-builder/src/test/java/com/nexaflow/feature/builder/CanonicalBuilderSchemaBridgeTest.kt,core/database Converters + data/mapper/AutomationMapper (shared map serializer),data/repository/CanonicalWorkflowMigrationRunner + database migrations (shared migration path; per-field migration not implied),core/execution compat/WorkflowRequirementCatalog + CommandCatalog + CommandRequirementCatalog; per-node resolution not statically evaluated,DECLARED_AND_RUNTIME_READ,See schema source; static literal extraction is incomplete,AutomationNodeCatalog stable id + persisted ActionType name; workflowVersion in Automation model,NOT_TRACED_BY_THIS_GATE,data/backup/BackupManager (generic workflow encoding; per-field import/export behavior not implied),NOT_TESTED
ACTION,SYSTEM_VOLUME,value,domain/src/main/java/com/nexaflow/domain/catalog/ActionNodeSchemas.kt (integerField;required=false-or-derived;sensitive=false-or-derived;default=50),core/execution/src/main/java/com/nexaflow/core/execution/handler/SoundActionsHandler.kt,core/execution/src/main/java/com/nexaflow/core/execution/handler/SoundActionsHandler.kt,feature/automation-builder/src/main/java/com/nexaflow/feature/builder/ActionConfigEditor.kt|feature/automation-builder/src/main/java/com/nexaflow/feature/builder/BuilderActionPresentation.kt|feature/automation-builder/src/main/java/com/nexaflow/feature/builder/EndBehaviorEditor.kt,core/database/src/test/java/com/nexaflow/core/database/ConvertersCompatTest.kt|core/execution/src/test/java/com/nexaflow/core/execution/compat/AutomationWorkflowMapperTest.kt|core/execution/src/test/java/com/nexaflow/core/execution/compat/AutomationWorkflowRunnerTest.kt|feature/automation-builder/src/test/java/com/nexaflow/feature/builder/ActionDraftTest.kt,core/database Converters + data/mapper/AutomationMapper (shared map serializer),data/repository/CanonicalWorkflowMigrationRunner + database migrations (shared migration path; per-field migration not implied),core/execution compat/WorkflowRequirementCatalog + CommandCatalog + CommandRequirementCatalog; per-node resolution not statically evaluated,DECLARED_AND_RUNTIME_READ,See schema source; static literal extraction is incomplete,AutomationNodeCatalog stable id + persisted ActionType name; workflowVersion in Automation model,NOT_TRACED_BY_THIS_GATE,data/backup/BackupManager (generic workflow encoding; per-field import/export behavior not implied),NOT_TESTED
ACTION,SYSTEM_STREAM_VOLUME,stream,domain/src/main/java/com/nexaflow/domain/catalog/ActionNodeSchemas.kt (stringField;required=false-or-derived;sensitive=false-or-derived;default=MUSIC),core/execution/src/main/java/com/nexaflow/core/execution/handler/SoundActionsHandler.kt,core/execution/src/main/java/com/nexaflow/core/execution/handler/SoundActionsHandler.kt,feature/automation-builder/src/main/java/com/nexaflow/feature/builder/ActionConfigEditor.kt|feature/automation-builder/src/main/java/com/nexaflow/feature/builder/BuilderActionPresentation.kt|feature/automation-builder/src/main/java/com/nexaflow/feature/builder/EndBehaviorEditor.kt,,core/database Converters + data/mapper/AutomationMapper (shared map serializer),data/repository/CanonicalWorkflowMigrationRunner + database migrations (shared migration path; per-field migration not implied),core/execution compat/WorkflowRequirementCatalog + CommandCatalog + CommandRequirementCatalog; per-node resolution not statically evaluated,DECLARED_AND_RUNTIME_READ,See schema source; static literal extraction is incomplete,AutomationNodeCatalog stable id + persisted ActionType name; workflowVersion in Automation model,NOT_TRACED_BY_THIS_GATE,data/backup/BackupManager (generic workflow encoding; per-field import/export behavior not implied),NOT_TESTED
ACTION,SYSTEM_STREAM_VOLUME,value,domain/src/main/java/com/nexaflow/domain/catalog/ActionNodeSchemas.kt (integerField;required=false-or-derived;sensitive=false-or-derived;default=50),core/execution/src/main/java/com/nexaflow/core/execution/handler/SoundActionsHandler.kt,core/execution/src/main/java/com/nexaflow/core/execution/handler/SoundActionsHandler.kt,feature/automation-builder/src/main/java/com/nexaflow/feature/builder/ActionConfigEditor.kt|feature/automation-builder/src/main/java/com/nexaflow/feature/builder/BuilderActionPresentation.kt|feature/automation-builder/src/main/java/com/nexaflow/feature/builder/EndBehaviorEditor.kt,,core/database Converters + data/mapper/AutomationMapper (shared map serializer),data/repository/CanonicalWorkflowMigrationRunner + database migrations (shared migration path; per-field migration not implied),core/execution compat/WorkflowRequirementCatalog + CommandCatalog + CommandRequirementCatalog; per-node resolution not statically evaluated,DECLARED_AND_RUNTIME_READ,See schema source; static literal extraction is incomplete,AutomationNodeCatalog stable id + persisted ActionType name; workflowVersion in Automation model,NOT_TRACED_BY_THIS_GATE,data/backup/BackupManager (generic workflow encoding; per-field import/export behavior not implied),NOT_TESTED
ACTION,SYSTEM_DND,enabled,domain/src/main/java/com/nexaflow/domain/catalog/ActionNodeSchemas.kt (helper-or-derived),core/execution/src/main/java/com/nexaflow/core/execution/handler/SoundActionsHandler.kt,core/execution/src/main/java/com/nexaflow/core/execution/handler/SoundActionsHandler.kt,feature/automation-builder/src/main/java/com/nexaflow/feature/builder/ActionConfigEditor.kt|feature/automation-builder/src/main/java/com/nexaflow/feature/builder/BuilderActionPresentation.kt|feature/automation-builder/src/main/java/com/nexaflow/feature/builder/EndBehaviorEditor.kt,core/execution/src/test/java/com/nexaflow/core/execution/capability/semantic/SemanticActionMapperTest.kt|data/src/test/java/com/nexaflow/data/mapper/AutomationMapperTest.kt,core/database Converters + data/mapper/AutomationMapper (shared map serializer),data/repository/CanonicalWorkflowMigrationRunner + database migrations (shared migration path; per-field migration not implied),core/execution compat/WorkflowRequirementCatalog + CommandCatalog + CommandRequirementCatalog; per-node resolution not statically evaluated,DECLARED_AND_RUNTIME_READ,See schema source; static literal extraction is incomplete,AutomationNodeCatalog stable id + persisted ActionType name; workflowVersion in Automation model,NOT_TRACED_BY_THIS_GATE,data/backup/BackupManager (generic workflow encoding; per-field import/export behavior not implied),NOT_TESTED
ACTION,SYSTEM_SCREEN_ROTATION,autoRotate,domain/src/main/java/com/nexaflow/domain/catalog/ActionNodeSchemas.kt (booleanField;required=false-or-derived;sensitive=false-or-derived;default=true),core/execution/src/main/java/com/nexaflow/core/execution/handler/DisplayActionsHandler.kt,core/execution/src/main/java/com/nexaflow/core/execution/handler/DisplayActionsHandler.kt,feature/automation-builder/src/main/java/com/nexaflow/feature/builder/ActionConfigEditor.kt|feature/automation-builder/src/main/java/com/nexaflow/feature/builder/BuilderActionPresentation.kt|feature/automation-builder/src/main/java/com/nexaflow/feature/builder/EndBehaviorEditor.kt,core/execution/src/test/java/com/nexaflow/core/execution/ActionStateReaderTest.kt|feature/dashboard/src/test/java/com/nexaflow/feature/dashboard/RoutineCardDetailsTest.kt|feature/dashboard/src/test/java/com/nexaflow/feature/dashboard/RoutineCardLiveStateTest.kt,core/database Converters + data/mapper/AutomationMapper (shared map serializer),data/repository/CanonicalWorkflowMigrationRunner + database migrations (shared migration path; per-field migration not implied),core/execution compat/WorkflowRequirementCatalog + CommandCatalog + CommandRequirementCatalog; per-node resolution not statically evaluated,DECLARED_AND_RUNTIME_READ,See schema source; static literal extraction is incomplete,AutomationNodeCatalog stable id + persisted ActionType name; workflowVersion in Automation model,NOT_TRACED_BY_THIS_GATE,data/backup/BackupManager (generic workflow encoding; per-field import/export behavior not implied),NOT_TESTED
ACTION,SYSTEM_OPEN_APP,package,domain/src/main/java/com/nexaflow/domain/catalog/ActionNodeSchemas.kt (packageField;required=false-or-derived;sensitive=false-or-derived;default=helper-or-none),core/execution/src/main/java/com/nexaflow/core/execution/handler/AppActionsHandler.kt,core/execution/src/main/java/com/nexaflow/core/execution/handler/AppActionsHandler.kt,feature/automation-builder/src/main/java/com/nexaflow/feature/builder/ActionConfigEditor.kt|feature/automation-builder/src/main/java/com/nexaflow/feature/builder/AutomationBuilderScreen.kt|feature/automation-builder/src/main/java/com/nexaflow/feature/builder/BuilderActionPresentation.kt,,core/database Converters + data/mapper/AutomationMapper (shared map serializer),data/repository/CanonicalWorkflowMigrationRunner + database migrations (shared migration path; per-field migration not implied),core/execution compat/WorkflowRequirementCatalog + CommandCatalog + CommandRequirementCatalog; per-node resolution not statically evaluated,DECLARED_AND_RUNTIME_READ,See schema source; static literal extraction is incomplete,AutomationNodeCatalog stable id + persisted ActionType name; workflowVersion in Automation model,NOT_TRACED_BY_THIS_GATE,data/backup/BackupManager (generic workflow encoding; per-field import/export behavior not implied),NOT_TESTED
ACTION,SYSTEM_OPEN_APP,packages,domain/src/main/java/com/nexaflow/domain/catalog/ActionNodeSchemas.kt (stringField;required=false-or-derived;sensitive=false-or-derived;default=helper-or-none),core/execution/src/main/java/com/nexaflow/core/execution/handler/AppActionsHandler.kt,core/execution/src/main/java/com/nexaflow/core/execution/handler/AppActionsHandler.kt,feature/automation-builder/src/main/java/com/nexaflow/feature/builder/AutomationBuilderScreen.kt|feature/automation-builder/src/main/java/com/nexaflow/feature/builder/BuilderActionPresentation.kt,feature/automation-builder/src/test/java/com/nexaflow/feature/builder/CanonicalBuilderSchemaBridgeTest.kt,core/database Converters + data/mapper/AutomationMapper (shared map serializer),data/repository/CanonicalWorkflowMigrationRunner + database migrations (shared migration path; per-field migration not implied),core/execution compat/WorkflowRequirementCatalog + CommandCatalog + CommandRequirementCatalog; per-node resolution not statically evaluated,DECLARED_AND_RUNTIME_READ,See schema source; static literal extraction is incomplete,AutomationNodeCatalog stable id + persisted ActionType name; workflowVersion in Automation model,NOT_TRACED_BY_THIS_GATE,data/backup/BackupManager (generic workflow encoding; per-field import/export behavior not implied),NOT_TESTED
ACTION,SYSTEM_SEND_NOTIFICATION,action_buttons,domain/src/main/java/com/nexaflow/domain/catalog/ActionNodeSchemas.kt (jsonField;required=false-or-derived;sensitive=false-or-derived;default=helper-or-none),core/execution/src/main/java/com/nexaflow/core/execution/handler/NotificationActionsHandler.kt,core/execution/src/main/java/com/nexaflow/core/execution/handler/NotificationActionsHandler.kt,feature/automation-builder/src/main/java/com/nexaflow/feature/builder/ActionConfigEditor.kt|feature/automation-builder/src/main/java/com/nexaflow/feature/builder/BuilderActionPresentation.kt,,core/database Converters + data/mapper/AutomationMapper (shared map serializer),data/repository/CanonicalWorkflowMigrationRunner + database migrations (shared migration path; per-field migration not implied),core/execution compat/WorkflowRequirementCatalog + CommandCatalog + CommandRequirementCatalog; per-node resolution not statically evaluated,DECLARED_AND_RUNTIME_READ,See schema source; static literal extraction is incomplete,AutomationNodeCatalog stable id + persisted ActionType name; workflowVersion in Automation model,NOT_TRACED_BY_THIS_GATE,data/backup/BackupManager (generic workflow encoding; per-field import/export behavior not implied),NOT_TESTED
ACTION,SYSTEM_SEND_NOTIFICATION,sound,domain/src/main/java/com/nexaflow/domain/catalog/ActionNodeSchemas.kt (enumField;required=false-or-derived;sensitive=false-or-derived;default=DEFAULT),core/execution/src/main/java/com/nexaflow/core/execution/handler/NotificationActionsHandler.kt,core/execution/src/main/java/com/nexaflow/core/execution/handler/NotificationActionsHandler.kt,feature/automation-builder/src/main/java/com/nexaflow/feature/builder/ActionConfigEditor.kt|feature/automation-builder/src/main/java/com/nexaflow/feature/builder/BuilderActionPresentation.kt,,core/database Converters + data/mapper/AutomationMapper (shared map serializer),data/repository/CanonicalWorkflowMigrationRunner + database migrations (shared migration path; per-field migration not implied),core/execution compat/WorkflowRequirementCatalog + CommandCatalog + CommandRequirementCatalog; per-node resolution not statically evaluated,DECLARED_AND_RUNTIME_READ,See schema source; static literal extraction is incomplete,AutomationNodeCatalog stable id + persisted ActionType name; workflowVersion in Automation model,NOT_TRACED_BY_THIS_GATE,data/backup/BackupManager (generic workflow encoding; per-field import/export behavior not implied),NOT_TESTED
ACTION,SYSTEM_SEND_NOTIFICATION,text,domain/src/main/java/com/nexaflow/domain/catalog/ActionNodeSchemas.kt (stringField;required=false-or-derived;sensitive=false-or-derived;default=Automation executed),core/execution/src/main/java/com/nexaflow/core/execution/handler/NotificationActionsHandler.kt,core/execution/src/main/java/com/nexaflow/core/execution/handler/NotificationActionsHandler.kt,feature/automation-builder/src/main/java/com/nexaflow/feature/builder/ActionConfigEditor.kt|feature/automation-builder/src/main/java/com/nexaflow/feature/builder/BuilderActionPresentation.kt,core/execution/src/test/java/com/nexaflow/core/execution/ExecutionEngineContextSelectorTest.kt|core/execution/src/test/java/com/nexaflow/core/execution/ExecutionEngineVariableResolutionTest.kt|feature/automation-builder/src/test/java/com/nexaflow/feature/builder/ActionDraftTest.kt,core/database Converters + data/mapper/AutomationMapper (shared map serializer),data/repository/CanonicalWorkflowMigrationRunner + database migrations (shared migration path; per-field migration not implied),core/execution compat/WorkflowRequirementCatalog + CommandCatalog + CommandRequirementCatalog; per-node resolution not statically evaluated,DECLARED_AND_RUNTIME_READ,See schema source; static literal extraction is incomplete,AutomationNodeCatalog stable id + persisted ActionType name; workflowVersion in Automation model,NOT_TRACED_BY_THIS_GATE,data/backup/BackupManager (generic workflow encoding; per-field import/export behavior not implied),NOT_TESTED
ACTION,SYSTEM_SEND_NOTIFICATION,title,domain/src/main/java/com/nexaflow/domain/catalog/ActionNodeSchemas.kt (stringField;required=false-or-derived;sensitive=false-or-derived;default=NexaFlow),core/execution/src/main/java/com/nexaflow/core/execution/handler/NotificationActionsHandler.kt,core/execution/src/main/java/com/nexaflow/core/execution/handler/NotificationActionsHandler.kt,feature/automation-builder/src/main/java/com/nexaflow/feature/builder/ActionConfigEditor.kt|feature/automation-builder/src/main/java/com/nexaflow/feature/builder/BuilderActionPresentation.kt,core/automation-control/src/test/java/com/nexaflow/core/automationcontrol/simulation/AgentSimulationServiceTest.kt|core/automation-engine/src/test/java/com/nexaflow/core/engine/DeviceEventMonitorExitReconcileTest.kt|core/automation-engine/src/test/java/com/nexaflow/core/engine/ExitCoordinatorTest.kt|core/automation-engine/src/test/java/com/nexaflow/core/engine/ExitReconcileTestSupport.kt|core/automation-engine/src/test/java/com/nexaflow/core/engine/MediaMonitorLifecycleTest.kt|core/execution/src/test/java/com/nexaflow/core/execution/AutomationRunListenerTest.kt|core/execution/src/test/java/com/nexaflow/core/execution/CanonicalFaultInjectionIntegrationTest.kt|core/execution/src/test/java/com/nexaflow/core/execution/compat/AutomationWorkflowRunnerTest.kt|core/execution/src/test/java/com/nexaflow/core/execution/ExecutionEngineConcurrentAdmissionTest.kt|core/execution/src/test/java/com/nexaflow/core/execution/ExecutionEngineConstraintsTest.kt|core/execution/src/test/java/com/nexaflow/core/execution/ExecutionEngineContextSelectorTest.kt|core/execution/src/test/java/com/nexaflow/core/execution/ExecutionEngineDeleteLifecycleTest.kt|core/execution/src/test/java/com/nexaflow/core/execution/ExecutionEngineExitBehaviorTest.kt|core/execution/src/test/java/com/nexaflow/core/execution/ExecutionEngineRecoveryCheckpointTest.kt|core/execution/src/test/java/com/nexaflow/core/execution/ExecutionEngineTriggerMatchTest.kt|core/execution/src/test/java/com/nexaflow/core/execution/ExecutionEngineVariableResolutionTest.kt|core/execution/src/test/java/com/nexaflow/core/execution/recovery/ExecutionRecoveryCoordinatorTest.kt|feature/automation-builder/src/test/java/com/nexaflow/feature/builder/ActionDraftTest.kt,core/database Converters + data/mapper/AutomationMapper (shared map serializer),data/repository/CanonicalWorkflowMigrationRunner + database migrations (shared migration path; per-field migration not implied),core/execution compat/WorkflowRequirementCatalog + CommandCatalog + CommandRequirementCatalog; per-node resolution not statically evaluated,DECLARED_AND_RUNTIME_READ,See schema source; static literal extraction is incomplete,AutomationNodeCatalog stable id + persisted ActionType name; workflowVersion in Automation model,NOT_TRACED_BY_THIS_GATE,data/backup/BackupManager (generic workflow encoding; per-field import/export behavior not implied),NOT_TESTED
ACTION,SYSTEM_BLOCK_NOTIFICATION,enabled,domain/src/main/java/com/nexaflow/domain/catalog/ActionNodeSchemas.kt (booleanField;required=false-or-derived;sensitive=false-or-derived;default=true),core/execution/src/main/java/com/nexaflow/core/execution/handler/NotificationActionsHandler.kt,core/execution/src/main/java/com/nexaflow/core/execution/handler/NotificationActionsHandler.kt,feature/automation-builder/src/main/java/com/nexaflow/feature/builder/ActionConfigEditor.kt|feature/automation-builder/src/main/java/com/nexaflow/feature/builder/BuilderActionPresentation.kt,core/execution/src/test/java/com/nexaflow/core/execution/handler/HandlerDispatchE2ETest.kt|data/src/test/java/com/nexaflow/data/mapper/AutomationMapperTest.kt,core/database Converters + data/mapper/AutomationMapper (shared map serializer),data/repository/CanonicalWorkflowMigrationRunner + database migrations (shared migration path; per-field migration not implied),core/execution compat/WorkflowRequirementCatalog + CommandCatalog + CommandRequirementCatalog; per-node resolution not statically evaluated,DECLARED_AND_RUNTIME_READ,See schema source; static literal extraction is incomplete,AutomationNodeCatalog stable id + persisted ActionType name; workflowVersion in Automation model,NOT_TRACED_BY_THIS_GATE,data/backup/BackupManager (generic workflow encoding; per-field import/export behavior not implied),NOT_TESTED
ACTION,SYSTEM_BLOCK_NOTIFICATION,package,domain/src/main/java/com/nexaflow/domain/catalog/ActionNodeSchemas.kt (packageField;required=false-or-derived;sensitive=false-or-derived;default=helper-or-none),core/execution/src/main/java/com/nexaflow/core/execution/handler/NotificationActionsHandler.kt,core/execution/src/main/java/com/nexaflow/core/execution/handler/NotificationActionsHandler.kt,feature/automation-builder/src/main/java/com/nexaflow/feature/builder/ActionConfigEditor.kt|feature/automation-builder/src/main/java/com/nexaflow/feature/builder/AutomationBuilderScreen.kt|feature/automation-builder/src/main/java/com/nexaflow/feature/builder/BuilderActionPresentation.kt,data/src/test/java/com/nexaflow/data/mapper/AutomationMapperTest.kt,core/database Converters + data/mapper/AutomationMapper (shared map serializer),data/repository/CanonicalWorkflowMigrationRunner + database migrations (shared migration path; per-field migration not implied),core/execution compat/WorkflowRequirementCatalog + CommandCatalog + CommandRequirementCatalog; per-node resolution not statically evaluated,DECLARED_AND_RUNTIME_READ,See schema source; static literal extraction is incomplete,AutomationNodeCatalog stable id + persisted ActionType name; workflowVersion in Automation model,NOT_TRACED_BY_THIS_GATE,data/backup/BackupManager (generic workflow encoding; per-field import/export behavior not implied),NOT_TESTED
ACTION,SYSTEM_BLOCK_NOTIFICATION,packages,domain/src/main/java/com/nexaflow/domain/catalog/ActionNodeSchemas.kt (stringField;required=false-or-derived;sensitive=false-or-derived;default=helper-or-none),core/execution/src/main/java/com/nexaflow/core/execution/handler/NotificationActionsHandler.kt,core/execution/src/main/java/com/nexaflow/core/execution/handler/NotificationActionsHandler.kt,feature/automation-builder/src/main/java/com/nexaflow/feature/builder/AutomationBuilderScreen.kt|feature/automation-builder/src/main/java/com/nexaflow/feature/builder/BuilderActionPresentation.kt,core/execution/src/test/java/com/nexaflow/core/execution/handler/HandlerDispatchE2ETest.kt|data/src/test/java/com/nexaflow/data/mapper/AutomationMapperTest.kt,core/database Converters + data/mapper/AutomationMapper (shared map serializer),data/repository/CanonicalWorkflowMigrationRunner + database migrations (shared migration path; per-field migration not implied),core/execution compat/WorkflowRequirementCatalog + CommandCatalog + CommandRequirementCatalog; per-node resolution not statically evaluated,DECLARED_AND_RUNTIME_READ,See schema source; static literal extraction is incomplete,AutomationNodeCatalog stable id + persisted ActionType name; workflowVersion in Automation model,NOT_TRACED_BY_THIS_GATE,data/backup/BackupManager (generic workflow encoding; per-field import/export behavior not implied),NOT_TESTED
ACTION,SYSTEM_CLEAR_APP_NOTIFICATIONS,package,domain/src/main/java/com/nexaflow/domain/catalog/ActionNodeSchemas.kt (packageField;required=false-or-derived;sensitive=false-or-derived;default=helper-or-none),core/execution/src/main/java/com/nexaflow/core/execution/handler/NotificationActionsHandler.kt,core/execution/src/main/java/com/nexaflow/core/execution/handler/NotificationActionsHandler.kt,feature/automation-builder/src/main/java/com/nexaflow/feature/builder/ActionConfigEditor.kt|feature/automation-builder/src/main/java/com/nexaflow/feature/builder/AutomationBuilderScreen.kt|feature/automation-builder/src/main/java/com/nexaflow/feature/builder/BuilderActionPresentation.kt,data/src/test/java/com/nexaflow/data/mapper/AutomationMapperTest.kt,core/database Converters + data/mapper/AutomationMapper (shared map serializer),data/repository/CanonicalWorkflowMigrationRunner + database migrations (shared migration path; per-field migration not implied),core/execution compat/WorkflowRequirementCatalog + CommandCatalog + CommandRequirementCatalog; per-node resolution not statically evaluated,DECLARED_AND_RUNTIME_READ,See schema source; static literal extraction is incomplete,AutomationNodeCatalog stable id + persisted ActionType name; workflowVersion in Automation model,NOT_TRACED_BY_THIS_GATE,data/backup/BackupManager (generic workflow encoding; per-field import/export behavior not implied),NOT_TESTED
ACTION,SYSTEM_CLEAR_APP_NOTIFICATIONS,packages,domain/src/main/java/com/nexaflow/domain/catalog/ActionNodeSchemas.kt (stringField;required=false-or-derived;sensitive=false-or-derived;default=helper-or-none),core/execution/src/main/java/com/nexaflow/core/execution/handler/NotificationActionsHandler.kt,core/execution/src/main/java/com/nexaflow/core/execution/handler/NotificationActionsHandler.kt,feature/automation-builder/src/main/java/com/nexaflow/feature/builder/AutomationBuilderScreen.kt|feature/automation-builder/src/main/java/com/nexaflow/feature/builder/BuilderActionPresentation.kt,data/src/test/java/com/nexaflow/data/mapper/AutomationMapperTest.kt,core/database Converters + data/mapper/AutomationMapper (shared map serializer),data/repository/CanonicalWorkflowMigrationRunner + database migrations (shared migration path; per-field migration not implied),core/execution compat/WorkflowRequirementCatalog + CommandCatalog + CommandRequirementCatalog; per-node resolution not statically evaluated,DECLARED_AND_RUNTIME_READ,See schema source; static literal extraction is incomplete,AutomationNodeCatalog stable id + persisted ActionType name; workflowVersion in Automation model,NOT_TRACED_BY_THIS_GATE,data/backup/BackupManager (generic workflow encoding; per-field import/export behavior not implied),NOT_TESTED
ACTION,SYSTEM_WIFI,enabled,domain/src/main/java/com/nexaflow/domain/catalog/ActionNodeSchemas.kt (helper-or-derived),core/execution/src/main/java/com/nexaflow/core/execution/handler/ConnectivityActionsHandler.kt,core/execution/src/main/java/com/nexaflow/core/execution/handler/ConnectivityActionsHandler.kt,feature/automation-builder/src/main/java/com/nexaflow/feature/builder/ActionConfigEditor.kt|feature/automation-builder/src/main/java/com/nexaflow/feature/builder/BuilderActionPresentation.kt,core/automation-control/src/test/java/com/nexaflow/core/automationcontrol/risk/AgentRiskEvaluatorTest.kt|core/database/src/test/java/com/nexaflow/core/database/ConvertersCompatTest.kt|core/execution/src/test/java/com/nexaflow/core/execution/CanonicalFaultInjectionIntegrationTest.kt|core/execution/src/test/java/com/nexaflow/core/execution/capability/semantic/CapabilityRouterTest.kt|core/execution/src/test/java/com/nexaflow/core/execution/capability/semantic/SemanticActionMapperTest.kt|core/execution/src/test/java/com/nexaflow/core/execution/capability/semantic/SemanticWorkflowPlannerTest.kt|core/execution/src/test/java/com/nexaflow/core/execution/dryrun/WorkflowDryRunServiceTest.kt|core/execution/src/test/java/com/nexaflow/core/execution/ExecutionEngineSemanticPreflightTest.kt|core/execution/src/test/java/com/nexaflow/core/execution/ExecutionProgressTrackerTest.kt|core/execution/src/test/java/com/nexaflow/core/execution/TriggerMatchSerializationTest.kt|core/execution/src/test/java/com/nexaflow/core/execution/workflow/WorkflowDocumentCompilerTest.kt|data/src/test/java/com/nexaflow/data/repository/CanonicalWorkflowMigrationRunnerTest.kt|domain/src/test/java/com/nexaflow/domain/workflow/WorkflowDocumentV1Test.kt|domain/src/test/java/com/nexaflow/domain/workflow/WorkflowMigrationOrchestratorTest.kt|domain/src/test/java/com/nexaflow/domain/workflow/WorkflowPersistencePolicyTest.kt,core/database Converters + data/mapper/AutomationMapper (shared map serializer),data/repository/CanonicalWorkflowMigrationRunner + database migrations (shared migration path; per-field migration not implied),core/execution compat/WorkflowRequirementCatalog + CommandCatalog + CommandRequirementCatalog; per-node resolution not statically evaluated,DECLARED_AND_RUNTIME_READ,See schema source; static literal extraction is incomplete,AutomationNodeCatalog stable id + persisted ActionType name; workflowVersion in Automation model,NOT_TRACED_BY_THIS_GATE,data/backup/BackupManager (generic workflow encoding; per-field import/export behavior not implied),NOT_TESTED
ACTION,SYSTEM_BLUETOOTH,enabled,domain/src/main/java/com/nexaflow/domain/catalog/ActionNodeSchemas.kt (helper-or-derived),core/execution/src/main/java/com/nexaflow/core/execution/handler/ConnectivityActionsHandler.kt,core/execution/src/main/java/com/nexaflow/core/execution/handler/ConnectivityActionsHandler.kt,feature/automation-builder/src/main/java/com/nexaflow/feature/builder/ActionConfigEditor.kt|feature/automation-builder/src/main/java/com/nexaflow/feature/builder/BuilderActionPresentation.kt,core/execution/src/test/java/com/nexaflow/core/execution/capability/semantic/SemanticActionMapperTest.kt,core/database Converters + data/mapper/AutomationMapper (shared map serializer),data/repository/CanonicalWorkflowMigrationRunner + database migrations (shared migration path; per-field migration not implied),core/execution compat/WorkflowRequirementCatalog + CommandCatalog + CommandRequirementCatalog; per-node resolution not statically evaluated,DECLARED_AND_RUNTIME_READ,See schema source; static literal extraction is incomplete,AutomationNodeCatalog stable id + persisted ActionType name; workflowVersion in Automation model,NOT_TRACED_BY_THIS_GATE,data/backup/BackupManager (generic workflow encoding; per-field import/export behavior not implied),NOT_TESTED
ACTION,SYSTEM_FLASHLIGHT,enabled,domain/src/main/java/com/nexaflow/domain/catalog/ActionNodeSchemas.kt (helper-or-derived),core/execution/src/main/java/com/nexaflow/core/execution/handler/SystemActionsHandler.kt,core/execution/src/main/java/com/nexaflow/core/execution/handler/SystemActionsHandler.kt,feature/automation-builder/src/main/java/com/nexaflow/feature/builder/ActionConfigEditor.kt|feature/automation-builder/src/main/java/com/nexaflow/feature/builder/BuilderActionPresentation.kt,core/execution/src/test/java/com/nexaflow/core/execution/capability/semantic/SemanticActionMapperTest.kt,core/database Converters + data/mapper/AutomationMapper (shared map serializer),data/repository/CanonicalWorkflowMigrationRunner + database migrations (shared migration path; per-field migration not implied),core/execution compat/WorkflowRequirementCatalog + CommandCatalog + CommandRequirementCatalog; per-node resolution not statically evaluated,DECLARED_AND_RUNTIME_READ,See schema source; static literal extraction is incomplete,AutomationNodeCatalog stable id + persisted ActionType name; workflowVersion in Automation model,NOT_TRACED_BY_THIS_GATE,data/backup/BackupManager (generic workflow encoding; per-field import/export behavior not implied),NOT_TESTED
ACTION,SYSTEM_AIRPLANE_MODE,enabled,domain/src/main/java/com/nexaflow/domain/catalog/ActionNodeSchemas.kt (helper-or-derived),core/execution/src/main/java/com/nexaflow/core/execution/handler/ConnectivityActionsHandler.kt,core/execution/src/main/java/com/nexaflow/core/execution/handler/ConnectivityActionsHandler.kt,feature/automation-builder/src/main/java/com/nexaflow/feature/builder/ActionConfigEditor.kt|feature/automation-builder/src/main/java/com/nexaflow/feature/builder/BuilderActionPresentation.kt,core/execution/src/test/java/com/nexaflow/core/execution/capability/semantic/SemanticActionMapperTest.kt,core/database Converters + data/mapper/AutomationMapper (shared map serializer),data/repository/CanonicalWorkflowMigrationRunner + database migrations (shared migration path; per-field migration not implied),core/execution compat/WorkflowRequirementCatalog + CommandCatalog + CommandRequirementCatalog; per-node resolution not statically evaluated,DECLARED_AND_RUNTIME_READ,See schema source; static literal extraction is incomplete,AutomationNodeCatalog stable id + persisted ActionType name; workflowVersion in Automation model,NOT_TRACED_BY_THIS_GATE,data/backup/BackupManager (generic workflow encoding; per-field import/export behavior not implied),NOT_TESTED
ACTION,SYSTEM_OPEN_URL,url,domain/src/main/java/com/nexaflow/domain/catalog/ActionNodeSchemas.kt (urlField;required=true;sensitive=false-or-derived;default=helper-or-none),core/execution/src/main/java/com/nexaflow/core/execution/handler/SystemActionsHandler.kt,core/execution/src/main/java/com/nexaflow/core/execution/handler/SystemActionsHandler.kt,feature/automation-builder/src/main/java/com/nexaflow/feature/builder/ActionConfigEditor.kt|feature/automation-builder/src/main/java/com/nexaflow/feature/builder/BuilderActionPresentation.kt,core/execution/src/test/java/com/nexaflow/core/execution/capability/CapabilityActionMapperTest.kt|core/execution/src/test/java/com/nexaflow/core/execution/capability/CapabilityGateFreshnessTest.kt,core/database Converters + data/mapper/AutomationMapper (shared map serializer),data/repository/CanonicalWorkflowMigrationRunner + database migrations (shared migration path; per-field migration not implied),core/execution compat/WorkflowRequirementCatalog + CommandCatalog + CommandRequirementCatalog; per-node resolution not statically evaluated,DECLARED_AND_RUNTIME_READ,See schema source; static literal extraction is incomplete,AutomationNodeCatalog stable id + persisted ActionType name; workflowVersion in Automation model,NOT_TRACED_BY_THIS_GATE,data/backup/BackupManager (generic workflow encoding; per-field import/export behavior not implied),NOT_TESTED
ACTION,SYSTEM_SCREEN_TIMEOUT,seconds,domain/src/main/java/com/nexaflow/domain/catalog/ActionNodeSchemas.kt (durationField;required=false-or-derived;sensitive=false-or-derived;default=60),core/execution/src/main/java/com/nexaflow/core/execution/handler/DisplayActionsHandler.kt,core/execution/src/main/java/com/nexaflow/core/execution/handler/DisplayActionsHandler.kt,feature/automation-builder/src/main/java/com/nexaflow/feature/builder/ActionConfigEditor.kt|feature/automation-builder/src/main/java/com/nexaflow/feature/builder/BuilderActionPresentation.kt|feature/automation-builder/src/main/java/com/nexaflow/feature/builder/EndBehaviorEditor.kt,core/execution/src/test/java/com/nexaflow/core/execution/capability/semantic/CapabilityRouterTest.kt|core/execution/src/test/java/com/nexaflow/core/execution/capability/semantic/SemanticActionMapperValueWriteTest.kt,core/database Converters + data/mapper/AutomationMapper (shared map serializer),data/repository/CanonicalWorkflowMigrationRunner + database migrations (shared migration path; per-field migration not implied),core/execution compat/WorkflowRequirementCatalog + CommandCatalog + CommandRequirementCatalog; per-node resolution not statically evaluated,DECLARED_AND_RUNTIME_READ,See schema source; static literal extraction is incomplete,AutomationNodeCatalog stable id + persisted ActionType name; workflowVersion in Automation model,NOT_TRACED_BY_THIS_GATE,data/backup/BackupManager (generic workflow encoding; per-field import/export behavior not implied),NOT_TESTED
ACTION,SYSTEM_STAY_AWAKE,enabled,domain/src/main/java/com/nexaflow/domain/catalog/ActionNodeSchemas.kt (helper-or-derived),core/execution/src/main/java/com/nexaflow/core/execution/handler/DisplayActionsHandler.kt,core/execution/src/main/java/com/nexaflow/core/execution/handler/DisplayActionsHandler.kt,feature/automation-builder/src/main/java/com/nexaflow/feature/builder/ActionConfigEditor.kt|feature/automation-builder/src/main/java/com/nexaflow/feature/builder/BuilderActionPresentation.kt,,core/database Converters + data/mapper/AutomationMapper (shared map serializer),data/repository/CanonicalWorkflowMigrationRunner + database migrations (shared migration path; per-field migration not implied),core/execution compat/WorkflowRequirementCatalog + CommandCatalog + CommandRequirementCatalog; per-node resolution not statically evaluated,DECLARED_AND_RUNTIME_READ,See schema source; static literal extraction is incomplete,AutomationNodeCatalog stable id + persisted ActionType name; workflowVersion in Automation model,NOT_TRACED_BY_THIS_GATE,data/backup/BackupManager (generic workflow encoding; per-field import/export behavior not implied),NOT_TESTED
ACTION,SYSTEM_AUTO_BRIGHTNESS,enabled,domain/src/main/java/com/nexaflow/domain/catalog/ActionNodeSchemas.kt (helper-or-derived),core/execution/src/main/java/com/nexaflow/core/execution/handler/DisplayActionsHandler.kt,core/execution/src/main/java/com/nexaflow/core/execution/handler/DisplayActionsHandler.kt,feature/automation-builder/src/main/java/com/nexaflow/feature/builder/ActionConfigEditor.kt|feature/automation-builder/src/main/java/com/nexaflow/feature/builder/BuilderActionPresentation.kt,,core/database Converters + data/mapper/AutomationMapper (shared map serializer),data/repository/CanonicalWorkflowMigrationRunner + database migrations (shared migration path; per-field migration not implied),core/execution compat/WorkflowRequirementCatalog + CommandCatalog + CommandRequirementCatalog; per-node resolution not statically evaluated,DECLARED_AND_RUNTIME_READ,See schema source; static literal extraction is incomplete,AutomationNodeCatalog stable id + persisted ActionType name; workflowVersion in Automation model,NOT_TRACED_BY_THIS_GATE,data/backup/BackupManager (generic workflow encoding; per-field import/export behavior not implied),NOT_TESTED
ACTION,SYSTEM_RINGER_MODE,mode,domain/src/main/java/com/nexaflow/domain/catalog/ActionNodeSchemas.kt (enumField;required=false-or-derived;sensitive=false-or-derived;default=NORMAL),core/execution/src/main/java/com/nexaflow/core/execution/handler/SoundActionsHandler.kt,core/execution/src/main/java/com/nexaflow/core/execution/handler/SoundActionsHandler.kt,feature/automation-builder/src/main/java/com/nexaflow/feature/builder/ActionConfigEditor.kt|feature/automation-builder/src/main/java/com/nexaflow/feature/builder/BuilderActionPresentation.kt|feature/automation-builder/src/main/java/com/nexaflow/feature/builder/EndBehaviorEditor.kt,core/automation-engine/src/test/java/com/nexaflow/core/engine/TimeRangeRingerEndDispatchTest.kt|core/execution/src/test/java/com/nexaflow/core/execution/compat/CanonicalRuntimeCutoverAdapterTest.kt|domain/src/test/java/com/nexaflow/domain/canonical/CanonicalWorkflowDocumentV3Test.kt|domain/src/test/java/com/nexaflow/domain/models/AutomationTimeEndBehaviorPolicyTest.kt,core/database Converters + data/mapper/AutomationMapper (shared map serializer),data/repository/CanonicalWorkflowMigrationRunner + database migrations (shared migration path; per-field migration not implied),core/execution compat/WorkflowRequirementCatalog + CommandCatalog + CommandRequirementCatalog; per-node resolution not statically evaluated,DECLARED_AND_RUNTIME_READ,See schema source; static literal extraction is incomplete,AutomationNodeCatalog stable id + persisted ActionType name; workflowVersion in Automation model,NOT_TRACED_BY_THIS_GATE,data/backup/BackupManager (generic workflow encoding; per-field import/export behavior not implied),NOT_TESTED
ACTION,SYSTEM_MOBILE_DATA,enabled,domain/src/main/java/com/nexaflow/domain/catalog/ActionNodeSchemas.kt (helper-or-derived),core/execution/src/main/java/com/nexaflow/core/execution/handler/ConnectivityActionsHandler.kt,core/execution/src/main/java/com/nexaflow/core/execution/handler/ConnectivityActionsHandler.kt,feature/automation-builder/src/main/java/com/nexaflow/feature/builder/ActionConfigEditor.kt|feature/automation-builder/src/main/java/com/nexaflow/feature/builder/BuilderActionPresentation.kt,core/execution/src/test/java/com/nexaflow/core/execution/capability/semantic/SemanticActionMapperTest.kt,core/database Converters + data/mapper/AutomationMapper (shared map serializer),data/repository/CanonicalWorkflowMigrationRunner + database migrations (shared migration path; per-field migration not implied),core/execution compat/WorkflowRequirementCatalog + CommandCatalog + CommandRequirementCatalog; per-node resolution not statically evaluated,DECLARED_AND_RUNTIME_READ,See schema source; static literal extraction is incomplete,AutomationNodeCatalog stable id + persisted ActionType name; workflowVersion in Automation model,NOT_TRACED_BY_THIS_GATE,data/backup/BackupManager (generic workflow encoding; per-field import/export behavior not implied),NOT_TESTED
ACTION,SYSTEM_NETWORK_MODE,mode,domain/src/main/java/com/nexaflow/domain/catalog/ActionNodeSchemas.kt (stringField;required=false-or-derived;sensitive=false-or-derived;default=AUTO),core/execution/src/main/java/com/nexaflow/core/execution/handler/ConnectivityActionsHandler.kt,core/execution/src/main/java/com/nexaflow/core/execution/handler/ConnectivityActionsHandler.kt,feature/automation-builder/src/main/java/com/nexaflow/feature/builder/ActionConfigEditor.kt|feature/automation-builder/src/main/java/com/nexaflow/feature/builder/BuilderActionPresentation.kt|feature/automation-builder/src/main/java/com/nexaflow/feature/builder/EndBehaviorEditor.kt,domain/src/test/java/com/nexaflow/domain/canonical/CanonicalRuntimePipelineTest.kt,core/database Converters + data/mapper/AutomationMapper (shared map serializer),data/repository/CanonicalWorkflowMigrationRunner + database migrations (shared migration path; per-field migration not implied),core/execution compat/WorkflowRequirementCatalog + CommandCatalog + CommandRequirementCatalog; per-node resolution not statically evaluated,DECLARED_AND_RUNTIME_READ,See schema source; static literal extraction is incomplete,AutomationNodeCatalog stable id + persisted ActionType name; workflowVersion in Automation model,NOT_TRACED_BY_THIS_GATE,data/backup/BackupManager (generic workflow encoding; per-field import/export behavior not implied),NOT_TESTED
ACTION,SYSTEM_NETWORK_MODE,network_mask,domain/src/main/java/com/nexaflow/domain/catalog/ActionNodeSchemas.kt (stringField;required=false-or-derived;sensitive=false-or-derived;default=helper-or-none),core/execution/src/main/java/com/nexaflow/core/execution/handler/ConnectivityActionsHandler.kt,core/execution/src/main/java/com/nexaflow/core/execution/handler/ConnectivityActionsHandler.kt,feature/automation-builder/src/main/java/com/nexaflow/feature/builder/BuilderActionPresentation.kt,,core/database Converters + data/mapper/AutomationMapper (shared map serializer),data/repository/CanonicalWorkflowMigrationRunner + database migrations (shared migration path; per-field migration not implied),core/execution compat/WorkflowRequirementCatalog + CommandCatalog + CommandRequirementCatalog; per-node resolution not statically evaluated,DECLARED_AND_RUNTIME_READ,See schema source; static literal extraction is incomplete,AutomationNodeCatalog stable id + persisted ActionType name; workflowVersion in Automation model,NOT_TRACED_BY_THIS_GATE,data/backup/BackupManager (generic workflow encoding; per-field import/export behavior not implied),NOT_TESTED
ACTION,SYSTEM_NETWORK_MODE,network_mask_schema,domain/src/main/java/com/nexaflow/domain/catalog/ActionNodeSchemas.kt (stringField;required=false-or-derived;sensitive=false-or-derived;default=helper-or-none),core/execution/src/main/java/com/nexaflow/core/execution/handler/ConnectivityActionsHandler.kt,core/execution/src/main/java/com/nexaflow/core/execution/handler/ConnectivityActionsHandler.kt,feature/automation-builder/src/main/java/com/nexaflow/feature/builder/BuilderActionPresentation.kt,,core/database Converters + data/mapper/AutomationMapper (shared map serializer),data/repository/CanonicalWorkflowMigrationRunner + database migrations (shared migration path; per-field migration not implied),core/execution compat/WorkflowRequirementCatalog + CommandCatalog + CommandRequirementCatalog; per-node resolution not statically evaluated,DECLARED_AND_RUNTIME_READ,See schema source; static literal extraction is incomplete,AutomationNodeCatalog stable id + persisted ActionType name; workflowVersion in Automation model,NOT_TRACED_BY_THIS_GATE,data/backup/BackupManager (generic workflow encoding; per-field import/export behavior not implied),NOT_TESTED
ACTION,SYSTEM_NETWORK_MODE,network_subscription_id,domain/src/main/java/com/nexaflow/domain/catalog/ActionNodeSchemas.kt (stringField;required=false-or-derived;sensitive=false-or-derived;default=helper-or-none),core/execution/src/main/java/com/nexaflow/core/execution/handler/ConnectivityActionsHandler.kt,core/execution/src/main/java/com/nexaflow/core/execution/handler/ConnectivityActionsHandler.kt,,,core/database Converters + data/mapper/AutomationMapper (shared map serializer),data/repository/CanonicalWorkflowMigrationRunner + database migrations (shared migration path; per-field migration not implied),core/execution compat/WorkflowRequirementCatalog + CommandCatalog + CommandRequirementCatalog; per-node resolution not statically evaluated,DECLARED_AND_RUNTIME_READ,See schema source; static literal extraction is incomplete,AutomationNodeCatalog stable id + persisted ActionType name; workflowVersion in Automation model,NOT_TRACED_BY_THIS_GATE,data/backup/BackupManager (generic workflow encoding; per-field import/export behavior not implied),NOT_TESTED
ACTION,SYSTEM_PRIVATE_DNS,hostname,domain/src/main/java/com/nexaflow/domain/catalog/ActionNodeSchemas.kt (stringField;required=false-or-derived;sensitive=false-or-derived;default=helper-or-none),core/execution/src/main/java/com/nexaflow/core/execution/handler/SystemActionsHandler.kt,core/execution/src/main/java/com/nexaflow/core/execution/handler/SystemActionsHandler.kt,feature/automation-builder/src/main/java/com/nexaflow/feature/builder/ActionConfigEditor.kt|feature/automation-builder/src/main/java/com/nexaflow/feature/builder/BuilderActionPresentation.kt,,core/database Converters + data/mapper/AutomationMapper (shared map serializer),data/repository/CanonicalWorkflowMigrationRunner + database migrations (shared migration path; per-field migration not implied),core/execution compat/WorkflowRequirementCatalog + CommandCatalog + CommandRequirementCatalog; per-node resolution not statically evaluated,DECLARED_AND_RUNTIME_READ,See schema source; static literal extraction is incomplete,AutomationNodeCatalog stable id + persisted ActionType name; workflowVersion in Automation model,NOT_TRACED_BY_THIS_GATE,data/backup/BackupManager (generic workflow encoding; per-field import/export behavior not implied),NOT_TESTED
ACTION,SYSTEM_PRIVATE_DNS,mode,domain/src/main/java/com/nexaflow/domain/catalog/ActionNodeSchemas.kt (enumField;required=false-or-derived;sensitive=false-or-derived;default=AUTOMATIC),core/execution/src/main/java/com/nexaflow/core/execution/handler/SystemActionsHandler.kt,core/execution/src/main/java/com/nexaflow/core/execution/handler/SystemActionsHandler.kt,feature/automation-builder/src/main/java/com/nexaflow/feature/builder/ActionConfigEditor.kt|feature/automation-builder/src/main/java/com/nexaflow/feature/builder/BuilderActionPresentation.kt,,core/database Converters + data/mapper/AutomationMapper (shared map serializer),data/repository/CanonicalWorkflowMigrationRunner + database migrations (shared migration path; per-field migration not implied),core/execution compat/WorkflowRequirementCatalog + CommandCatalog + CommandRequirementCatalog; per-node resolution not statically evaluated,DECLARED_AND_RUNTIME_READ,See schema source; static literal extraction is incomplete,AutomationNodeCatalog stable id + persisted ActionType name; workflowVersion in Automation model,NOT_TRACED_BY_THIS_GATE,data/backup/BackupManager (generic workflow encoding; per-field import/export behavior not implied),NOT_TESTED
ACTION,SYSTEM_HOTSPOT,enabled,domain/src/main/java/com/nexaflow/domain/catalog/ActionNodeSchemas.kt (helper-or-derived),core/execution/src/main/java/com/nexaflow/core/execution/handler/ConnectivityActionsHandler.kt,core/execution/src/main/java/com/nexaflow/core/execution/handler/ConnectivityActionsHandler.kt,feature/automation-builder/src/main/java/com/nexaflow/feature/builder/ActionConfigEditor.kt|feature/automation-builder/src/main/java/com/nexaflow/feature/builder/BuilderActionPresentation.kt,core/execution/src/test/java/com/nexaflow/core/execution/capability/semantic/SemanticActionMapperTest.kt,core/database Converters + data/mapper/AutomationMapper (shared map serializer),data/repository/CanonicalWorkflowMigrationRunner + database migrations (shared migration path; per-field migration not implied),core/execution compat/WorkflowRequirementCatalog + CommandCatalog + CommandRequirementCatalog; per-node resolution not statically evaluated,DECLARED_AND_RUNTIME_READ,See schema source; static literal extraction is incomplete,AutomationNodeCatalog stable id + persisted ActionType name; workflowVersion in Automation model,NOT_TRACED_BY_THIS_GATE,data/backup/BackupManager (generic workflow encoding; per-field import/export behavior not implied),NOT_TESTED
ACTION,SYSTEM_NFC,enabled,domain/src/main/java/com/nexaflow/domain/catalog/ActionNodeSchemas.kt (helper-or-derived),core/execution/src/main/java/com/nexaflow/core/execution/handler/ConnectivityActionsHandler.kt,core/execution/src/main/java/com/nexaflow/core/execution/handler/ConnectivityActionsHandler.kt,feature/automation-builder/src/main/java/com/nexaflow/feature/builder/ActionConfigEditor.kt|feature/automation-builder/src/main/java/com/nexaflow/feature/builder/BuilderActionPresentation.kt,core/execution/src/test/java/com/nexaflow/core/execution/capability/semantic/SemanticActionMapperTest.kt|core/execution/src/test/java/com/nexaflow/core/execution/capability/semantic/SemanticWorkflowPlannerTest.kt|core/execution/src/test/java/com/nexaflow/core/execution/ExecutionProgressTrackerTest.kt|feature/dashboard/src/test/java/com/nexaflow/feature/dashboard/TaskCardExpansionTest.kt,core/database Converters + data/mapper/AutomationMapper (shared map serializer),data/repository/CanonicalWorkflowMigrationRunner + database migrations (shared migration path; per-field migration not implied),core/execution compat/WorkflowRequirementCatalog + CommandCatalog + CommandRequirementCatalog; per-node resolution not statically evaluated,DECLARED_AND_RUNTIME_READ,See schema source; static literal extraction is incomplete,AutomationNodeCatalog stable id + persisted ActionType name; workflowVersion in Automation model,NOT_TRACED_BY_THIS_GATE,data/backup/BackupManager (generic workflow encoding; per-field import/export behavior not implied),NOT_TESTED
ACTION,SYSTEM_POWER_SAVER,enabled,domain/src/main/java/com/nexaflow/domain/catalog/ActionNodeSchemas.kt (helper-or-derived),core/execution/src/main/java/com/nexaflow/core/execution/handler/SystemActionsHandler.kt,core/execution/src/main/java/com/nexaflow/core/execution/handler/SystemActionsHandler.kt,feature/automation-builder/src/main/java/com/nexaflow/feature/builder/ActionConfigEditor.kt|feature/automation-builder/src/main/java/com/nexaflow/feature/builder/BuilderActionPresentation.kt,,core/database Converters + data/mapper/AutomationMapper (shared map serializer),data/repository/CanonicalWorkflowMigrationRunner + database migrations (shared migration path; per-field migration not implied),core/execution compat/WorkflowRequirementCatalog + CommandCatalog + CommandRequirementCatalog; per-node resolution not statically evaluated,DECLARED_AND_RUNTIME_READ,See schema source; static literal extraction is incomplete,AutomationNodeCatalog stable id + persisted ActionType name; workflowVersion in Automation model,NOT_TRACED_BY_THIS_GATE,data/backup/BackupManager (generic workflow encoding; per-field import/export behavior not implied),NOT_TESTED
ACTION,SYSTEM_ANIMATIONS,enabled,domain/src/main/java/com/nexaflow/domain/catalog/ActionNodeSchemas.kt (helper-or-derived),core/execution/src/main/java/com/nexaflow/core/execution/handler/DisplayActionsHandler.kt,core/execution/src/main/java/com/nexaflow/core/execution/handler/DisplayActionsHandler.kt,feature/automation-builder/src/main/java/com/nexaflow/feature/builder/ActionConfigEditor.kt|feature/automation-builder/src/main/java/com/nexaflow/feature/builder/BuilderActionPresentation.kt,,core/database Converters + data/mapper/AutomationMapper (shared map serializer),data/repository/CanonicalWorkflowMigrationRunner + database migrations (shared migration path; per-field migration not implied),core/execution compat/WorkflowRequirementCatalog + CommandCatalog + CommandRequirementCatalog; per-node resolution not statically evaluated,DECLARED_AND_RUNTIME_READ,See schema source; static literal extraction is incomplete,AutomationNodeCatalog stable id + persisted ActionType name; workflowVersion in Automation model,NOT_TRACED_BY_THIS_GATE,data/backup/BackupManager (generic workflow encoding; per-field import/export behavior not implied),NOT_TESTED
ACTION,SYSTEM_SET_ALARM,hour,domain/src/main/java/com/nexaflow/domain/catalog/ActionNodeSchemas.kt (integerField;required=false-or-derived;sensitive=false-or-derived;default=7),core/execution/src/main/java/com/nexaflow/core/execution/handler/SystemActionsHandler.kt,core/execution/src/main/java/com/nexaflow/core/execution/handler/SystemActionsHandler.kt,feature/automation-builder/src/main/java/com/nexaflow/feature/builder/ActionConfigEditor.kt|feature/automation-builder/src/main/java/com/nexaflow/feature/builder/BuilderActionPresentation.kt,core/execution/src/test/java/com/nexaflow/core/execution/compat/CanonicalRuntimeCutoverAdapterTest.kt,core/database Converters + data/mapper/AutomationMapper (shared map serializer),data/repository/CanonicalWorkflowMigrationRunner + database migrations (shared migration path; per-field migration not implied),core/execution compat/WorkflowRequirementCatalog + CommandCatalog + CommandRequirementCatalog; per-node resolution not statically evaluated,DECLARED_AND_RUNTIME_READ,See schema source; static literal extraction is incomplete,AutomationNodeCatalog stable id + persisted ActionType name; workflowVersion in Automation model,NOT_TRACED_BY_THIS_GATE,data/backup/BackupManager (generic workflow encoding; per-field import/export behavior not implied),NOT_TESTED
ACTION,SYSTEM_SET_ALARM,minute,domain/src/main/java/com/nexaflow/domain/catalog/ActionNodeSchemas.kt (integerField;required=false-or-derived;sensitive=false-or-derived;default=0),core/execution/src/main/java/com/nexaflow/core/execution/handler/SystemActionsHandler.kt,core/execution/src/main/java/com/nexaflow/core/execution/handler/SystemActionsHandler.kt,feature/automation-builder/src/main/java/com/nexaflow/feature/builder/ActionConfigEditor.kt|feature/automation-builder/src/main/java/com/nexaflow/feature/builder/BuilderActionPresentation.kt,core/execution/src/test/java/com/nexaflow/core/execution/compat/CanonicalRuntimeCutoverAdapterTest.kt,core/database Converters + data/mapper/AutomationMapper (shared map serializer),data/repository/CanonicalWorkflowMigrationRunner + database migrations (shared migration path; per-field migration not implied),core/execution compat/WorkflowRequirementCatalog + CommandCatalog + CommandRequirementCatalog; per-node resolution not statically evaluated,DECLARED_AND_RUNTIME_READ,See schema source; static literal extraction is incomplete,AutomationNodeCatalog stable id + persisted ActionType name; workflowVersion in Automation model,NOT_TRACED_BY_THIS_GATE,data/backup/BackupManager (generic workflow encoding; per-field import/export behavior not implied),NOT_TESTED
ACTION,SYSTEM_SET_TIMER,message,domain/src/main/java/com/nexaflow/domain/catalog/ActionNodeSchemas.kt (stringField;required=false-or-derived;sensitive=false-or-derived;default=NexaFlow timer),core/execution/src/main/java/com/nexaflow/core/execution/handler/SystemActionsHandler.kt,core/execution/src/main/java/com/nexaflow/core/execution/handler/SystemActionsHandler.kt,feature/automation-builder/src/main/java/com/nexaflow/feature/builder/ActionConfigEditor.kt,feature/automation-builder/src/test/java/com/nexaflow/feature/builder/ActionDraftTest.kt,core/database Converters + data/mapper/AutomationMapper (shared map serializer),data/repository/CanonicalWorkflowMigrationRunner + database migrations (shared migration path; per-field migration not implied),core/execution compat/WorkflowRequirementCatalog + CommandCatalog + CommandRequirementCatalog; per-node resolution not statically evaluated,DECLARED_AND_RUNTIME_READ,See schema source; static literal extraction is incomplete,AutomationNodeCatalog stable id + persisted ActionType name; workflowVersion in Automation model,NOT_TRACED_BY_THIS_GATE,data/backup/BackupManager (generic workflow encoding; per-field import/export behavior not implied),NOT_TESTED
ACTION,SYSTEM_SET_TIMER,seconds,domain/src/main/java/com/nexaflow/domain/catalog/ActionNodeSchemas.kt (durationField;required=false-or-derived;sensitive=false-or-derived;default=300),core/execution/src/main/java/com/nexaflow/core/execution/handler/SystemActionsHandler.kt,core/execution/src/main/java/com/nexaflow/core/execution/handler/SystemActionsHandler.kt,feature/automation-builder/src/main/java/com/nexaflow/feature/builder/ActionConfigEditor.kt|feature/automation-builder/src/main/java/com/nexaflow/feature/builder/BuilderActionPresentation.kt,core/execution/src/test/java/com/nexaflow/core/execution/compat/CanonicalRuntimeCutoverAdapterTest.kt,core/database Converters + data/mapper/AutomationMapper (shared map serializer),data/repository/CanonicalWorkflowMigrationRunner + database migrations (shared migration path; per-field migration not implied),core/execution compat/WorkflowRequirementCatalog + CommandCatalog + CommandRequirementCatalog; per-node resolution not statically evaluated,DECLARED_AND_RUNTIME_READ,See schema source; static literal extraction is incomplete,AutomationNodeCatalog stable id + persisted ActionType name; workflowVersion in Automation model,NOT_TRACED_BY_THIS_GATE,data/backup/BackupManager (generic workflow encoding; per-field import/export behavior not implied),NOT_TESTED
ACTION,SYSTEM_SET_TIMER,skipUi,domain/src/main/java/com/nexaflow/domain/catalog/ActionNodeSchemas.kt (booleanField;required=false-or-derived;sensitive=false-or-derived;default=false),core/execution/src/main/java/com/nexaflow/core/execution/handler/SystemActionsHandler.kt,core/execution/src/main/java/com/nexaflow/core/execution/handler/SystemActionsHandler.kt,feature/automation-builder/src/main/java/com/nexaflow/feature/builder/ActionConfigEditor.kt,,core/database Converters + data/mapper/AutomationMapper (shared map serializer),data/repository/CanonicalWorkflowMigrationRunner + database migrations (shared migration path; per-field migration not implied),core/execution compat/WorkflowRequirementCatalog + CommandCatalog + CommandRequirementCatalog; per-node resolution not statically evaluated,DECLARED_AND_RUNTIME_READ,See schema source; static literal extraction is incomplete,AutomationNodeCatalog stable id + persisted ActionType name; workflowVersion in Automation model,NOT_TRACED_BY_THIS_GATE,data/backup/BackupManager (generic workflow encoding; per-field import/export behavior not implied),NOT_TESTED
ACTION,SYSTEM_DARK_MODE,enabled,domain/src/main/java/com/nexaflow/domain/catalog/ActionNodeSchemas.kt (helper-or-derived),core/execution/src/main/java/com/nexaflow/core/execution/handler/DisplayActionsHandler.kt,core/execution/src/main/java/com/nexaflow/core/execution/handler/DisplayActionsHandler.kt,feature/automation-builder/src/main/java/com/nexaflow/feature/builder/ActionConfigEditor.kt|feature/automation-builder/src/main/java/com/nexaflow/feature/builder/BuilderActionPresentation.kt,core/execution/src/test/java/com/nexaflow/core/execution/compat/AutomationWorkflowMapperTest.kt,core/database Converters + data/mapper/AutomationMapper (shared map serializer),data/repository/CanonicalWorkflowMigrationRunner + database migrations (shared migration path; per-field migration not implied),core/execution compat/WorkflowRequirementCatalog + CommandCatalog + CommandRequirementCatalog; per-node resolution not statically evaluated,DECLARED_AND_RUNTIME_READ,See schema source; static literal extraction is incomplete,AutomationNodeCatalog stable id + persisted ActionType name; workflowVersion in Automation model,NOT_TRACED_BY_THIS_GATE,data/backup/BackupManager (generic workflow encoding; per-field import/export behavior not implied),NOT_TESTED
ACTION,APPLICATION_OPEN_APP_SETTINGS,package,domain/src/main/java/com/nexaflow/domain/catalog/ActionNodeSchemas.kt (packageField;required=true;sensitive=false-or-derived;default=helper-or-none),core/execution/src/main/java/com/nexaflow/core/execution/handler/AppActionsHandler.kt,core/execution/src/main/java/com/nexaflow/core/execution/handler/AppActionsHandler.kt,feature/automation-builder/src/main/java/com/nexaflow/feature/builder/ActionConfigEditor.kt|feature/automation-builder/src/main/java/com/nexaflow/feature/builder/AutomationBuilderScreen.kt|feature/automation-builder/src/main/java/com/nexaflow/feature/builder/BuilderActionPresentation.kt,,core/database Converters + data/mapper/AutomationMapper (shared map serializer),data/repository/CanonicalWorkflowMigrationRunner + database migrations (shared migration path; per-field migration not implied),core/execution compat/WorkflowRequirementCatalog + CommandCatalog + CommandRequirementCatalog; per-node resolution not statically evaluated,DECLARED_AND_RUNTIME_READ,See schema source; static literal extraction is incomplete,AutomationNodeCatalog stable id + persisted ActionType name; workflowVersion in Automation model,NOT_TRACED_BY_THIS_GATE,data/backup/BackupManager (generic workflow encoding; per-field import/export behavior not implied),NOT_TESTED
ACTION,SYSTEM_RING_VOLUME,value,domain/src/main/java/com/nexaflow/domain/catalog/ActionNodeSchemas.kt (integerField;required=false-or-derived;sensitive=false-or-derived;default=50),core/execution/src/main/java/com/nexaflow/core/execution/handler/SoundActionsHandler.kt,core/execution/src/main/java/com/nexaflow/core/execution/handler/SoundActionsHandler.kt,feature/automation-builder/src/main/java/com/nexaflow/feature/builder/ActionConfigEditor.kt|feature/automation-builder/src/main/java/com/nexaflow/feature/builder/BuilderActionPresentation.kt|feature/automation-builder/src/main/java/com/nexaflow/feature/builder/EndBehaviorEditor.kt,,core/database Converters + data/mapper/AutomationMapper (shared map serializer),data/repository/CanonicalWorkflowMigrationRunner + database migrations (shared migration path; per-field migration not implied),core/execution compat/WorkflowRequirementCatalog + CommandCatalog + CommandRequirementCatalog; per-node resolution not statically evaluated,DECLARED_AND_RUNTIME_READ,See schema source; static literal extraction is incomplete,AutomationNodeCatalog stable id + persisted ActionType name; workflowVersion in Automation model,NOT_TRACED_BY_THIS_GATE,data/backup/BackupManager (generic workflow encoding; per-field import/export behavior not implied),NOT_TESTED
ACTION,SYSTEM_SET_RINGTONE,uri,domain/src/main/java/com/nexaflow/domain/catalog/ActionNodeSchemas.kt (stringField;required=true;sensitive=false-or-derived;default=helper-or-none),core/execution/src/main/java/com/nexaflow/core/execution/handler/SoundActionsHandler.kt,core/execution/src/main/java/com/nexaflow/core/execution/handler/SoundActionsHandler.kt,feature/automation-builder/src/main/java/com/nexaflow/feature/builder/ActionConfigEditor.kt,,core/database Converters + data/mapper/AutomationMapper (shared map serializer),data/repository/CanonicalWorkflowMigrationRunner + database migrations (shared migration path; per-field migration not implied),core/execution compat/WorkflowRequirementCatalog + CommandCatalog + CommandRequirementCatalog; per-node resolution not statically evaluated,DECLARED_AND_RUNTIME_READ,See schema source; static literal extraction is incomplete,AutomationNodeCatalog stable id + persisted ActionType name; workflowVersion in Automation model,NOT_TRACED_BY_THIS_GATE,data/backup/BackupManager (generic workflow encoding; per-field import/export behavior not implied),NOT_TESTED
ACTION,SYSTEM_LOCATION,enabled,domain/src/main/java/com/nexaflow/domain/catalog/ActionNodeSchemas.kt (helper-or-derived),core/execution/src/main/java/com/nexaflow/core/execution/handler/ConnectivityActionsHandler.kt,core/execution/src/main/java/com/nexaflow/core/execution/handler/ConnectivityActionsHandler.kt,feature/automation-builder/src/main/java/com/nexaflow/feature/builder/ActionConfigEditor.kt|feature/automation-builder/src/main/java/com/nexaflow/feature/builder/BuilderActionPresentation.kt,core/execution/src/test/java/com/nexaflow/core/execution/capability/semantic/SemanticActionMapperTest.kt|core/execution/src/test/java/com/nexaflow/core/execution/compat/WorkflowRequirementCatalogTest.kt,core/database Converters + data/mapper/AutomationMapper (shared map serializer),data/repository/CanonicalWorkflowMigrationRunner + database migrations (shared migration path; per-field migration not implied),core/execution compat/WorkflowRequirementCatalog + CommandCatalog + CommandRequirementCatalog; per-node resolution not statically evaluated,DECLARED_AND_RUNTIME_READ,See schema source; static literal extraction is incomplete,AutomationNodeCatalog stable id + persisted ActionType name; workflowVersion in Automation model,NOT_TRACED_BY_THIS_GATE,data/backup/BackupManager (generic workflow encoding; per-field import/export behavior not implied),NOT_TESTED
ACTION,SYSTEM_SEND_SMS,number,domain/src/main/java/com/nexaflow/domain/catalog/ActionNodeSchemas.kt (stringField;required=true;sensitive=false-or-derived;default=helper-or-none),core/execution/src/main/java/com/nexaflow/core/execution/handler/SystemActionsHandler.kt,core/execution/src/main/java/com/nexaflow/core/execution/handler/SystemActionsHandler.kt,feature/automation-builder/src/main/java/com/nexaflow/feature/builder/ActionConfigEditor.kt|feature/automation-builder/src/main/java/com/nexaflow/feature/builder/BuilderActionPresentation.kt,,core/database Converters + data/mapper/AutomationMapper (shared map serializer),data/repository/CanonicalWorkflowMigrationRunner + database migrations (shared migration path; per-field migration not implied),core/execution compat/WorkflowRequirementCatalog + CommandCatalog + CommandRequirementCatalog; per-node resolution not statically evaluated,DECLARED_AND_RUNTIME_READ,See schema source; static literal extraction is incomplete,AutomationNodeCatalog stable id + persisted ActionType name; workflowVersion in Automation model,NOT_TRACED_BY_THIS_GATE,data/backup/BackupManager (generic workflow encoding; per-field import/export behavior not implied),NOT_TESTED
ACTION,SYSTEM_SEND_SMS,text,domain/src/main/java/com/nexaflow/domain/catalog/ActionNodeSchemas.kt (stringField;required=true;sensitive=false-or-derived;default=helper-or-none),core/execution/src/main/java/com/nexaflow/core/execution/handler/SystemActionsHandler.kt,core/execution/src/main/java/com/nexaflow/core/execution/handler/SystemActionsHandler.kt,feature/automation-builder/src/main/java/com/nexaflow/feature/builder/ActionConfigEditor.kt|feature/automation-builder/src/main/java/com/nexaflow/feature/builder/BuilderActionPresentation.kt,,core/database Converters + data/mapper/AutomationMapper (shared map serializer),data/repository/CanonicalWorkflowMigrationRunner + database migrations (shared migration path; per-field migration not implied),core/execution compat/WorkflowRequirementCatalog + CommandCatalog + CommandRequirementCatalog; per-node resolution not statically evaluated,DECLARED_AND_RUNTIME_READ,See schema source; static literal extraction is incomplete,AutomationNodeCatalog stable id + persisted ActionType name; workflowVersion in Automation model,NOT_TRACED_BY_THIS_GATE,data/backup/BackupManager (generic workflow encoding; per-field import/export behavior not implied),NOT_TESTED
ACTION,SMS_REPLY,text,domain/src/main/java/com/nexaflow/domain/catalog/ActionNodeSchemas.kt (stringField;required=true;sensitive=false-or-derived;default=helper-or-none),core/execution/src/main/java/com/nexaflow/core/execution/handler/SystemActionsHandler.kt,core/execution/src/main/java/com/nexaflow/core/execution/handler/SystemActionsHandler.kt,feature/automation-builder/src/main/java/com/nexaflow/feature/builder/ActionConfigEditor.kt,,core/database Converters + data/mapper/AutomationMapper (shared map serializer),data/repository/CanonicalWorkflowMigrationRunner + database migrations (shared migration path; per-field migration not implied),core/execution compat/WorkflowRequirementCatalog + CommandCatalog + CommandRequirementCatalog; per-node resolution not statically evaluated,DECLARED_AND_RUNTIME_READ,See schema source; static literal extraction is incomplete,AutomationNodeCatalog stable id + persisted ActionType name; workflowVersion in Automation model,NOT_TRACED_BY_THIS_GATE,data/backup/BackupManager (generic workflow encoding; per-field import/export behavior not implied),NOT_TESTED
ACTION,SYSTEM_SEND_REMINDER,hour,domain/src/main/java/com/nexaflow/domain/catalog/ActionNodeSchemas.kt (integerField;required=false-or-derived;sensitive=false-or-derived;default=9),core/execution/src/main/java/com/nexaflow/core/execution/handler/NotificationActionsHandler.kt,core/execution/src/main/java/com/nexaflow/core/execution/handler/NotificationActionsHandler.kt,feature/automation-builder/src/main/java/com/nexaflow/feature/builder/ActionConfigEditor.kt|feature/automation-builder/src/main/java/com/nexaflow/feature/builder/BuilderActionPresentation.kt,,core/database Converters + data/mapper/AutomationMapper (shared map serializer),data/repository/CanonicalWorkflowMigrationRunner + database migrations (shared migration path; per-field migration not implied),core/execution compat/WorkflowRequirementCatalog + CommandCatalog + CommandRequirementCatalog; per-node resolution not statically evaluated,DECLARED_AND_RUNTIME_READ,See schema source; static literal extraction is incomplete,AutomationNodeCatalog stable id + persisted ActionType name; workflowVersion in Automation model,NOT_TRACED_BY_THIS_GATE,data/backup/BackupManager (generic workflow encoding; per-field import/export behavior not implied),NOT_TESTED
ACTION,SYSTEM_SEND_REMINDER,minute,domain/src/main/java/com/nexaflow/domain/catalog/ActionNodeSchemas.kt (integerField;required=false-or-derived;sensitive=false-or-derived;default=0),core/execution/src/main/java/com/nexaflow/core/execution/handler/NotificationActionsHandler.kt,core/execution/src/main/java/com/nexaflow/core/execution/handler/NotificationActionsHandler.kt,feature/automation-builder/src/main/java/com/nexaflow/feature/builder/ActionConfigEditor.kt|feature/automation-builder/src/main/java/com/nexaflow/feature/builder/BuilderActionPresentation.kt,,core/database Converters + data/mapper/AutomationMapper (shared map serializer),data/repository/CanonicalWorkflowMigrationRunner + database migrations (shared migration path; per-field migration not implied),core/execution compat/WorkflowRequirementCatalog + CommandCatalog + CommandRequirementCatalog; per-node resolution not statically evaluated,DECLARED_AND_RUNTIME_READ,See schema source; static literal extraction is incomplete,AutomationNodeCatalog stable id + persisted ActionType name; workflowVersion in Automation model,NOT_TRACED_BY_THIS_GATE,data/backup/BackupManager (generic workflow encoding; per-field import/export behavior not implied),NOT_TESTED
ACTION,SYSTEM_SEND_REMINDER,text,domain/src/main/java/com/nexaflow/domain/catalog/ActionNodeSchemas.kt (stringField;required=false-or-derived;sensitive=false-or-derived;default=helper-or-none),core/execution/src/main/java/com/nexaflow/core/execution/handler/NotificationActionsHandler.kt,core/execution/src/main/java/com/nexaflow/core/execution/handler/NotificationActionsHandler.kt,feature/automation-builder/src/main/java/com/nexaflow/feature/builder/ActionConfigEditor.kt|feature/automation-builder/src/main/java/com/nexaflow/feature/builder/BuilderActionPresentation.kt,,core/database Converters + data/mapper/AutomationMapper (shared map serializer),data/repository/CanonicalWorkflowMigrationRunner + database migrations (shared migration path; per-field migration not implied),core/execution compat/WorkflowRequirementCatalog + CommandCatalog + CommandRequirementCatalog; per-node resolution not statically evaluated,DECLARED_AND_RUNTIME_READ,See schema source; static literal extraction is incomplete,AutomationNodeCatalog stable id + persisted ActionType name; workflowVersion in Automation model,NOT_TRACED_BY_THIS_GATE,data/backup/BackupManager (generic workflow encoding; per-field import/export behavior not implied),NOT_TESTED
ACTION,SYSTEM_SEND_REMINDER,title,domain/src/main/java/com/nexaflow/domain/catalog/ActionNodeSchemas.kt (stringField;required=false-or-derived;sensitive=false-or-derived;default=Reminder),core/execution/src/main/java/com/nexaflow/core/execution/handler/NotificationActionsHandler.kt,core/execution/src/main/java/com/nexaflow/core/execution/handler/NotificationActionsHandler.kt,feature/automation-builder/src/main/java/com/nexaflow/feature/builder/ActionConfigEditor.kt|feature/automation-builder/src/main/java/com/nexaflow/feature/builder/BuilderActionPresentation.kt,,core/database Converters + data/mapper/AutomationMapper (shared map serializer),data/repository/CanonicalWorkflowMigrationRunner + database migrations (shared migration path; per-field migration not implied),core/execution compat/WorkflowRequirementCatalog + CommandCatalog + CommandRequirementCatalog; per-node resolution not statically evaluated,DECLARED_AND_RUNTIME_READ,See schema source; static literal extraction is incomplete,AutomationNodeCatalog stable id + persisted ActionType name; workflowVersion in Automation model,NOT_TRACED_BY_THIS_GATE,data/backup/BackupManager (generic workflow encoding; per-field import/export behavior not implied),NOT_TESTED
ACTION,SYSTEM_OPEN_SETTINGS,page,domain/src/main/java/com/nexaflow/domain/catalog/ActionNodeSchemas.kt (enumField;required=false-or-derived;sensitive=false-or-derived;default=WIFI),core/execution/src/main/java/com/nexaflow/core/execution/handler/SystemActionsHandler.kt,core/execution/src/main/java/com/nexaflow/core/execution/handler/SystemActionsHandler.kt,feature/automation-builder/src/main/java/com/nexaflow/feature/builder/ActionConfigEditor.kt|feature/automation-builder/src/main/java/com/nexaflow/feature/builder/BuilderActionPresentation.kt,core/execution/src/test/java/com/nexaflow/core/execution/capability/CapabilityActionMapperTest.kt|domain/src/test/java/com/nexaflow/domain/models/RoutineTemplateCatalogTest.kt|feature/automation-builder/src/test/java/com/nexaflow/feature/builder/ActionDraftTest.kt|feature/automation-builder/src/test/java/com/nexaflow/feature/builder/CanonicalBuilderSchemaBridgeTest.kt,core/database Converters + data/mapper/AutomationMapper (shared map serializer),data/repository/CanonicalWorkflowMigrationRunner + database migrations (shared migration path; per-field migration not implied),core/execution compat/WorkflowRequirementCatalog + CommandCatalog + CommandRequirementCatalog; per-node resolution not statically evaluated,DECLARED_AND_RUNTIME_READ,See schema source; static literal extraction is incomplete,AutomationNodeCatalog stable id + persisted ActionType name; workflowVersion in Automation model,NOT_TRACED_BY_THIS_GATE,data/backup/BackupManager (generic workflow encoding; per-field import/export behavior not implied),NOT_TESTED
ACTION,SYSTEM_WAIT,seconds,domain/src/main/java/com/nexaflow/domain/catalog/ActionNodeSchemas.kt (durationField;required=false-or-derived;sensitive=false-or-derived;default=5),core/execution/src/main/java/com/nexaflow/core/execution/handler/SystemActionsHandler.kt,core/execution/src/main/java/com/nexaflow/core/execution/handler/SystemActionsHandler.kt,feature/automation-builder/src/main/java/com/nexaflow/feature/builder/ActionConfigEditor.kt|feature/automation-builder/src/main/java/com/nexaflow/feature/builder/AutomationBuilderScreen.kt|feature/automation-builder/src/main/java/com/nexaflow/feature/builder/BuilderActionPresentation.kt,core/execution/src/test/java/com/nexaflow/core/execution/compat/AutomationWorkflowMapperTest.kt|core/execution/src/test/java/com/nexaflow/core/execution/compat/CanonicalRuntimeCutoverAdapterTest.kt|core/execution/src/test/java/com/nexaflow/core/execution/workflow/WorkflowInterpreterExtensionTest.kt|core/execution/src/test/java/com/nexaflow/core/execution/workflow/WorkflowInterpreterFlowControlTest.kt|core/execution/src/test/java/com/nexaflow/core/execution/workflow/WorkflowInterpreterTest.kt|domain/src/test/java/com/nexaflow/domain/catalog/AutomationNodeCatalogTest.kt|feature/automation-builder/src/test/java/com/nexaflow/feature/builder/WaitDurationTest.kt,core/database Converters + data/mapper/AutomationMapper (shared map serializer),data/repository/CanonicalWorkflowMigrationRunner + database migrations (shared migration path; per-field migration not implied),core/execution compat/WorkflowRequirementCatalog + CommandCatalog + CommandRequirementCatalog; per-node resolution not statically evaluated,DECLARED_AND_RUNTIME_READ,See schema source; static literal extraction is incomplete,AutomationNodeCatalog stable id + persisted ActionType name; workflowVersion in Automation model,NOT_TRACED_BY_THIS_GATE,data/backup/BackupManager (generic workflow encoding; per-field import/export behavior not implied),NOT_TESTED
ACTION,BATTERY_ALERTS,below,domain/src/main/java/com/nexaflow/domain/catalog/ActionNodeSchemas.kt (integerField;required=false-or-derived;sensitive=false-or-derived;default=20),NO_STATIC_MATCH,core/execution/src/main/java/com/nexaflow/core/execution/handler/NotificationActionsHandler.kt,feature/automation-builder/src/main/java/com/nexaflow/feature/builder/ActionConfigEditor.kt|feature/automation-builder/src/main/java/com/nexaflow/feature/builder/BuilderActionPresentation.kt,,core/database Converters + data/mapper/AutomationMapper (shared map serializer),data/repository/CanonicalWorkflowMigrationRunner + database migrations (shared migration path; per-field migration not implied),core/execution compat/WorkflowRequirementCatalog + CommandCatalog + CommandRequirementCatalog; per-node resolution not statically evaluated,DECLARED_NO_STATIC_RUNTIME_READ,See schema source; static literal extraction is incomplete,AutomationNodeCatalog stable id + persisted ActionType name; workflowVersion in Automation model,NOT_TRACED_BY_THIS_GATE,data/backup/BackupManager (generic workflow encoding; per-field import/export behavior not implied),NOT_TESTED
ACTION,BATTERY_ALERTS,message,domain/src/main/java/com/nexaflow/domain/catalog/ActionNodeSchemas.kt (stringField;required=false-or-derived;sensitive=false-or-derived;default=Battery alert triggered),core/execution/src/main/java/com/nexaflow/core/execution/handler/NotificationActionsHandler.kt,core/execution/src/main/java/com/nexaflow/core/execution/handler/NotificationActionsHandler.kt,feature/automation-builder/src/main/java/com/nexaflow/feature/builder/ActionConfigEditor.kt,core/execution/src/test/java/com/nexaflow/core/execution/handler/BatteryAlertActionsTest.kt,core/database Converters + data/mapper/AutomationMapper (shared map serializer),data/repository/CanonicalWorkflowMigrationRunner + database migrations (shared migration path; per-field migration not implied),core/execution compat/WorkflowRequirementCatalog + CommandCatalog + CommandRequirementCatalog; per-node resolution not statically evaluated,DECLARED_AND_RUNTIME_READ,See schema source; static literal extraction is incomplete,AutomationNodeCatalog stable id + persisted ActionType name; workflowVersion in Automation model,NOT_TRACED_BY_THIS_GATE,data/backup/BackupManager (generic workflow encoding; per-field import/export behavior not implied),NOT_TESTED
ACTION,BATTERY_ALERTS,sound,domain/src/main/java/com/nexaflow/domain/catalog/ActionNodeSchemas.kt (enumField;required=false-or-derived;sensitive=false-or-derived;default=DEFAULT),core/execution/src/main/java/com/nexaflow/core/execution/handler/NotificationActionsHandler.kt,core/execution/src/main/java/com/nexaflow/core/execution/handler/NotificationActionsHandler.kt,feature/automation-builder/src/main/java/com/nexaflow/feature/builder/ActionConfigEditor.kt|feature/automation-builder/src/main/java/com/nexaflow/feature/builder/BuilderActionPresentation.kt,,core/database Converters + data/mapper/AutomationMapper (shared map serializer),data/repository/CanonicalWorkflowMigrationRunner + database migrations (shared migration path; per-field migration not implied),core/execution compat/WorkflowRequirementCatalog + CommandCatalog + CommandRequirementCatalog; per-node resolution not statically evaluated,DECLARED_AND_RUNTIME_READ,See schema source; static literal extraction is incomplete,AutomationNodeCatalog stable id + persisted ActionType name; workflowVersion in Automation model,NOT_TRACED_BY_THIS_GATE,data/backup/BackupManager (generic workflow encoding; per-field import/export behavior not implied),NOT_TESTED
ACTION,BATTERY_CHARGING_NOTIFICATIONS,message,domain/src/main/java/com/nexaflow/domain/catalog/ActionNodeSchemas.kt (stringField;required=false-or-derived;sensitive=false-or-derived;default=Battery alert triggered),core/execution/src/main/java/com/nexaflow/core/execution/handler/NotificationActionsHandler.kt,core/execution/src/main/java/com/nexaflow/core/execution/handler/NotificationActionsHandler.kt,feature/automation-builder/src/main/java/com/nexaflow/feature/builder/ActionConfigEditor.kt,,core/database Converters + data/mapper/AutomationMapper (shared map serializer),data/repository/CanonicalWorkflowMigrationRunner + database migrations (shared migration path; per-field migration not implied),core/execution compat/WorkflowRequirementCatalog + CommandCatalog + CommandRequirementCatalog; per-node resolution not statically evaluated,DECLARED_AND_RUNTIME_READ,See schema source; static literal extraction is incomplete,AutomationNodeCatalog stable id + persisted ActionType name; workflowVersion in Automation model,NOT_TRACED_BY_THIS_GATE,data/backup/BackupManager (generic workflow encoding; per-field import/export behavior not implied),NOT_TESTED
ACTION,BATTERY_CHARGING_NOTIFICATIONS,sound,domain/src/main/java/com/nexaflow/domain/catalog/ActionNodeSchemas.kt (enumField;required=false-or-derived;sensitive=false-or-derived;default=DEFAULT),core/execution/src/main/java/com/nexaflow/core/execution/handler/NotificationActionsHandler.kt,core/execution/src/main/java/com/nexaflow/core/execution/handler/NotificationActionsHandler.kt,feature/automation-builder/src/main/java/com/nexaflow/feature/builder/ActionConfigEditor.kt|feature/automation-builder/src/main/java/com/nexaflow/feature/builder/BuilderActionPresentation.kt,,core/database Converters + data/mapper/AutomationMapper (shared map serializer),data/repository/CanonicalWorkflowMigrationRunner + database migrations (shared migration path; per-field migration not implied),core/execution compat/WorkflowRequirementCatalog + CommandCatalog + CommandRequirementCatalog; per-node resolution not statically evaluated,DECLARED_AND_RUNTIME_READ,See schema source; static literal extraction is incomplete,AutomationNodeCatalog stable id + persisted ActionType name; workflowVersion in Automation model,NOT_TRACED_BY_THIS_GATE,data/backup/BackupManager (generic workflow encoding; per-field import/export behavior not implied),NOT_TESTED
ACTION,APPLICATION_LAUNCH_APP,package,domain/src/main/java/com/nexaflow/domain/catalog/ActionNodeSchemas.kt (packageField;required=false-or-derived;sensitive=false-or-derived;default=helper-or-none),core/execution/src/main/java/com/nexaflow/core/execution/handler/AppActionsHandler.kt,core/execution/src/main/java/com/nexaflow/core/execution/handler/AppActionsHandler.kt,feature/automation-builder/src/main/java/com/nexaflow/feature/builder/ActionConfigEditor.kt,,core/database Converters + data/mapper/AutomationMapper (shared map serializer),data/repository/CanonicalWorkflowMigrationRunner + database migrations (shared migration path; per-field migration not implied),core/execution compat/WorkflowRequirementCatalog + CommandCatalog + CommandRequirementCatalog; per-node resolution not statically evaluated,DECLARED_AND_RUNTIME_READ,See schema source; static literal extraction is incomplete,AutomationNodeCatalog stable id + persisted ActionType name; workflowVersion in Automation model,NOT_TRACED_BY_THIS_GATE,data/backup/BackupManager (generic workflow encoding; per-field import/export behavior not implied),NOT_TESTED
ACTION,APPLICATION_LAUNCH_APP,packages,domain/src/main/java/com/nexaflow/domain/catalog/ActionNodeSchemas.kt (stringField;required=false-or-derived;sensitive=false-or-derived;default=helper-or-none),NO_STATIC_MATCH,core/execution/src/main/java/com/nexaflow/core/execution/handler/AppActionsHandler.kt,,,core/database Converters + data/mapper/AutomationMapper (shared map serializer),data/repository/CanonicalWorkflowMigrationRunner + database migrations (shared migration path; per-field migration not implied),core/execution compat/WorkflowRequirementCatalog + CommandCatalog + CommandRequirementCatalog; per-node resolution not statically evaluated,DECLARED_NO_STATIC_RUNTIME_READ,See schema source; static literal extraction is incomplete,AutomationNodeCatalog stable id + persisted ActionType name; workflowVersion in Automation model,NOT_TRACED_BY_THIS_GATE,data/backup/BackupManager (generic workflow encoding; per-field import/export behavior not implied),NOT_TESTED
ACTION,APPLICATION_CLOSE_APP,package,domain/src/main/java/com/nexaflow/domain/catalog/ActionNodeSchemas.kt (packageField;required=true;sensitive=false-or-derived;default=helper-or-none),core/execution/src/main/java/com/nexaflow/core/execution/handler/AppActionsHandler.kt,core/execution/src/main/java/com/nexaflow/core/execution/handler/AppActionsHandler.kt,feature/automation-builder/src/main/java/com/nexaflow/feature/builder/ActionConfigEditor.kt|feature/automation-builder/src/main/java/com/nexaflow/feature/builder/AutomationBuilderScreen.kt|feature/automation-builder/src/main/java/com/nexaflow/feature/builder/BuilderActionPresentation.kt,core/execution/src/test/java/com/nexaflow/core/execution/capability/CapabilityActionMapperTest.kt|core/execution/src/test/java/com/nexaflow/core/execution/capability/semantic/PackageActionMapperTest.kt,core/database Converters + data/mapper/AutomationMapper (shared map serializer),data/repository/CanonicalWorkflowMigrationRunner + database migrations (shared migration path; per-field migration not implied),core/execution compat/WorkflowRequirementCatalog + CommandCatalog + CommandRequirementCatalog; per-node resolution not statically evaluated,DECLARED_AND_RUNTIME_READ,See schema source; static literal extraction is incomplete,AutomationNodeCatalog stable id + persisted ActionType name; workflowVersion in Automation model,NOT_TRACED_BY_THIS_GATE,data/backup/BackupManager (generic workflow encoding; per-field import/export behavior not implied),NOT_TESTED
ACTION,ADVANCED_SHIZUKU,command,domain/src/main/java/com/nexaflow/domain/catalog/ActionNodeSchemas.kt (secretField;required=true;sensitive=true;default=helper-or-none),core/execution/src/main/java/com/nexaflow/core/execution/handler/AdvancedActionsHandler.kt,core/execution/src/main/java/com/nexaflow/core/execution/handler/AdvancedActionsHandler.kt,feature/automation-builder/src/main/java/com/nexaflow/feature/builder/ActionConfigEditor.kt|feature/automation-builder/src/main/java/com/nexaflow/feature/builder/BuilderActionPresentation.kt,core/automation-control/src/test/java/com/nexaflow/core/automationcontrol/risk/AgentRiskEvaluatorTest.kt|core/execution/src/test/java/com/nexaflow/core/execution/ConfigLoggingRedactionTest.kt|core/execution/src/test/java/com/nexaflow/core/execution/handler/AdvancedActionsHandlerRoutingTest.kt,core/database Converters + data/mapper/AutomationMapper (shared map serializer),data/repository/CanonicalWorkflowMigrationRunner + database migrations (shared migration path; per-field migration not implied),core/execution compat/WorkflowRequirementCatalog + CommandCatalog + CommandRequirementCatalog; per-node resolution not statically evaluated,DECLARED_AND_RUNTIME_READ,See schema source; static literal extraction is incomplete,AutomationNodeCatalog stable id + persisted ActionType name; workflowVersion in Automation model,NOT_TRACED_BY_THIS_GATE,data/backup/BackupManager (generic workflow encoding; per-field import/export behavior not implied),NOT_TESTED
ACTION,ADVANCED_ROOT,command,domain/src/main/java/com/nexaflow/domain/catalog/ActionNodeSchemas.kt (secretField;required=true;sensitive=true;default=helper-or-none),core/execution/src/main/java/com/nexaflow/core/execution/handler/AdvancedActionsHandler.kt,core/execution/src/main/java/com/nexaflow/core/execution/handler/AdvancedActionsHandler.kt,feature/automation-builder/src/main/java/com/nexaflow/feature/builder/ActionConfigEditor.kt|feature/automation-builder/src/main/java/com/nexaflow/feature/builder/BuilderActionPresentation.kt,core/automation-control/src/test/java/com/nexaflow/core/automationcontrol/risk/AgentRiskEvaluatorTest.kt|core/execution/src/test/java/com/nexaflow/core/execution/capability/CapabilityActionMapperTest.kt|core/execution/src/test/java/com/nexaflow/core/execution/handler/AdvancedActionsHandlerRoutingTest.kt|data/src/test/java/com/nexaflow/data/backup/BackupManagerTest.kt|data/src/test/java/com/nexaflow/data/mapper/AutomationMapperTest.kt,core/database Converters + data/mapper/AutomationMapper (shared map serializer),data/repository/CanonicalWorkflowMigrationRunner + database migrations (shared migration path; per-field migration not implied),core/execution compat/WorkflowRequirementCatalog + CommandCatalog + CommandRequirementCatalog; per-node resolution not statically evaluated,DECLARED_AND_RUNTIME_READ,See schema source; static literal extraction is incomplete,AutomationNodeCatalog stable id + persisted ActionType name; workflowVersion in Automation model,NOT_TRACED_BY_THIS_GATE,data/backup/BackupManager (generic workflow encoding; per-field import/export behavior not implied),NOT_TESTED
ACTION,SYSTEM_HTTP_REQUEST,allowPrivateNetwork,domain/src/main/java/com/nexaflow/domain/catalog/ActionNodeSchemas.kt (booleanField;required=false-or-derived;sensitive=false-or-derived;default=false),core/execution/src/main/java/com/nexaflow/core/execution/handler/HttpRequestHandler.kt,core/execution/src/main/java/com/nexaflow/core/execution/handler/HttpRequestHandler.kt,feature/automation-builder/src/main/java/com/nexaflow/feature/builder/ActionConfigEditor.kt,core/execution/src/test/java/com/nexaflow/core/execution/compat/WorkflowRequirementCatalogTest.kt|domain/src/test/java/com/nexaflow/domain/catalog/AutomationNodeCatalogTest.kt|feature/automation-builder/src/test/java/com/nexaflow/feature/builder/ActionDraftTest.kt|feature/automation-builder/src/test/java/com/nexaflow/feature/builder/HttpPermissionWiringTest.kt|feature/automation-builder/src/test/java/com/nexaflow/feature/builder/PermissionRequirementsTest.kt,core/database Converters + data/mapper/AutomationMapper (shared map serializer),data/repository/CanonicalWorkflowMigrationRunner + database migrations (shared migration path; per-field migration not implied),core/execution compat/WorkflowRequirementCatalog + CommandCatalog + CommandRequirementCatalog; per-node resolution not statically evaluated,DECLARED_AND_RUNTIME_READ,See schema source; static literal extraction is incomplete,AutomationNodeCatalog stable id + persisted ActionType name; workflowVersion in Automation model,NOT_TRACED_BY_THIS_GATE,data/backup/BackupManager (generic workflow encoding; per-field import/export behavior not implied),NOT_TESTED
ACTION,SYSTEM_HTTP_REQUEST,auth_token,domain/src/main/java/com/nexaflow/domain/catalog/ActionNodeSchemas.kt (secretField;required=false-or-derived;sensitive=true;default=helper-or-none),NO_STATIC_MATCH,core/execution/src/main/java/com/nexaflow/core/execution/handler/HttpRequestHandler.kt,,data/src/test/java/com/nexaflow/data/mapper/AutomationMapperTest.kt,core/database Converters + data/mapper/AutomationMapper (shared map serializer),data/repository/CanonicalWorkflowMigrationRunner + database migrations (shared migration path; per-field migration not implied),core/execution compat/WorkflowRequirementCatalog + CommandCatalog + CommandRequirementCatalog; per-node resolution not statically evaluated,DECLARED_NO_STATIC_RUNTIME_READ,See schema source; static literal extraction is incomplete,AutomationNodeCatalog stable id + persisted ActionType name; workflowVersion in Automation model,NOT_TRACED_BY_THIS_GATE,data/backup/BackupManager (generic workflow encoding; per-field import/export behavior not implied),NOT_TESTED
ACTION,SYSTEM_HTTP_REQUEST,body,domain/src/main/java/com/nexaflow/domain/catalog/ActionNodeSchemas.kt (secretField;required=false-or-derived;sensitive=true;default=helper-or-none),core/execution/src/main/java/com/nexaflow/core/execution/handler/HttpRequestHandler.kt,core/execution/src/main/java/com/nexaflow/core/execution/handler/HttpRequestHandler.kt,feature/automation-builder/src/main/java/com/nexaflow/feature/builder/ActionConfigEditor.kt,core/execution/src/test/java/com/nexaflow/core/execution/ExecutionEngineContextSelectorTest.kt|core/execution/src/test/java/com/nexaflow/core/execution/handler/HttpRequestHandlerOutputTest.kt|core/execution/src/test/java/com/nexaflow/core/execution/handler/HttpRequestHandlerRetryTest.kt|data/src/test/java/com/nexaflow/data/mapper/AutomationMapperTest.kt|domain/src/test/java/com/nexaflow/domain/catalog/AutomationNodeCatalogTest.kt,core/database Converters + data/mapper/AutomationMapper (shared map serializer),data/repository/CanonicalWorkflowMigrationRunner + database migrations (shared migration path; per-field migration not implied),core/execution compat/WorkflowRequirementCatalog + CommandCatalog + CommandRequirementCatalog; per-node resolution not statically evaluated,DECLARED_AND_RUNTIME_READ,See schema source; static literal extraction is incomplete,AutomationNodeCatalog stable id + persisted ActionType name; workflowVersion in Automation model,NOT_TRACED_BY_THIS_GATE,data/backup/BackupManager (generic workflow encoding; per-field import/export behavior not implied),NOT_TESTED
ACTION,SYSTEM_HTTP_REQUEST,headers,domain/src/main/java/com/nexaflow/domain/catalog/ActionNodeSchemas.kt (secretField;required=false-or-derived;sensitive=true;default=helper-or-none),core/execution/src/main/java/com/nexaflow/core/execution/handler/HttpRequestHandler.kt,core/execution/src/main/java/com/nexaflow/core/execution/handler/HttpRequestHandler.kt,feature/automation-builder/src/main/java/com/nexaflow/feature/builder/ActionConfigEditor.kt,data/src/test/java/com/nexaflow/data/mapper/AutomationMapperTest.kt|domain/src/test/java/com/nexaflow/domain/catalog/AutomationNodeCatalogTest.kt,core/database Converters + data/mapper/AutomationMapper (shared map serializer),data/repository/CanonicalWorkflowMigrationRunner + database migrations (shared migration path; per-field migration not implied),core/execution compat/WorkflowRequirementCatalog + CommandCatalog + CommandRequirementCatalog; per-node resolution not statically evaluated,DECLARED_AND_RUNTIME_READ,See schema source; static literal extraction is incomplete,AutomationNodeCatalog stable id + persisted ActionType name; workflowVersion in Automation model,NOT_TRACED_BY_THIS_GATE,data/backup/BackupManager (generic workflow encoding; per-field import/export behavior not implied),NOT_TESTED
ACTION,SYSTEM_HTTP_REQUEST,method,domain/src/main/java/com/nexaflow/domain/catalog/ActionNodeSchemas.kt (enumField;required=false-or-derived;sensitive=false-or-derived;default=GET),core/execution/src/main/java/com/nexaflow/core/execution/handler/HttpRequestHandler.kt,core/execution/src/main/java/com/nexaflow/core/execution/handler/HttpRequestHandler.kt,feature/automation-builder/src/main/java/com/nexaflow/feature/builder/ActionConfigEditor.kt|feature/automation-builder/src/main/java/com/nexaflow/feature/builder/BuilderActionPresentation.kt,data/src/test/java/com/nexaflow/data/mapper/AutomationMapperTest.kt|domain/src/test/java/com/nexaflow/domain/catalog/AutomationNodeCatalogTest.kt|feature/automation-builder/src/test/java/com/nexaflow/feature/builder/ActionDraftTest.kt,core/database Converters + data/mapper/AutomationMapper (shared map serializer),data/repository/CanonicalWorkflowMigrationRunner + database migrations (shared migration path; per-field migration not implied),core/execution compat/WorkflowRequirementCatalog + CommandCatalog + CommandRequirementCatalog; per-node resolution not statically evaluated,DECLARED_AND_RUNTIME_READ,See schema source; static literal extraction is incomplete,AutomationNodeCatalog stable id + persisted ActionType name; workflowVersion in Automation model,NOT_TRACED_BY_THIS_GATE,data/backup/BackupManager (generic workflow encoding; per-field import/export behavior not implied),NOT_TESTED
ACTION,SYSTEM_HTTP_REQUEST,outputPath,domain/src/main/java/com/nexaflow/domain/catalog/ActionNodeSchemas.kt (stringField;required=false-or-derived;sensitive=false-or-derived;default=helper-or-none),core/execution/src/main/java/com/nexaflow/core/execution/handler/HttpRequestHandler.kt,core/execution/src/main/java/com/nexaflow/core/execution/handler/HttpRequestHandler.kt,feature/automation-builder/src/main/java/com/nexaflow/feature/builder/ActionConfigEditor.kt,core/execution/src/test/java/com/nexaflow/core/execution/ExecutionEngineContextSelectorTest.kt|core/execution/src/test/java/com/nexaflow/core/execution/handler/HttpRequestHandlerOutputTest.kt|domain/src/test/java/com/nexaflow/domain/catalog/AutomationNodeCatalogTest.kt,core/database Converters + data/mapper/AutomationMapper (shared map serializer),data/repository/CanonicalWorkflowMigrationRunner + database migrations (shared migration path; per-field migration not implied),core/execution compat/WorkflowRequirementCatalog + CommandCatalog + CommandRequirementCatalog; per-node resolution not statically evaluated,DECLARED_AND_RUNTIME_READ,See schema source; static literal extraction is incomplete,AutomationNodeCatalog stable id + persisted ActionType name; workflowVersion in Automation model,NOT_TRACED_BY_THIS_GATE,data/backup/BackupManager (generic workflow encoding; per-field import/export behavior not implied),NOT_TESTED
ACTION,SYSTEM_HTTP_REQUEST,retryAttempts,domain/src/main/java/com/nexaflow/domain/catalog/ActionNodeSchemas.kt (integerField;required=false-or-derived;sensitive=false-or-derived;default=0),core/execution/src/main/java/com/nexaflow/core/execution/handler/HttpRequestHandler.kt,core/execution/src/main/java/com/nexaflow/core/execution/handler/HttpRequestHandler.kt,feature/automation-builder/src/main/java/com/nexaflow/feature/builder/ActionConfigEditor.kt,core/execution/src/test/java/com/nexaflow/core/execution/handler/HttpRequestHandlerOutputTest.kt|core/execution/src/test/java/com/nexaflow/core/execution/handler/HttpRequestHandlerRetryTest.kt|domain/src/test/java/com/nexaflow/domain/catalog/AutomationNodeCatalogTest.kt|feature/automation-builder/src/test/java/com/nexaflow/feature/builder/ActionDraftTest.kt,core/database Converters + data/mapper/AutomationMapper (shared map serializer),data/repository/CanonicalWorkflowMigrationRunner + database migrations (shared migration path; per-field migration not implied),core/execution compat/WorkflowRequirementCatalog + CommandCatalog + CommandRequirementCatalog; per-node resolution not statically evaluated,DECLARED_AND_RUNTIME_READ,See schema source; static literal extraction is incomplete,AutomationNodeCatalog stable id + persisted ActionType name; workflowVersion in Automation model,NOT_TRACED_BY_THIS_GATE,data/backup/BackupManager (generic workflow encoding; per-field import/export behavior not implied),NOT_TESTED
ACTION,SYSTEM_HTTP_REQUEST,retryBaseDelayMs,domain/src/main/java/com/nexaflow/domain/catalog/ActionNodeSchemas.kt (integerField;required=false-or-derived;sensitive=false-or-derived;default=1000),core/execution/src/main/java/com/nexaflow/core/execution/handler/HttpRequestHandler.kt,core/execution/src/main/java/com/nexaflow/core/execution/handler/HttpRequestHandler.kt,feature/automation-builder/src/main/java/com/nexaflow/feature/builder/ActionConfigEditor.kt,domain/src/test/java/com/nexaflow/domain/catalog/AutomationNodeCatalogTest.kt,core/database Converters + data/mapper/AutomationMapper (shared map serializer),data/repository/CanonicalWorkflowMigrationRunner + database migrations (shared migration path; per-field migration not implied),core/execution compat/WorkflowRequirementCatalog + CommandCatalog + CommandRequirementCatalog; per-node resolution not statically evaluated,DECLARED_AND_RUNTIME_READ,See schema source; static literal extraction is incomplete,AutomationNodeCatalog stable id + persisted ActionType name; workflowVersion in Automation model,NOT_TRACED_BY_THIS_GATE,data/backup/BackupManager (generic workflow encoding; per-field import/export behavior not implied),NOT_TESTED
ACTION,SYSTEM_HTTP_REQUEST,retryCapMs,domain/src/main/java/com/nexaflow/domain/catalog/ActionNodeSchemas.kt (integerField;required=false-or-derived;sensitive=false-or-derived;default=60000),core/execution/src/main/java/com/nexaflow/core/execution/handler/HttpRequestHandler.kt,core/execution/src/main/java/com/nexaflow/core/execution/handler/HttpRequestHandler.kt,feature/automation-builder/src/main/java/com/nexaflow/feature/builder/ActionConfigEditor.kt,domain/src/test/java/com/nexaflow/domain/catalog/AutomationNodeCatalogTest.kt,core/database Converters + data/mapper/AutomationMapper (shared map serializer),data/repository/CanonicalWorkflowMigrationRunner + database migrations (shared migration path; per-field migration not implied),core/execution compat/WorkflowRequirementCatalog + CommandCatalog + CommandRequirementCatalog; per-node resolution not statically evaluated,DECLARED_AND_RUNTIME_READ,See schema source; static literal extraction is incomplete,AutomationNodeCatalog stable id + persisted ActionType name; workflowVersion in Automation model,NOT_TRACED_BY_THIS_GATE,data/backup/BackupManager (generic workflow encoding; per-field import/export behavior not implied),NOT_TESTED
ACTION,SYSTEM_HTTP_REQUEST,timeoutMs,domain/src/main/java/com/nexaflow/domain/catalog/ActionNodeSchemas.kt (integerField;required=false-or-derived;sensitive=false-or-derived;default=10000),core/execution/src/main/java/com/nexaflow/core/execution/handler/HttpRequestHandler.kt,core/execution/src/main/java/com/nexaflow/core/execution/handler/HttpRequestHandler.kt,feature/automation-builder/src/main/java/com/nexaflow/feature/builder/ActionConfigEditor.kt,domain/src/test/java/com/nexaflow/domain/catalog/AutomationNodeCatalogTest.kt|feature/automation-builder/src/test/java/com/nexaflow/feature/builder/ActionDraftTest.kt,core/database Converters + data/mapper/AutomationMapper (shared map serializer),data/repository/CanonicalWorkflowMigrationRunner + database migrations (shared migration path; per-field migration not implied),core/execution compat/WorkflowRequirementCatalog + CommandCatalog + CommandRequirementCatalog; per-node resolution not statically evaluated,DECLARED_AND_RUNTIME_READ,See schema source; static literal extraction is incomplete,AutomationNodeCatalog stable id + persisted ActionType name; workflowVersion in Automation model,NOT_TRACED_BY_THIS_GATE,data/backup/BackupManager (generic workflow encoding; per-field import/export behavior not implied),NOT_TESTED
ACTION,SYSTEM_HTTP_REQUEST,url,domain/src/main/java/com/nexaflow/domain/catalog/ActionNodeSchemas.kt (urlField;required=true;sensitive=false-or-derived;default=helper-or-none),core/execution/src/main/java/com/nexaflow/core/execution/handler/HttpRequestHandler.kt,core/execution/src/main/java/com/nexaflow/core/execution/handler/HttpRequestHandler.kt,feature/automation-builder/src/main/java/com/nexaflow/feature/builder/ActionConfigEditor.kt|feature/automation-builder/src/main/java/com/nexaflow/feature/builder/BuilderActionPresentation.kt,core/automation-control/src/test/java/com/nexaflow/core/automationcontrol/risk/AgentRiskEvaluatorTest.kt|core/execution/src/test/java/com/nexaflow/core/execution/compat/WorkflowRequirementCatalogTest.kt|core/execution/src/test/java/com/nexaflow/core/execution/ExecutionEngineContextSelectorTest.kt|core/execution/src/test/java/com/nexaflow/core/execution/handler/HttpRequestHandlerOutputTest.kt|core/execution/src/test/java/com/nexaflow/core/execution/handler/HttpRequestHandlerRetryTest.kt|data/src/test/java/com/nexaflow/data/mapper/AutomationMapperTest.kt|domain/src/test/java/com/nexaflow/domain/catalog/AutomationNodeCatalogTest.kt|feature/automation-builder/src/test/java/com/nexaflow/feature/builder/HttpPermissionWiringTest.kt|feature/automation-builder/src/test/java/com/nexaflow/feature/builder/PermissionRequirementsTest.kt,core/database Converters + data/mapper/AutomationMapper (shared map serializer),data/repository/CanonicalWorkflowMigrationRunner + database migrations (shared migration path; per-field migration not implied),core/execution compat/WorkflowRequirementCatalog + CommandCatalog + CommandRequirementCatalog; per-node resolution not statically evaluated,DECLARED_AND_RUNTIME_READ,See schema source; static literal extraction is incomplete,AutomationNodeCatalog stable id + persisted ActionType name; workflowVersion in Automation model,NOT_TRACED_BY_THIS_GATE,data/backup/BackupManager (generic workflow encoding; per-field import/export behavior not implied),NOT_TESTED
ACTION,PLUGIN_FIRE,blurb,domain/src/main/java/com/nexaflow/domain/catalog/ActionNodeSchemas.kt (stringField;required=false-or-derived;sensitive=false-or-derived;default=helper-or-none),NO_STATIC_MATCH,core/execution/src/main/java/com/nexaflow/core/execution/handler/PluginFireHandler.kt,feature/automation-builder/src/main/java/com/nexaflow/feature/builder/ActionConfigEditor.kt|feature/automation-builder/src/main/java/com/nexaflow/feature/builder/BuilderActionPresentation.kt,,core/database Converters + data/mapper/AutomationMapper (shared map serializer),data/repository/CanonicalWorkflowMigrationRunner + database migrations (shared migration path; per-field migration not implied),core/execution compat/WorkflowRequirementCatalog + CommandCatalog + CommandRequirementCatalog; per-node resolution not statically evaluated,DECLARED_NO_STATIC_RUNTIME_READ,See schema source; static literal extraction is incomplete,AutomationNodeCatalog stable id + persisted ActionType name; workflowVersion in Automation model,NOT_TRACED_BY_THIS_GATE,data/backup/BackupManager (generic workflow encoding; per-field import/export behavior not implied),NOT_TESTED
ACTION,PLUGIN_FIRE,bundleJson,domain/src/main/java/com/nexaflow/domain/catalog/ActionNodeSchemas.kt (secretField;required=false-or-derived;sensitive=true;default=helper-or-none),core/execution/src/main/java/com/nexaflow/core/execution/handler/PluginFireHandler.kt,core/execution/src/main/java/com/nexaflow/core/execution/handler/PluginFireHandler.kt,,core/execution/src/test/java/com/nexaflow/core/execution/capability/CapabilityActionMapperTest.kt|core/execution/src/test/java/com/nexaflow/core/execution/capability/PluginCapabilityBackendTest.kt|data/src/test/java/com/nexaflow/data/backup/PluginDependencyScannerTest.kt,core/database Converters + data/mapper/AutomationMapper (shared map serializer),data/repository/CanonicalWorkflowMigrationRunner + database migrations (shared migration path; per-field migration not implied),core/execution compat/WorkflowRequirementCatalog + CommandCatalog + CommandRequirementCatalog; per-node resolution not statically evaluated,DECLARED_AND_RUNTIME_READ,See schema source; static literal extraction is incomplete,AutomationNodeCatalog stable id + persisted ActionType name; workflowVersion in Automation model,NOT_TRACED_BY_THIS_GATE,data/backup/BackupManager (generic workflow encoding; per-field import/export behavior not implied),NOT_TESTED
ACTION,PLUGIN_FIRE,editActivity,domain/src/main/java/com/nexaflow/domain/catalog/ActionNodeSchemas.kt (stringField;required=false-or-derived;sensitive=false-or-derived;default=helper-or-none),NO_STATIC_MATCH,core/execution/src/main/java/com/nexaflow/core/execution/handler/PluginFireHandler.kt,,data/src/test/java/com/nexaflow/data/backup/PluginDependencyScannerTest.kt,core/database Converters + data/mapper/AutomationMapper (shared map serializer),data/repository/CanonicalWorkflowMigrationRunner + database migrations (shared migration path; per-field migration not implied),core/execution compat/WorkflowRequirementCatalog + CommandCatalog + CommandRequirementCatalog; per-node resolution not statically evaluated,DECLARED_NO_STATIC_RUNTIME_READ,See schema source; static literal extraction is incomplete,AutomationNodeCatalog stable id + persisted ActionType name; workflowVersion in Automation model,NOT_TRACED_BY_THIS_GATE,data/backup/BackupManager (generic workflow encoding; per-field import/export behavior not implied),NOT_TESTED
ACTION,PLUGIN_FIRE,package,domain/src/main/java/com/nexaflow/domain/catalog/ActionNodeSchemas.kt (packageField;required=true;sensitive=false-or-derived;default=helper-or-none),core/execution/src/main/java/com/nexaflow/core/execution/handler/PluginFireHandler.kt,core/execution/src/main/java/com/nexaflow/core/execution/handler/PluginFireHandler.kt,feature/automation-builder/src/main/java/com/nexaflow/feature/builder/ActionConfigEditor.kt|feature/automation-builder/src/main/java/com/nexaflow/feature/builder/BuilderActionPresentation.kt,core/execution/src/test/java/com/nexaflow/core/execution/capability/CapabilityActionMapperTest.kt|core/execution/src/test/java/com/nexaflow/core/execution/capability/PluginCapabilityBackendTest.kt|core/execution/src/test/java/com/nexaflow/core/execution/handler/PluginFireHandlerTest.kt|data/src/test/java/com/nexaflow/data/backup/PluginDependencyScannerTest.kt,core/database Converters + data/mapper/AutomationMapper (shared map serializer),data/repository/CanonicalWorkflowMigrationRunner + database migrations (shared migration path; per-field migration not implied),core/execution compat/WorkflowRequirementCatalog + CommandCatalog + CommandRequirementCatalog; per-node resolution not statically evaluated,DECLARED_AND_RUNTIME_READ,See schema source; static literal extraction is incomplete,AutomationNodeCatalog stable id + persisted ActionType name; workflowVersion in Automation model,NOT_TRACED_BY_THIS_GATE,data/backup/BackupManager (generic workflow encoding; per-field import/export behavior not implied),NOT_TESTED
ACTION,PLUGIN_FIRE,pluginApproval,domain/src/main/java/com/nexaflow/domain/catalog/ActionNodeSchemas.kt (enumField;required=false-or-derived;sensitive=false-or-derived;default=helper-or-none),core/execution/src/main/java/com/nexaflow/core/execution/handler/PluginFireHandler.kt,core/execution/src/main/java/com/nexaflow/core/execution/handler/PluginFireHandler.kt,,core/execution/src/test/java/com/nexaflow/core/execution/capability/CapabilityActionMapperTest.kt|core/execution/src/test/java/com/nexaflow/core/execution/capability/PluginCapabilityBackendTest.kt|core/execution/src/test/java/com/nexaflow/core/execution/handler/PluginFireHandlerTest.kt|data/src/test/java/com/nexaflow/data/backup/PluginDependencyScannerTest.kt,core/database Converters + data/mapper/AutomationMapper (shared map serializer),data/repository/CanonicalWorkflowMigrationRunner + database migrations (shared migration path; per-field migration not implied),core/execution compat/WorkflowRequirementCatalog + CommandCatalog + CommandRequirementCatalog; per-node resolution not statically evaluated,DECLARED_AND_RUNTIME_READ,See schema source; static literal extraction is incomplete,AutomationNodeCatalog stable id + persisted ActionType name; workflowVersion in Automation model,NOT_TRACED_BY_THIS_GATE,data/backup/BackupManager (generic workflow encoding; per-field import/export behavior not implied),NOT_TESTED
ACTION,PLUGIN_FIRE,pluginHighRiskApproval,domain/src/main/java/com/nexaflow/domain/catalog/ActionNodeSchemas.kt (enumField;required=false-or-derived;sensitive=false-or-derived;default=helper-or-none),NO_STATIC_MATCH,core/execution/src/main/java/com/nexaflow/core/execution/handler/PluginFireHandler.kt,,,core/database Converters + data/mapper/AutomationMapper (shared map serializer),data/repository/CanonicalWorkflowMigrationRunner + database migrations (shared migration path; per-field migration not implied),core/execution compat/WorkflowRequirementCatalog + CommandCatalog + CommandRequirementCatalog; per-node resolution not statically evaluated,DECLARED_NO_STATIC_RUNTIME_READ,See schema source; static literal extraction is incomplete,AutomationNodeCatalog stable id + persisted ActionType name; workflowVersion in Automation model,NOT_TRACED_BY_THIS_GATE,data/backup/BackupManager (generic workflow encoding; per-field import/export behavior not implied),NOT_TESTED
ACTION,PLUGIN_FIRE,pluginInstance,domain/src/main/java/com/nexaflow/domain/catalog/ActionNodeSchemas.kt (stringField;required=false-or-derived;sensitive=false-or-derived;default=helper-or-none),NO_STATIC_MATCH,core/execution/src/main/java/com/nexaflow/core/execution/handler/PluginFireHandler.kt,,core/execution/src/test/java/com/nexaflow/core/execution/capability/CapabilityActionMapperTest.kt|core/execution/src/test/java/com/nexaflow/core/execution/capability/PluginCapabilityBackendTest.kt|data/src/test/java/com/nexaflow/data/backup/PluginDependencyScannerTest.kt,core/database Converters + data/mapper/AutomationMapper (shared map serializer),data/repository/CanonicalWorkflowMigrationRunner + database migrations (shared migration path; per-field migration not implied),core/execution compat/WorkflowRequirementCatalog + CommandCatalog + CommandRequirementCatalog; per-node resolution not statically evaluated,DECLARED_NO_STATIC_RUNTIME_READ,See schema source; static literal extraction is incomplete,AutomationNodeCatalog stable id + persisted ActionType name; workflowVersion in Automation model,NOT_TRACED_BY_THIS_GATE,data/backup/BackupManager (generic workflow encoding; per-field import/export behavior not implied),NOT_TESTED
ACTION,PLUGIN_FIRE,receiver,domain/src/main/java/com/nexaflow/domain/catalog/ActionNodeSchemas.kt (stringField;required=true;sensitive=false-or-derived;default=helper-or-none),core/execution/src/main/java/com/nexaflow/core/execution/handler/PluginFireHandler.kt,core/execution/src/main/java/com/nexaflow/core/execution/handler/PluginFireHandler.kt,,core/execution/src/test/java/com/nexaflow/core/execution/capability/PluginCapabilityBackendTest.kt|core/execution/src/test/java/com/nexaflow/core/execution/handler/PluginFireHandlerTest.kt|data/src/test/java/com/nexaflow/data/backup/PluginDependencyScannerTest.kt,core/database Converters + data/mapper/AutomationMapper (shared map serializer),data/repository/CanonicalWorkflowMigrationRunner + database migrations (shared migration path; per-field migration not implied),core/execution compat/WorkflowRequirementCatalog + CommandCatalog + CommandRequirementCatalog; per-node resolution not statically evaluated,DECLARED_AND_RUNTIME_READ,See schema source; static literal extraction is incomplete,AutomationNodeCatalog stable id + persisted ActionType name; workflowVersion in Automation model,NOT_TRACED_BY_THIS_GATE,data/backup/BackupManager (generic workflow encoding; per-field import/export behavior not implied),NOT_TESTED
ACTION,SYSTEM_VIBRATE,seconds,domain/src/main/java/com/nexaflow/domain/catalog/ActionNodeSchemas.kt (durationField;required=false-or-derived;sensitive=false-or-derived;default=1),core/execution/src/main/java/com/nexaflow/core/execution/handler/SystemActionsHandler.kt,core/execution/src/main/java/com/nexaflow/core/execution/handler/SystemActionsHandler.kt,feature/automation-builder/src/main/java/com/nexaflow/feature/builder/ActionConfigEditor.kt|feature/automation-builder/src/main/java/com/nexaflow/feature/builder/BuilderActionPresentation.kt,,core/database Converters + data/mapper/AutomationMapper (shared map serializer),data/repository/CanonicalWorkflowMigrationRunner + database migrations (shared migration path; per-field migration not implied),core/execution compat/WorkflowRequirementCatalog + CommandCatalog + CommandRequirementCatalog; per-node resolution not statically evaluated,DECLARED_AND_RUNTIME_READ,See schema source; static literal extraction is incomplete,AutomationNodeCatalog stable id + persisted ActionType name; workflowVersion in Automation model,NOT_TRACED_BY_THIS_GATE,data/backup/BackupManager (generic workflow encoding; per-field import/export behavior not implied),NOT_TESTED
ACTION,SYSTEM_CLIPBOARD_SET,text,domain/src/main/java/com/nexaflow/domain/catalog/ActionNodeSchemas.kt (stringField;required=true;sensitive=false-or-derived;default=helper-or-none),core/execution/src/main/java/com/nexaflow/core/execution/handler/SystemActionsHandler.kt,core/execution/src/main/java/com/nexaflow/core/execution/handler/SystemActionsHandler.kt,feature/automation-builder/src/main/java/com/nexaflow/feature/builder/ActionConfigEditor.kt|feature/automation-builder/src/main/java/com/nexaflow/feature/builder/BuilderActionPresentation.kt,,core/database Converters + data/mapper/AutomationMapper (shared map serializer),data/repository/CanonicalWorkflowMigrationRunner + database migrations (shared migration path; per-field migration not implied),core/execution compat/WorkflowRequirementCatalog + CommandCatalog + CommandRequirementCatalog; per-node resolution not statically evaluated,DECLARED_AND_RUNTIME_READ,See schema source; static literal extraction is incomplete,AutomationNodeCatalog stable id + persisted ActionType name; workflowVersion in Automation model,NOT_TRACED_BY_THIS_GATE,data/backup/BackupManager (generic workflow encoding; per-field import/export behavior not implied),NOT_TESTED
ACTION,SYSTEM_SET_SETTING,key,domain/src/main/java/com/nexaflow/domain/catalog/ActionNodeSchemas.kt (stringField;required=true;sensitive=false-or-derived;default=helper-or-none),core/execution/src/main/java/com/nexaflow/core/execution/handler/SystemActionsHandler.kt,core/execution/src/main/java/com/nexaflow/core/execution/handler/SystemActionsHandler.kt,feature/automation-builder/src/main/java/com/nexaflow/feature/builder/ActionConfigEditor.kt|feature/automation-builder/src/main/java/com/nexaflow/feature/builder/BuilderActionPresentation.kt,core/execution/src/test/java/com/nexaflow/core/execution/capability/CapabilityActionMapperTest.kt,core/database Converters + data/mapper/AutomationMapper (shared map serializer),data/repository/CanonicalWorkflowMigrationRunner + database migrations (shared migration path; per-field migration not implied),core/execution compat/WorkflowRequirementCatalog + CommandCatalog + CommandRequirementCatalog; per-node resolution not statically evaluated,DECLARED_AND_RUNTIME_READ,See schema source; static literal extraction is incomplete,AutomationNodeCatalog stable id + persisted ActionType name; workflowVersion in Automation model,NOT_TRACED_BY_THIS_GATE,data/backup/BackupManager (generic workflow encoding; per-field import/export behavior not implied),NOT_TESTED
ACTION,SYSTEM_SET_SETTING,namespace,domain/src/main/java/com/nexaflow/domain/catalog/ActionNodeSchemas.kt (enumField;required=false-or-derived;sensitive=false-or-derived;default=GLOBAL),core/execution/src/main/java/com/nexaflow/core/execution/handler/SystemActionsHandler.kt,core/execution/src/main/java/com/nexaflow/core/execution/handler/SystemActionsHandler.kt,feature/automation-builder/src/main/java/com/nexaflow/feature/builder/ActionConfigEditor.kt,core/execution/src/test/java/com/nexaflow/core/execution/capability/CapabilityActionMapperTest.kt|domain/src/test/java/com/nexaflow/domain/catalog/AutomationNodeCatalogTest.kt|feature/automation-builder/src/test/java/com/nexaflow/feature/builder/ActionDraftTest.kt,core/database Converters + data/mapper/AutomationMapper (shared map serializer),data/repository/CanonicalWorkflowMigrationRunner + database migrations (shared migration path; per-field migration not implied),core/execution compat/WorkflowRequirementCatalog + CommandCatalog + CommandRequirementCatalog; per-node resolution not statically evaluated,DECLARED_AND_RUNTIME_READ,See schema source; static literal extraction is incomplete,AutomationNodeCatalog stable id + persisted ActionType name; workflowVersion in Automation model,NOT_TRACED_BY_THIS_GATE,data/backup/BackupManager (generic workflow encoding; per-field import/export behavior not implied),NOT_TESTED
ACTION,SYSTEM_SET_SETTING,value,domain/src/main/java/com/nexaflow/domain/catalog/ActionNodeSchemas.kt (stringField;required=false-or-derived;sensitive=false-or-derived;default=),core/execution/src/main/java/com/nexaflow/core/execution/handler/SystemActionsHandler.kt,core/execution/src/main/java/com/nexaflow/core/execution/handler/SystemActionsHandler.kt,feature/automation-builder/src/main/java/com/nexaflow/feature/builder/ActionConfigEditor.kt|feature/automation-builder/src/main/java/com/nexaflow/feature/builder/BuilderActionPresentation.kt,core/execution/src/test/java/com/nexaflow/core/execution/capability/CapabilityActionMapperTest.kt|domain/src/test/java/com/nexaflow/domain/canonical/CanonicalRuntimePipelineTest.kt|feature/automation-builder/src/test/java/com/nexaflow/feature/builder/ActionDraftTest.kt,core/database Converters + data/mapper/AutomationMapper (shared map serializer),data/repository/CanonicalWorkflowMigrationRunner + database migrations (shared migration path; per-field migration not implied),core/execution compat/WorkflowRequirementCatalog + CommandCatalog + CommandRequirementCatalog; per-node resolution not statically evaluated,DECLARED_AND_RUNTIME_READ,See schema source; static literal extraction is incomplete,AutomationNodeCatalog stable id + persisted ActionType name; workflowVersion in Automation model,NOT_TRACED_BY_THIS_GATE,data/backup/BackupManager (generic workflow encoding; per-field import/export behavior not implied),NOT_TESTED
ACTION,SYSTEM_SCREENSHOT,filename,domain/src/main/java/com/nexaflow/domain/catalog/ActionNodeSchemas.kt (stringField;required=false-or-derived;sensitive=false-or-derived;default=helper-or-none),core/execution/src/main/java/com/nexaflow/core/execution/handler/SystemActionsHandler.kt,core/execution/src/main/java/com/nexaflow/core/execution/handler/SystemActionsHandler.kt,feature/automation-builder/src/main/java/com/nexaflow/feature/builder/ActionConfigEditor.kt|feature/automation-builder/src/main/java/com/nexaflow/feature/builder/BuilderActionPresentation.kt,,core/database Converters + data/mapper/AutomationMapper (shared map serializer),data/repository/CanonicalWorkflowMigrationRunner + database migrations (shared migration path; per-field migration not implied),core/execution compat/WorkflowRequirementCatalog + CommandCatalog + CommandRequirementCatalog; per-node resolution not statically evaluated,DECLARED_AND_RUNTIME_READ,See schema source; static literal extraction is incomplete,AutomationNodeCatalog stable id + persisted ActionType name; workflowVersion in Automation model,NOT_TRACED_BY_THIS_GATE,data/backup/BackupManager (generic workflow encoding; per-field import/export behavior not implied),NOT_TESTED
ACTION,SYSTEM_INPUT_TEXT,text,domain/src/main/java/com/nexaflow/domain/catalog/ActionNodeSchemas.kt (stringField;required=true;sensitive=false-or-derived;default=helper-or-none),core/execution/src/main/java/com/nexaflow/core/execution/handler/SystemActionsHandler.kt,core/execution/src/main/java/com/nexaflow/core/execution/handler/SystemActionsHandler.kt,feature/automation-builder/src/main/java/com/nexaflow/feature/builder/ActionConfigEditor.kt|feature/automation-builder/src/main/java/com/nexaflow/feature/builder/BuilderActionPresentation.kt,,core/database Converters + data/mapper/AutomationMapper (shared map serializer),data/repository/CanonicalWorkflowMigrationRunner + database migrations (shared migration path; per-field migration not implied),core/execution compat/WorkflowRequirementCatalog + CommandCatalog + CommandRequirementCatalog; per-node resolution not statically evaluated,DECLARED_AND_RUNTIME_READ,See schema source; static literal extraction is incomplete,AutomationNodeCatalog stable id + persisted ActionType name; workflowVersion in Automation model,NOT_TRACED_BY_THIS_GATE,data/backup/BackupManager (generic workflow encoding; per-field import/export behavior not implied),NOT_TESTED
ACTION,SYSTEM_KEY_EVENT,key,domain/src/main/java/com/nexaflow/domain/catalog/ActionNodeSchemas.kt (stringField;required=true;sensitive=false-or-derived;default=helper-or-none),core/execution/src/main/java/com/nexaflow/core/execution/handler/SystemActionsHandler.kt,core/execution/src/main/java/com/nexaflow/core/execution/handler/SystemActionsHandler.kt,feature/automation-builder/src/main/java/com/nexaflow/feature/builder/ActionConfigEditor.kt|feature/automation-builder/src/main/java/com/nexaflow/feature/builder/BuilderActionPresentation.kt,,core/database Converters + data/mapper/AutomationMapper (shared map serializer),data/repository/CanonicalWorkflowMigrationRunner + database migrations (shared migration path; per-field migration not implied),core/execution compat/WorkflowRequirementCatalog + CommandCatalog + CommandRequirementCatalog; per-node resolution not statically evaluated,DECLARED_AND_RUNTIME_READ,See schema source; static literal extraction is incomplete,AutomationNodeCatalog stable id + persisted ActionType name; workflowVersion in Automation model,NOT_TRACED_BY_THIS_GATE,data/backup/BackupManager (generic workflow encoding; per-field import/export behavior not implied),NOT_TESTED
ACTION,SYSTEM_INPUT_TAP,x,domain/src/main/java/com/nexaflow/domain/catalog/ActionNodeSchemas.kt (integerField;required=true;sensitive=false-or-derived;default=helper-or-none),core/execution/src/main/java/com/nexaflow/core/execution/handler/SystemActionsHandler.kt,core/execution/src/main/java/com/nexaflow/core/execution/handler/SystemActionsHandler.kt,feature/automation-builder/src/main/java/com/nexaflow/feature/builder/ActionConfigEditor.kt|feature/automation-builder/src/main/java/com/nexaflow/feature/builder/BuilderActionPresentation.kt,domain/src/test/java/com/nexaflow/domain/catalog/AutomationNodeCatalogTest.kt,core/database Converters + data/mapper/AutomationMapper (shared map serializer),data/repository/CanonicalWorkflowMigrationRunner + database migrations (shared migration path; per-field migration not implied),core/execution compat/WorkflowRequirementCatalog + CommandCatalog + CommandRequirementCatalog; per-node resolution not statically evaluated,DECLARED_AND_RUNTIME_READ,See schema source; static literal extraction is incomplete,AutomationNodeCatalog stable id + persisted ActionType name; workflowVersion in Automation model,NOT_TRACED_BY_THIS_GATE,data/backup/BackupManager (generic workflow encoding; per-field import/export behavior not implied),NOT_TESTED
ACTION,SYSTEM_INPUT_TAP,y,domain/src/main/java/com/nexaflow/domain/catalog/ActionNodeSchemas.kt (integerField;required=true;sensitive=false-or-derived;default=helper-or-none),core/execution/src/main/java/com/nexaflow/core/execution/handler/SystemActionsHandler.kt,core/execution/src/main/java/com/nexaflow/core/execution/handler/SystemActionsHandler.kt,feature/automation-builder/src/main/java/com/nexaflow/feature/builder/ActionConfigEditor.kt|feature/automation-builder/src/main/java/com/nexaflow/feature/builder/BuilderActionPresentation.kt,domain/src/test/java/com/nexaflow/domain/catalog/AutomationNodeCatalogTest.kt,core/database Converters + data/mapper/AutomationMapper (shared map serializer),data/repository/CanonicalWorkflowMigrationRunner + database migrations (shared migration path; per-field migration not implied),core/execution compat/WorkflowRequirementCatalog + CommandCatalog + CommandRequirementCatalog; per-node resolution not statically evaluated,DECLARED_AND_RUNTIME_READ,See schema source; static literal extraction is incomplete,AutomationNodeCatalog stable id + persisted ActionType name; workflowVersion in Automation model,NOT_TRACED_BY_THIS_GATE,data/backup/BackupManager (generic workflow encoding; per-field import/export behavior not implied),NOT_TESTED
ACTION,SYSTEM_INPUT_SWIPE,durationMs,domain/src/main/java/com/nexaflow/domain/catalog/ActionNodeSchemas.kt (integerField;required=false-or-derived;sensitive=false-or-derived;default=300),core/execution/src/main/java/com/nexaflow/core/execution/handler/SystemActionsHandler.kt,core/execution/src/main/java/com/nexaflow/core/execution/handler/SystemActionsHandler.kt,feature/automation-builder/src/main/java/com/nexaflow/feature/builder/ActionConfigEditor.kt,domain/src/test/java/com/nexaflow/domain/catalog/AutomationNodeCatalogTest.kt,core/database Converters + data/mapper/AutomationMapper (shared map serializer),data/repository/CanonicalWorkflowMigrationRunner + database migrations (shared migration path; per-field migration not implied),core/execution compat/WorkflowRequirementCatalog + CommandCatalog + CommandRequirementCatalog; per-node resolution not statically evaluated,DECLARED_AND_RUNTIME_READ,See schema source; static literal extraction is incomplete,AutomationNodeCatalog stable id + persisted ActionType name; workflowVersion in Automation model,NOT_TRACED_BY_THIS_GATE,data/backup/BackupManager (generic workflow encoding; per-field import/export behavior not implied),NOT_TESTED
ACTION,SYSTEM_COLOR_INVERSION,enabled,domain/src/main/java/com/nexaflow/domain/catalog/ActionNodeSchemas.kt (helper-or-derived),core/execution/src/main/java/com/nexaflow/core/execution/handler/SystemActionsHandler.kt,core/execution/src/main/java/com/nexaflow/core/execution/handler/SystemActionsHandler.kt,feature/automation-builder/src/main/java/com/nexaflow/feature/builder/ActionConfigEditor.kt|feature/automation-builder/src/main/java/com/nexaflow/feature/builder/BuilderActionPresentation.kt,,core/database Converters + data/mapper/AutomationMapper (shared map serializer),data/repository/CanonicalWorkflowMigrationRunner + database migrations (shared migration path; per-field migration not implied),core/execution compat/WorkflowRequirementCatalog + CommandCatalog + CommandRequirementCatalog; per-node resolution not statically evaluated,DECLARED_AND_RUNTIME_READ,See schema source; static literal extraction is incomplete,AutomationNodeCatalog stable id + persisted ActionType name; workflowVersion in Automation model,NOT_TRACED_BY_THIS_GATE,data/backup/BackupManager (generic workflow encoding; per-field import/export behavior not implied),NOT_TESTED
ACTION,SYSTEM_GRAYSCALE,enabled,domain/src/main/java/com/nexaflow/domain/catalog/ActionNodeSchemas.kt (helper-or-derived),core/execution/src/main/java/com/nexaflow/core/execution/handler/SystemActionsHandler.kt,core/execution/src/main/java/com/nexaflow/core/execution/handler/SystemActionsHandler.kt,feature/automation-builder/src/main/java/com/nexaflow/feature/builder/ActionConfigEditor.kt|feature/automation-builder/src/main/java/com/nexaflow/feature/builder/BuilderActionPresentation.kt,,core/database Converters + data/mapper/AutomationMapper (shared map serializer),data/repository/CanonicalWorkflowMigrationRunner + database migrations (shared migration path; per-field migration not implied),core/execution compat/WorkflowRequirementCatalog + CommandCatalog + CommandRequirementCatalog; per-node resolution not statically evaluated,DECLARED_AND_RUNTIME_READ,See schema source; static literal extraction is incomplete,AutomationNodeCatalog stable id + persisted ActionType name; workflowVersion in Automation model,NOT_TRACED_BY_THIS_GATE,data/backup/BackupManager (generic workflow encoding; per-field import/export behavior not implied),NOT_TESTED
ACTION,SYSTEM_EXTRA_DIM,enabled,domain/src/main/java/com/nexaflow/domain/catalog/ActionNodeSchemas.kt (helper-or-derived),core/execution/src/main/java/com/nexaflow/core/execution/handler/SystemActionsHandler.kt,core/execution/src/main/java/com/nexaflow/core/execution/handler/SystemActionsHandler.kt,feature/automation-builder/src/main/java/com/nexaflow/feature/builder/ActionConfigEditor.kt|feature/automation-builder/src/main/java/com/nexaflow/feature/builder/BuilderActionPresentation.kt,,core/database Converters + data/mapper/AutomationMapper (shared map serializer),data/repository/CanonicalWorkflowMigrationRunner + database migrations (shared migration path; per-field migration not implied),core/execution compat/WorkflowRequirementCatalog + CommandCatalog + CommandRequirementCatalog; per-node resolution not statically evaluated,DECLARED_AND_RUNTIME_READ,See schema source; static literal extraction is incomplete,AutomationNodeCatalog stable id + persisted ActionType name; workflowVersion in Automation model,NOT_TRACED_BY_THIS_GATE,data/backup/BackupManager (generic workflow encoding; per-field import/export behavior not implied),NOT_TESTED
ACTION,SYSTEM_NIGHT_LIGHT,enabled,domain/src/main/java/com/nexaflow/domain/catalog/ActionNodeSchemas.kt (helper-or-derived),core/execution/src/main/java/com/nexaflow/core/execution/handler/SystemActionsHandler.kt,core/execution/src/main/java/com/nexaflow/core/execution/handler/SystemActionsHandler.kt,feature/automation-builder/src/main/java/com/nexaflow/feature/builder/ActionConfigEditor.kt|feature/automation-builder/src/main/java/com/nexaflow/feature/builder/BuilderActionPresentation.kt,,core/database Converters + data/mapper/AutomationMapper (shared map serializer),data/repository/CanonicalWorkflowMigrationRunner + database migrations (shared migration path; per-field migration not implied),core/execution compat/WorkflowRequirementCatalog + CommandCatalog + CommandRequirementCatalog; per-node resolution not statically evaluated,DECLARED_AND_RUNTIME_READ,See schema source; static literal extraction is incomplete,AutomationNodeCatalog stable id + persisted ActionType name; workflowVersion in Automation model,NOT_TRACED_BY_THIS_GATE,data/backup/BackupManager (generic workflow encoding; per-field import/export behavior not implied),NOT_TESTED
ACTION,SYSTEM_HAPTIC_FEEDBACK,enabled,domain/src/main/java/com/nexaflow/domain/catalog/ActionNodeSchemas.kt (helper-or-derived),core/execution/src/main/java/com/nexaflow/core/execution/handler/SystemActionsHandler.kt,core/execution/src/main/java/com/nexaflow/core/execution/handler/SystemActionsHandler.kt,feature/automation-builder/src/main/java/com/nexaflow/feature/builder/ActionConfigEditor.kt|feature/automation-builder/src/main/java/com/nexaflow/feature/builder/BuilderActionPresentation.kt,,core/database Converters + data/mapper/AutomationMapper (shared map serializer),data/repository/CanonicalWorkflowMigrationRunner + database migrations (shared migration path; per-field migration not implied),core/execution compat/WorkflowRequirementCatalog + CommandCatalog + CommandRequirementCatalog; per-node resolution not statically evaluated,DECLARED_AND_RUNTIME_READ,See schema source; static literal extraction is incomplete,AutomationNodeCatalog stable id + persisted ActionType name; workflowVersion in Automation model,NOT_TRACED_BY_THIS_GATE,data/backup/BackupManager (generic workflow encoding; per-field import/export behavior not implied),NOT_TESTED
ACTION,SYSTEM_SOUND_EFFECTS,enabled,domain/src/main/java/com/nexaflow/domain/catalog/ActionNodeSchemas.kt (helper-or-derived),core/execution/src/main/java/com/nexaflow/core/execution/handler/SystemActionsHandler.kt,core/execution/src/main/java/com/nexaflow/core/execution/handler/SystemActionsHandler.kt,feature/automation-builder/src/main/java/com/nexaflow/feature/builder/ActionConfigEditor.kt|feature/automation-builder/src/main/java/com/nexaflow/feature/builder/BuilderActionPresentation.kt,,core/database Converters + data/mapper/AutomationMapper (shared map serializer),data/repository/CanonicalWorkflowMigrationRunner + database migrations (shared migration path; per-field migration not implied),core/execution compat/WorkflowRequirementCatalog + CommandCatalog + CommandRequirementCatalog; per-node resolution not statically evaluated,DECLARED_AND_RUNTIME_READ,See schema source; static literal extraction is incomplete,AutomationNodeCatalog stable id + persisted ActionType name; workflowVersion in Automation model,NOT_TRACED_BY_THIS_GATE,data/backup/BackupManager (generic workflow encoding; per-field import/export behavior not implied),NOT_TESTED
ACTION,SYSTEM_FORCE_STOP_APP,package,domain/src/main/java/com/nexaflow/domain/catalog/ActionNodeSchemas.kt (packageField;required=true;sensitive=false-or-derived;default=helper-or-none),core/execution/src/main/java/com/nexaflow/core/execution/handler/SystemActionsHandler.kt,core/execution/src/main/java/com/nexaflow/core/execution/handler/SystemActionsHandler.kt,feature/automation-builder/src/main/java/com/nexaflow/feature/builder/ActionConfigEditor.kt|feature/automation-builder/src/main/java/com/nexaflow/feature/builder/BuilderActionPresentation.kt,core/execution/src/test/java/com/nexaflow/core/execution/capability/CapabilityActionMapperTest.kt|core/execution/src/test/java/com/nexaflow/core/execution/capability/semantic/PackageActionMapperTest.kt,core/database Converters + data/mapper/AutomationMapper (shared map serializer),data/repository/CanonicalWorkflowMigrationRunner + database migrations (shared migration path; per-field migration not implied),core/execution compat/WorkflowRequirementCatalog + CommandCatalog + CommandRequirementCatalog; per-node resolution not statically evaluated,DECLARED_AND_RUNTIME_READ,See schema source; static literal extraction is incomplete,AutomationNodeCatalog stable id + persisted ActionType name; workflowVersion in Automation model,NOT_TRACED_BY_THIS_GATE,data/backup/BackupManager (generic workflow encoding; per-field import/export behavior not implied),NOT_TESTED
ACTION,SYSTEM_CLEAR_APP_DATA,package,domain/src/main/java/com/nexaflow/domain/catalog/ActionNodeSchemas.kt (packageField;required=true;sensitive=false-or-derived;default=helper-or-none),core/execution/src/main/java/com/nexaflow/core/execution/handler/SystemActionsHandler.kt,core/execution/src/main/java/com/nexaflow/core/execution/handler/SystemActionsHandler.kt,feature/automation-builder/src/main/java/com/nexaflow/feature/builder/ActionConfigEditor.kt|feature/automation-builder/src/main/java/com/nexaflow/feature/builder/BuilderActionPresentation.kt,core/execution/src/test/java/com/nexaflow/core/execution/capability/CapabilityActionMapperTest.kt|core/execution/src/test/java/com/nexaflow/core/execution/capability/semantic/PackageActionMapperTest.kt|core/execution/src/test/java/com/nexaflow/core/execution/capability/semantic/PackageSemanticMigrationTest.kt,core/database Converters + data/mapper/AutomationMapper (shared map serializer),data/repository/CanonicalWorkflowMigrationRunner + database migrations (shared migration path; per-field migration not implied),core/execution compat/WorkflowRequirementCatalog + CommandCatalog + CommandRequirementCatalog; per-node resolution not statically evaluated,DECLARED_AND_RUNTIME_READ,See schema source; static literal extraction is incomplete,AutomationNodeCatalog stable id + persisted ActionType name; workflowVersion in Automation model,NOT_TRACED_BY_THIS_GATE,data/backup/BackupManager (generic workflow encoding; per-field import/export behavior not implied),NOT_TESTED
ACTION,SYSTEM_LOCATION_MODE,mode,domain/src/main/java/com/nexaflow/domain/catalog/ActionNodeSchemas.kt (enumField;required=false-or-derived;sensitive=false-or-derived;default=HIGH),core/execution/src/main/java/com/nexaflow/core/execution/handler/SystemActionsHandler.kt,core/execution/src/main/java/com/nexaflow/core/execution/handler/SystemActionsHandler.kt,feature/automation-builder/src/main/java/com/nexaflow/feature/builder/ActionConfigEditor.kt|feature/automation-builder/src/main/java/com/nexaflow/feature/builder/BuilderActionPresentation.kt,,core/database Converters + data/mapper/AutomationMapper (shared map serializer),data/repository/CanonicalWorkflowMigrationRunner + database migrations (shared migration path; per-field migration not implied),core/execution compat/WorkflowRequirementCatalog + CommandCatalog + CommandRequirementCatalog; per-node resolution not statically evaluated,DECLARED_AND_RUNTIME_READ,See schema source; static literal extraction is incomplete,AutomationNodeCatalog stable id + persisted ActionType name; workflowVersion in Automation model,NOT_TRACED_BY_THIS_GATE,data/backup/BackupManager (generic workflow encoding; per-field import/export behavior not implied),NOT_TESTED
ACTION,SYSTEM_DATA_SAVER,enabled,domain/src/main/java/com/nexaflow/domain/catalog/ActionNodeSchemas.kt (helper-or-derived),core/execution/src/main/java/com/nexaflow/core/execution/handler/SystemActionsHandler.kt,core/execution/src/main/java/com/nexaflow/core/execution/handler/SystemActionsHandler.kt,feature/automation-builder/src/main/java/com/nexaflow/feature/builder/ActionConfigEditor.kt|feature/automation-builder/src/main/java/com/nexaflow/feature/builder/BuilderActionPresentation.kt,core/execution/src/test/java/com/nexaflow/core/execution/capability/semantic/SemanticActionMapperTest.kt,core/database Converters + data/mapper/AutomationMapper (shared map serializer),data/repository/CanonicalWorkflowMigrationRunner + database migrations (shared migration path; per-field migration not implied),core/execution compat/WorkflowRequirementCatalog + CommandCatalog + CommandRequirementCatalog; per-node resolution not statically evaluated,DECLARED_AND_RUNTIME_READ,See schema source; static literal extraction is incomplete,AutomationNodeCatalog stable id + persisted ActionType name; workflowVersion in Automation model,NOT_TRACED_BY_THIS_GATE,data/backup/BackupManager (generic workflow encoding; per-field import/export behavior not implied),NOT_TESTED
ACTION,SYSTEM_FONT_SCALE,scale,domain/src/main/java/com/nexaflow/domain/catalog/ActionNodeSchemas.kt (decimalField;required=false-or-derived;sensitive=false-or-derived;default=1.0),core/execution/src/main/java/com/nexaflow/core/execution/handler/SystemActionsHandler.kt,core/execution/src/main/java/com/nexaflow/core/execution/handler/SystemActionsHandler.kt,feature/automation-builder/src/main/java/com/nexaflow/feature/builder/ActionConfigEditor.kt|feature/automation-builder/src/main/java/com/nexaflow/feature/builder/BuilderActionPresentation.kt|feature/automation-builder/src/main/java/com/nexaflow/feature/builder/EndBehaviorEditor.kt,,core/database Converters + data/mapper/AutomationMapper (shared map serializer),data/repository/CanonicalWorkflowMigrationRunner + database migrations (shared migration path; per-field migration not implied),core/execution compat/WorkflowRequirementCatalog + CommandCatalog + CommandRequirementCatalog; per-node resolution not statically evaluated,DECLARED_AND_RUNTIME_READ,See schema source; static literal extraction is incomplete,AutomationNodeCatalog stable id + persisted ActionType name; workflowVersion in Automation model,NOT_TRACED_BY_THIS_GATE,data/backup/BackupManager (generic workflow encoding; per-field import/export behavior not implied),NOT_TESTED
ACTION,SYSTEM_DISPLAY_DENSITY,density,domain/src/main/java/com/nexaflow/domain/catalog/ActionNodeSchemas.kt (integerField;required=false-or-derived;sensitive=false-or-derived;default=helper-or-none),NO_STATIC_MATCH,core/execution/src/main/java/com/nexaflow/core/execution/handler/SystemActionsHandler.kt,,,core/database Converters + data/mapper/AutomationMapper (shared map serializer),data/repository/CanonicalWorkflowMigrationRunner + database migrations (shared migration path; per-field migration not implied),core/execution compat/WorkflowRequirementCatalog + CommandCatalog + CommandRequirementCatalog; per-node resolution not statically evaluated,DECLARED_NO_STATIC_RUNTIME_READ,See schema source; static literal extraction is incomplete,AutomationNodeCatalog stable id + persisted ActionType name; workflowVersion in Automation model,NOT_TRACED_BY_THIS_GATE,data/backup/BackupManager (generic workflow encoding; per-field import/export behavior not implied),NOT_TESTED
ACTION,SYSTEM_DISPLAY_DENSITY,dpi,domain/src/main/java/com/nexaflow/domain/catalog/ActionNodeSchemas.kt (integerField;required=false-or-derived;sensitive=false-or-derived;default=440),core/execution/src/main/java/com/nexaflow/core/execution/handler/SystemActionsHandler.kt,core/execution/src/main/java/com/nexaflow/core/execution/handler/SystemActionsHandler.kt,feature/automation-builder/src/main/java/com/nexaflow/feature/builder/ActionConfigEditor.kt|feature/automation-builder/src/main/java/com/nexaflow/feature/builder/BuilderActionPresentation.kt|feature/automation-builder/src/main/java/com/nexaflow/feature/builder/EndBehaviorEditor.kt,domain/src/test/java/com/nexaflow/domain/catalog/AutomationNodeCatalogTest.kt|feature/automation-builder/src/test/java/com/nexaflow/feature/builder/ActionDraftTest.kt,core/database Converters + data/mapper/AutomationMapper (shared map serializer),data/repository/CanonicalWorkflowMigrationRunner + database migrations (shared migration path; per-field migration not implied),core/execution compat/WorkflowRequirementCatalog + CommandCatalog + CommandRequirementCatalog; per-node resolution not statically evaluated,DECLARED_AND_RUNTIME_READ,See schema source; static literal extraction is incomplete,AutomationNodeCatalog stable id + persisted ActionType name; workflowVersion in Automation model,NOT_TRACED_BY_THIS_GATE,data/backup/BackupManager (generic workflow encoding; per-field import/export behavior not implied),NOT_TESTED
ACTION,SYSTEM_SCREENSAVER,enabled,domain/src/main/java/com/nexaflow/domain/catalog/ActionNodeSchemas.kt (helper-or-derived),core/execution/src/main/java/com/nexaflow/core/execution/handler/SystemActionsHandler.kt,core/execution/src/main/java/com/nexaflow/core/execution/handler/SystemActionsHandler.kt,feature/automation-builder/src/main/java/com/nexaflow/feature/builder/ActionConfigEditor.kt|feature/automation-builder/src/main/java/com/nexaflow/feature/builder/BuilderActionPresentation.kt,,core/database Converters + data/mapper/AutomationMapper (shared map serializer),data/repository/CanonicalWorkflowMigrationRunner + database migrations (shared migration path; per-field migration not implied),core/execution compat/WorkflowRequirementCatalog + CommandCatalog + CommandRequirementCatalog; per-node resolution not statically evaluated,DECLARED_AND_RUNTIME_READ,See schema source; static literal extraction is incomplete,AutomationNodeCatalog stable id + persisted ActionType name; workflowVersion in Automation model,NOT_TRACED_BY_THIS_GATE,data/backup/BackupManager (generic workflow encoding; per-field import/export behavior not implied),NOT_TESTED
ACTION,SYSTEM_BATTERY_SAVER_THRESHOLD,level,domain/src/main/java/com/nexaflow/domain/catalog/ActionNodeSchemas.kt (integerField;required=false-or-derived;sensitive=false-or-derived;default=helper-or-none),NO_STATIC_MATCH,core/execution/src/main/java/com/nexaflow/core/execution/handler/SystemActionsHandler.kt,feature/automation-builder/src/main/java/com/nexaflow/feature/builder/ActionConfigEditor.kt|feature/automation-builder/src/main/java/com/nexaflow/feature/builder/BuilderActionPresentation.kt,,core/database Converters + data/mapper/AutomationMapper (shared map serializer),data/repository/CanonicalWorkflowMigrationRunner + database migrations (shared migration path; per-field migration not implied),core/execution compat/WorkflowRequirementCatalog + CommandCatalog + CommandRequirementCatalog; per-node resolution not statically evaluated,DECLARED_NO_STATIC_RUNTIME_READ,See schema source; static literal extraction is incomplete,AutomationNodeCatalog stable id + persisted ActionType name; workflowVersion in Automation model,NOT_TRACED_BY_THIS_GATE,data/backup/BackupManager (generic workflow encoding; per-field import/export behavior not implied),NOT_TESTED
ACTION,SYSTEM_BATTERY_SAVER_THRESHOLD,percent,domain/src/main/java/com/nexaflow/domain/catalog/ActionNodeSchemas.kt (integerField;required=false-or-derived;sensitive=false-or-derived;default=20),core/execution/src/main/java/com/nexaflow/core/execution/handler/SystemActionsHandler.kt,core/execution/src/main/java/com/nexaflow/core/execution/handler/SystemActionsHandler.kt,feature/automation-builder/src/main/java/com/nexaflow/feature/builder/ActionConfigEditor.kt|feature/automation-builder/src/main/java/com/nexaflow/feature/builder/BuilderActionPresentation.kt|feature/automation-builder/src/main/java/com/nexaflow/feature/builder/CanonicalBuilderSchemaBridge.kt,domain/src/test/java/com/nexaflow/domain/catalog/AutomationNodeCatalogTest.kt|feature/automation-builder/src/test/java/com/nexaflow/feature/builder/ActionDraftTest.kt,core/database Converters + data/mapper/AutomationMapper (shared map serializer),data/repository/CanonicalWorkflowMigrationRunner + database migrations (shared migration path; per-field migration not implied),core/execution compat/WorkflowRequirementCatalog + CommandCatalog + CommandRequirementCatalog; per-node resolution not statically evaluated,DECLARED_AND_RUNTIME_READ,See schema source; static literal extraction is incomplete,AutomationNodeCatalog stable id + persisted ActionType name; workflowVersion in Automation model,NOT_TRACED_BY_THIS_GATE,data/backup/BackupManager (generic workflow encoding; per-field import/export behavior not implied),NOT_TESTED
ACTION,SYSTEM_CHARGING_LIMIT,percent,domain/src/main/java/com/nexaflow/domain/catalog/ActionNodeSchemas.kt (integerField;required=false-or-derived;sensitive=false-or-derived;default=80),core/execution/src/main/java/com/nexaflow/core/execution/handler/SystemActionsHandler.kt,core/execution/src/main/java/com/nexaflow/core/execution/handler/SystemActionsHandler.kt,feature/automation-builder/src/main/java/com/nexaflow/feature/builder/ActionConfigEditor.kt|feature/automation-builder/src/main/java/com/nexaflow/feature/builder/BuilderActionPresentation.kt,,core/database Converters + data/mapper/AutomationMapper (shared map serializer),data/repository/CanonicalWorkflowMigrationRunner + database migrations (shared migration path; per-field migration not implied),core/execution compat/WorkflowRequirementCatalog + CommandCatalog + CommandRequirementCatalog; per-node resolution not statically evaluated,DECLARED_AND_RUNTIME_READ,See schema source; static literal extraction is incomplete,AutomationNodeCatalog stable id + persisted ActionType name; workflowVersion in Automation model,NOT_TRACED_BY_THIS_GATE,data/backup/BackupManager (generic workflow encoding; per-field import/export behavior not implied),NOT_TESTED
ACTION,SYSTEM_CHARGING_FEEDBACK,sound,domain/src/main/java/com/nexaflow/domain/catalog/ActionNodeSchemas.kt (booleanField;required=false-or-derived;sensitive=false-or-derived;default=true),core/execution/src/main/java/com/nexaflow/core/execution/handler/SystemActionsHandler.kt,core/execution/src/main/java/com/nexaflow/core/execution/handler/SystemActionsHandler.kt,feature/automation-builder/src/main/java/com/nexaflow/feature/builder/ActionConfigEditor.kt|feature/automation-builder/src/main/java/com/nexaflow/feature/builder/BuilderActionPresentation.kt,,core/database Converters + data/mapper/AutomationMapper (shared map serializer),data/repository/CanonicalWorkflowMigrationRunner + database migrations (shared migration path; per-field migration not implied),core/execution compat/WorkflowRequirementCatalog + CommandCatalog + CommandRequirementCatalog; per-node resolution not statically evaluated,DECLARED_AND_RUNTIME_READ,See schema source; static literal extraction is incomplete,AutomationNodeCatalog stable id + persisted ActionType name; workflowVersion in Automation model,NOT_TRACED_BY_THIS_GATE,data/backup/BackupManager (generic workflow encoding; per-field import/export behavior not implied),NOT_TESTED
ACTION,SYSTEM_CHARGING_FEEDBACK,vibration,domain/src/main/java/com/nexaflow/domain/catalog/ActionNodeSchemas.kt (booleanField;required=false-or-derived;sensitive=false-or-derived;default=true),core/execution/src/main/java/com/nexaflow/core/execution/handler/SystemActionsHandler.kt,core/execution/src/main/java/com/nexaflow/core/execution/handler/SystemActionsHandler.kt,feature/automation-builder/src/main/java/com/nexaflow/feature/builder/ActionConfigEditor.kt|feature/automation-builder/src/main/java/com/nexaflow/feature/builder/BuilderActionPresentation.kt,,core/database Converters + data/mapper/AutomationMapper (shared map serializer),data/repository/CanonicalWorkflowMigrationRunner + database migrations (shared migration path; per-field migration not implied),core/execution compat/WorkflowRequirementCatalog + CommandCatalog + CommandRequirementCatalog; per-node resolution not statically evaluated,DECLARED_AND_RUNTIME_READ,See schema source; static literal extraction is incomplete,AutomationNodeCatalog stable id + persisted ActionType name; workflowVersion in Automation model,NOT_TRACED_BY_THIS_GATE,data/backup/BackupManager (generic workflow encoding; per-field import/export behavior not implied),NOT_TESTED
ACTION,SYSTEM_ALWAYS_ON_DISPLAY,enabled,domain/src/main/java/com/nexaflow/domain/catalog/ActionNodeSchemas.kt (helper-or-derived),core/execution/src/main/java/com/nexaflow/core/execution/handler/SystemActionsHandler.kt,core/execution/src/main/java/com/nexaflow/core/execution/handler/SystemActionsHandler.kt,feature/automation-builder/src/main/java/com/nexaflow/feature/builder/ActionConfigEditor.kt|feature/automation-builder/src/main/java/com/nexaflow/feature/builder/BuilderActionPresentation.kt,,core/database Converters + data/mapper/AutomationMapper (shared map serializer),data/repository/CanonicalWorkflowMigrationRunner + database migrations (shared migration path; per-field migration not implied),core/execution compat/WorkflowRequirementCatalog + CommandCatalog + CommandRequirementCatalog; per-node resolution not statically evaluated,DECLARED_AND_RUNTIME_READ,See schema source; static literal extraction is incomplete,AutomationNodeCatalog stable id + persisted ActionType name; workflowVersion in Automation model,NOT_TRACED_BY_THIS_GATE,data/backup/BackupManager (generic workflow encoding; per-field import/export behavior not implied),NOT_TESTED
ACTION,SYSTEM_SHOW_TAPS,enabled,domain/src/main/java/com/nexaflow/domain/catalog/ActionNodeSchemas.kt (helper-or-derived),core/execution/src/main/java/com/nexaflow/core/execution/handler/SystemActionsHandler.kt,core/execution/src/main/java/com/nexaflow/core/execution/handler/SystemActionsHandler.kt,feature/automation-builder/src/main/java/com/nexaflow/feature/builder/ActionConfigEditor.kt|feature/automation-builder/src/main/java/com/nexaflow/feature/builder/BuilderActionPresentation.kt,,core/database Converters + data/mapper/AutomationMapper (shared map serializer),data/repository/CanonicalWorkflowMigrationRunner + database migrations (shared migration path; per-field migration not implied),core/execution compat/WorkflowRequirementCatalog + CommandCatalog + CommandRequirementCatalog; per-node resolution not statically evaluated,DECLARED_AND_RUNTIME_READ,See schema source; static literal extraction is incomplete,AutomationNodeCatalog stable id + persisted ActionType name; workflowVersion in Automation model,NOT_TRACED_BY_THIS_GATE,data/backup/BackupManager (generic workflow encoding; per-field import/export behavior not implied),NOT_TESTED
ACTION,SYSTEM_POINTER_LOCATION,enabled,domain/src/main/java/com/nexaflow/domain/catalog/ActionNodeSchemas.kt (helper-or-derived),core/execution/src/main/java/com/nexaflow/core/execution/handler/SystemActionsHandler.kt,core/execution/src/main/java/com/nexaflow/core/execution/handler/SystemActionsHandler.kt,feature/automation-builder/src/main/java/com/nexaflow/feature/builder/ActionConfigEditor.kt|feature/automation-builder/src/main/java/com/nexaflow/feature/builder/BuilderActionPresentation.kt,,core/database Converters + data/mapper/AutomationMapper (shared map serializer),data/repository/CanonicalWorkflowMigrationRunner + database migrations (shared migration path; per-field migration not implied),core/execution compat/WorkflowRequirementCatalog + CommandCatalog + CommandRequirementCatalog; per-node resolution not statically evaluated,DECLARED_AND_RUNTIME_READ,See schema source; static literal extraction is incomplete,AutomationNodeCatalog stable id + persisted ActionType name; workflowVersion in Automation model,NOT_TRACED_BY_THIS_GATE,data/backup/BackupManager (generic workflow encoding; per-field import/export behavior not implied),NOT_TESTED
ACTION,SYSTEM_ADAPTIVE_BATTERY,enabled,domain/src/main/java/com/nexaflow/domain/catalog/ActionNodeSchemas.kt (helper-or-derived),core/execution/src/main/java/com/nexaflow/core/execution/handler/SystemActionsHandler.kt,core/execution/src/main/java/com/nexaflow/core/execution/handler/SystemActionsHandler.kt,feature/automation-builder/src/main/java/com/nexaflow/feature/builder/ActionConfigEditor.kt|feature/automation-builder/src/main/java/com/nexaflow/feature/builder/BuilderActionPresentation.kt,,core/database Converters + data/mapper/AutomationMapper (shared map serializer),data/repository/CanonicalWorkflowMigrationRunner + database migrations (shared migration path; per-field migration not implied),core/execution compat/WorkflowRequirementCatalog + CommandCatalog + CommandRequirementCatalog; per-node resolution not statically evaluated,DECLARED_AND_RUNTIME_READ,See schema source; static literal extraction is incomplete,AutomationNodeCatalog stable id + persisted ActionType name; workflowVersion in Automation model,NOT_TRACED_BY_THIS_GATE,data/backup/BackupManager (generic workflow encoding; per-field import/export behavior not implied),NOT_TESTED
ACTION,SYSTEM_WIFI_SLEEP_POLICY,policy,domain/src/main/java/com/nexaflow/domain/catalog/ActionNodeSchemas.kt (enumField;required=false-or-derived;sensitive=false-or-derived;default=ALWAYS),core/execution/src/main/java/com/nexaflow/core/execution/handler/SystemActionsHandler.kt,core/execution/src/main/java/com/nexaflow/core/execution/handler/SystemActionsHandler.kt,feature/automation-builder/src/main/java/com/nexaflow/feature/builder/ActionConfigEditor.kt|feature/automation-builder/src/main/java/com/nexaflow/feature/builder/BuilderActionPresentation.kt,,core/database Converters + data/mapper/AutomationMapper (shared map serializer),data/repository/CanonicalWorkflowMigrationRunner + database migrations (shared migration path; per-field migration not implied),core/execution compat/WorkflowRequirementCatalog + CommandCatalog + CommandRequirementCatalog; per-node resolution not statically evaluated,DECLARED_AND_RUNTIME_READ,See schema source; static literal extraction is incomplete,AutomationNodeCatalog stable id + persisted ActionType name; workflowVersion in Automation model,NOT_TRACED_BY_THIS_GATE,data/backup/BackupManager (generic workflow encoding; per-field import/export behavior not implied),NOT_TESTED
ACTION,SYSTEM_BLUETOOTH_DISCOVERABILITY,timeoutSeconds,domain/src/main/java/com/nexaflow/domain/catalog/ActionNodeSchemas.kt (integerField;required=false-or-derived;sensitive=false-or-derived;default=300),core/execution/src/main/java/com/nexaflow/core/execution/handler/SystemActionsHandler.kt,core/execution/src/main/java/com/nexaflow/core/execution/handler/SystemActionsHandler.kt,feature/automation-builder/src/main/java/com/nexaflow/feature/builder/ActionConfigEditor.kt|feature/automation-builder/src/main/java/com/nexaflow/feature/builder/BuilderActionPresentation.kt,domain/src/test/java/com/nexaflow/domain/catalog/AutomationNodeCatalogTest.kt|feature/automation-builder/src/test/java/com/nexaflow/feature/builder/ActionDraftTest.kt,core/database Converters + data/mapper/AutomationMapper (shared map serializer),data/repository/CanonicalWorkflowMigrationRunner + database migrations (shared migration path; per-field migration not implied),core/execution compat/WorkflowRequirementCatalog + CommandCatalog + CommandRequirementCatalog; per-node resolution not statically evaluated,DECLARED_AND_RUNTIME_READ,See schema source; static literal extraction is incomplete,AutomationNodeCatalog stable id + persisted ActionType name; workflowVersion in Automation model,NOT_TRACED_BY_THIS_GATE,data/backup/BackupManager (generic workflow encoding; per-field import/export behavior not implied),NOT_TESTED
ACTION,SYSTEM_AUTO_TIME,enabled,domain/src/main/java/com/nexaflow/domain/catalog/ActionNodeSchemas.kt (helper-or-derived),core/execution/src/main/java/com/nexaflow/core/execution/handler/SystemActionsHandler.kt,core/execution/src/main/java/com/nexaflow/core/execution/handler/SystemActionsHandler.kt,feature/automation-builder/src/main/java/com/nexaflow/feature/builder/ActionConfigEditor.kt|feature/automation-builder/src/main/java/com/nexaflow/feature/builder/BuilderActionPresentation.kt,,core/database Converters + data/mapper/AutomationMapper (shared map serializer),data/repository/CanonicalWorkflowMigrationRunner + database migrations (shared migration path; per-field migration not implied),core/execution compat/WorkflowRequirementCatalog + CommandCatalog + CommandRequirementCatalog; per-node resolution not statically evaluated,DECLARED_AND_RUNTIME_READ,See schema source; static literal extraction is incomplete,AutomationNodeCatalog stable id + persisted ActionType name; workflowVersion in Automation model,NOT_TRACED_BY_THIS_GATE,data/backup/BackupManager (generic workflow encoding; per-field import/export behavior not implied),NOT_TESTED
ACTION,SYSTEM_AUTO_TIMEZONE,enabled,domain/src/main/java/com/nexaflow/domain/catalog/ActionNodeSchemas.kt (helper-or-derived),core/execution/src/main/java/com/nexaflow/core/execution/handler/SystemActionsHandler.kt,core/execution/src/main/java/com/nexaflow/core/execution/handler/SystemActionsHandler.kt,feature/automation-builder/src/main/java/com/nexaflow/feature/builder/ActionConfigEditor.kt|feature/automation-builder/src/main/java/com/nexaflow/feature/builder/BuilderActionPresentation.kt,,core/database Converters + data/mapper/AutomationMapper (shared map serializer),data/repository/CanonicalWorkflowMigrationRunner + database migrations (shared migration path; per-field migration not implied),core/execution compat/WorkflowRequirementCatalog + CommandCatalog + CommandRequirementCatalog; per-node resolution not statically evaluated,DECLARED_AND_RUNTIME_READ,See schema source; static literal extraction is incomplete,AutomationNodeCatalog stable id + persisted ActionType name; workflowVersion in Automation model,NOT_TRACED_BY_THIS_GATE,data/backup/BackupManager (generic workflow encoding; per-field import/export behavior not implied),NOT_TESTED
ACTION,SYSTEM_HAPTIC_INTENSITY,level,domain/src/main/java/com/nexaflow/domain/catalog/ActionNodeSchemas.kt (integerField;required=false-or-derived;sensitive=false-or-derived;default=255),core/execution/src/main/java/com/nexaflow/core/execution/handler/SystemActionsHandler.kt,core/execution/src/main/java/com/nexaflow/core/execution/handler/SystemActionsHandler.kt,feature/automation-builder/src/main/java/com/nexaflow/feature/builder/ActionConfigEditor.kt|feature/automation-builder/src/main/java/com/nexaflow/feature/builder/BuilderActionPresentation.kt,,core/database Converters + data/mapper/AutomationMapper (shared map serializer),data/repository/CanonicalWorkflowMigrationRunner + database migrations (shared migration path; per-field migration not implied),core/execution compat/WorkflowRequirementCatalog + CommandCatalog + CommandRequirementCatalog; per-node resolution not statically evaluated,DECLARED_AND_RUNTIME_READ,See schema source; static literal extraction is incomplete,AutomationNodeCatalog stable id + persisted ActionType name; workflowVersion in Automation model,NOT_TRACED_BY_THIS_GATE,data/backup/BackupManager (generic workflow encoding; per-field import/export behavior not implied),NOT_TESTED
ACTION,SYSTEM_CAMERA_SHUTTER_SOUND,enabled,domain/src/main/java/com/nexaflow/domain/catalog/ActionNodeSchemas.kt (helper-or-derived),core/execution/src/main/java/com/nexaflow/core/execution/handler/SystemActionsHandler.kt,core/execution/src/main/java/com/nexaflow/core/execution/handler/SystemActionsHandler.kt,feature/automation-builder/src/main/java/com/nexaflow/feature/builder/ActionConfigEditor.kt|feature/automation-builder/src/main/java/com/nexaflow/feature/builder/BuilderActionPresentation.kt,,core/database Converters + data/mapper/AutomationMapper (shared map serializer),data/repository/CanonicalWorkflowMigrationRunner + database migrations (shared migration path; per-field migration not implied),core/execution compat/WorkflowRequirementCatalog + CommandCatalog + CommandRequirementCatalog; per-node resolution not statically evaluated,DECLARED_AND_RUNTIME_READ,See schema source; static literal extraction is incomplete,AutomationNodeCatalog stable id + persisted ActionType name; workflowVersion in Automation model,NOT_TRACED_BY_THIS_GATE,data/backup/BackupManager (generic workflow encoding; per-field import/export behavior not implied),NOT_TESTED
ACTION,SYSTEM_WIFI_SCANNING,enabled,domain/src/main/java/com/nexaflow/domain/catalog/ActionNodeSchemas.kt (helper-or-derived),core/execution/src/main/java/com/nexaflow/core/execution/handler/SystemActionsHandler.kt,core/execution/src/main/java/com/nexaflow/core/execution/handler/SystemActionsHandler.kt,feature/automation-builder/src/main/java/com/nexaflow/feature/builder/ActionConfigEditor.kt|feature/automation-builder/src/main/java/com/nexaflow/feature/builder/BuilderActionPresentation.kt,,core/database Converters + data/mapper/AutomationMapper (shared map serializer),data/repository/CanonicalWorkflowMigrationRunner + database migrations (shared migration path; per-field migration not implied),core/execution compat/WorkflowRequirementCatalog + CommandCatalog + CommandRequirementCatalog; per-node resolution not statically evaluated,DECLARED_AND_RUNTIME_READ,See schema source; static literal extraction is incomplete,AutomationNodeCatalog stable id + persisted ActionType name; workflowVersion in Automation model,NOT_TRACED_BY_THIS_GATE,data/backup/BackupManager (generic workflow encoding; per-field import/export behavior not implied),NOT_TESTED
ACTION,SYSTEM_DIAL_NUMBER,number,domain/src/main/java/com/nexaflow/domain/catalog/ActionNodeSchemas.kt (stringField;required=true;sensitive=false-or-derived;default=helper-or-none),core/execution/src/main/java/com/nexaflow/core/execution/handler/SystemActionsHandler.kt,core/execution/src/main/java/com/nexaflow/core/execution/handler/SystemActionsHandler.kt,feature/automation-builder/src/main/java/com/nexaflow/feature/builder/ActionConfigEditor.kt|feature/automation-builder/src/main/java/com/nexaflow/feature/builder/BuilderActionPresentation.kt,,core/database Converters + data/mapper/AutomationMapper (shared map serializer),data/repository/CanonicalWorkflowMigrationRunner + database migrations (shared migration path; per-field migration not implied),core/execution compat/WorkflowRequirementCatalog + CommandCatalog + CommandRequirementCatalog; per-node resolution not statically evaluated,DECLARED_AND_RUNTIME_READ,See schema source; static literal extraction is incomplete,AutomationNodeCatalog stable id + persisted ActionType name; workflowVersion in Automation model,NOT_TRACED_BY_THIS_GATE,data/backup/BackupManager (generic workflow encoding; per-field import/export behavior not implied),NOT_TESTED
ACTION,SYSTEM_OPEN_PLAY_STORE_APP,package,domain/src/main/java/com/nexaflow/domain/catalog/ActionNodeSchemas.kt (packageField;required=true;sensitive=false-or-derived;default=helper-or-none),NO_STATIC_MATCH,core/execution/src/main/java/com/nexaflow/core/execution/handler/SystemActionsHandler.kt,feature/automation-builder/src/main/java/com/nexaflow/feature/builder/ActionConfigEditor.kt,,core/database Converters + data/mapper/AutomationMapper (shared map serializer),data/repository/CanonicalWorkflowMigrationRunner + database migrations (shared migration path; per-field migration not implied),core/execution compat/WorkflowRequirementCatalog + CommandCatalog + CommandRequirementCatalog; per-node resolution not statically evaluated,DECLARED_NO_STATIC_RUNTIME_READ,See schema source; static literal extraction is incomplete,AutomationNodeCatalog stable id + persisted ActionType name; workflowVersion in Automation model,NOT_TRACED_BY_THIS_GATE,data/backup/BackupManager (generic workflow encoding; per-field import/export behavior not implied),NOT_TESTED
ACTION,SYSTEM_MEDIA_PLAY_FROM_SEARCH,package,domain/src/main/java/com/nexaflow/domain/catalog/ActionNodeSchemas.kt (packageField;required=false-or-derived;sensitive=false-or-derived;default=helper-or-none),core/execution/src/main/java/com/nexaflow/core/execution/handler/SystemActionsHandler.kt,core/execution/src/main/java/com/nexaflow/core/execution/handler/SystemActionsHandler.kt,feature/automation-builder/src/main/java/com/nexaflow/feature/builder/ActionConfigEditor.kt|feature/automation-builder/src/main/java/com/nexaflow/feature/builder/BuilderActionPresentation.kt|feature/automation-builder/src/main/java/com/nexaflow/feature/builder/CanonicalBuilderSchemaBridge.kt,,core/database Converters + data/mapper/AutomationMapper (shared map serializer),data/repository/CanonicalWorkflowMigrationRunner + database migrations (shared migration path; per-field migration not implied),core/execution compat/WorkflowRequirementCatalog + CommandCatalog + CommandRequirementCatalog; per-node resolution not statically evaluated,DECLARED_AND_RUNTIME_READ,See schema source; static literal extraction is incomplete,AutomationNodeCatalog stable id + persisted ActionType name; workflowVersion in Automation model,NOT_TRACED_BY_THIS_GATE,data/backup/BackupManager (generic workflow encoding; per-field import/export behavior not implied),NOT_TESTED
ACTION,SYSTEM_MEDIA_PLAY_FROM_SEARCH,query,domain/src/main/java/com/nexaflow/domain/catalog/ActionNodeSchemas.kt (stringField;required=true;sensitive=false-or-derived;default=helper-or-none),core/execution/src/main/java/com/nexaflow/core/execution/handler/SystemActionsHandler.kt,core/execution/src/main/java/com/nexaflow/core/execution/handler/SystemActionsHandler.kt,feature/automation-builder/src/main/java/com/nexaflow/feature/builder/ActionConfigEditor.kt|feature/automation-builder/src/main/java/com/nexaflow/feature/builder/BuilderActionPresentation.kt,,core/database Converters + data/mapper/AutomationMapper (shared map serializer),data/repository/CanonicalWorkflowMigrationRunner + database migrations (shared migration path; per-field migration not implied),core/execution compat/WorkflowRequirementCatalog + CommandCatalog + CommandRequirementCatalog; per-node resolution not statically evaluated,DECLARED_AND_RUNTIME_READ,See schema source; static literal extraction is incomplete,AutomationNodeCatalog stable id + persisted ActionType name; workflowVersion in Automation model,NOT_TRACED_BY_THIS_GATE,data/backup/BackupManager (generic workflow encoding; per-field import/export behavior not implied),NOT_TESTED
ACTION,SYSTEM_REBOOT,mode,domain/src/main/java/com/nexaflow/domain/catalog/ActionNodeSchemas.kt (enumField;required=false-or-derived;sensitive=false-or-derived;default=NORMAL),NO_STATIC_MATCH,core/execution/src/main/java/com/nexaflow/core/execution/handler/SystemActionsHandler.kt,feature/automation-builder/src/main/java/com/nexaflow/feature/builder/ActionConfigEditor.kt,,core/database Converters + data/mapper/AutomationMapper (shared map serializer),data/repository/CanonicalWorkflowMigrationRunner + database migrations (shared migration path; per-field migration not implied),core/execution compat/WorkflowRequirementCatalog + CommandCatalog + CommandRequirementCatalog; per-node resolution not statically evaluated,DECLARED_NO_STATIC_RUNTIME_READ,See schema source; static literal extraction is incomplete,AutomationNodeCatalog stable id + persisted ActionType name; workflowVersion in Automation model,NOT_TRACED_BY_THIS_GATE,data/backup/BackupManager (generic workflow encoding; per-field import/export behavior not implied),NOT_TESTED
ACTION,SYSTEM_TOAST,text,domain/src/main/java/com/nexaflow/domain/catalog/ActionNodeSchemas.kt (stringField;required=true;sensitive=false-or-derived;default=helper-or-none),core/execution/src/main/java/com/nexaflow/core/execution/handler/SystemActionsHandler.kt,core/execution/src/main/java/com/nexaflow/core/execution/handler/SystemActionsHandler.kt,feature/automation-builder/src/main/java/com/nexaflow/feature/builder/ActionConfigEditor.kt|feature/automation-builder/src/main/java/com/nexaflow/feature/builder/BuilderActionPresentation.kt,,core/database Converters + data/mapper/AutomationMapper (shared map serializer),data/repository/CanonicalWorkflowMigrationRunner + database migrations (shared migration path; per-field migration not implied),core/execution compat/WorkflowRequirementCatalog + CommandCatalog + CommandRequirementCatalog; per-node resolution not statically evaluated,DECLARED_AND_RUNTIME_READ,See schema source; static literal extraction is incomplete,AutomationNodeCatalog stable id + persisted ActionType name; workflowVersion in Automation model,NOT_TRACED_BY_THIS_GATE,data/backup/BackupManager (generic workflow encoding; per-field import/export behavior not implied),NOT_TESTED
ACTION,SYSTEM_ALERT,text,domain/src/main/java/com/nexaflow/domain/catalog/ActionNodeSchemas.kt (stringField;required=true;sensitive=false-or-derived;default=helper-or-none),core/execution/src/main/java/com/nexaflow/core/execution/handler/SystemActionsHandler.kt,core/execution/src/main/java/com/nexaflow/core/execution/handler/SystemActionsHandler.kt,feature/automation-builder/src/main/java/com/nexaflow/feature/builder/ActionConfigEditor.kt|feature/automation-builder/src/main/java/com/nexaflow/feature/builder/BuilderActionPresentation.kt,,core/database Converters + data/mapper/AutomationMapper (shared map serializer),data/repository/CanonicalWorkflowMigrationRunner + database migrations (shared migration path; per-field migration not implied),core/execution compat/WorkflowRequirementCatalog + CommandCatalog + CommandRequirementCatalog; per-node resolution not statically evaluated,DECLARED_AND_RUNTIME_READ,See schema source; static literal extraction is incomplete,AutomationNodeCatalog stable id + persisted ActionType name; workflowVersion in Automation model,NOT_TRACED_BY_THIS_GATE,data/backup/BackupManager (generic workflow encoding; per-field import/export behavior not implied),NOT_TESTED
ACTION,SYSTEM_ALERT,title,domain/src/main/java/com/nexaflow/domain/catalog/ActionNodeSchemas.kt (stringField;required=false-or-derived;sensitive=false-or-derived;default=helper-or-none),core/execution/src/main/java/com/nexaflow/core/execution/handler/SystemActionsHandler.kt,core/execution/src/main/java/com/nexaflow/core/execution/handler/SystemActionsHandler.kt,feature/automation-builder/src/main/java/com/nexaflow/feature/builder/ActionConfigEditor.kt|feature/automation-builder/src/main/java/com/nexaflow/feature/builder/BuilderActionPresentation.kt,,core/database Converters + data/mapper/AutomationMapper (shared map serializer),data/repository/CanonicalWorkflowMigrationRunner + database migrations (shared migration path; per-field migration not implied),core/execution compat/WorkflowRequirementCatalog + CommandCatalog + CommandRequirementCatalog; per-node resolution not statically evaluated,DECLARED_AND_RUNTIME_READ,See schema source; static literal extraction is incomplete,AutomationNodeCatalog stable id + persisted ActionType name; workflowVersion in Automation model,NOT_TRACED_BY_THIS_GATE,data/backup/BackupManager (generic workflow encoding; per-field import/export behavior not implied),NOT_TESTED
ACTION,SYSTEM_VIBRATE_PATTERN,pattern,"domain/src/main/java/com/nexaflow/domain/catalog/ActionNodeSchemas.kt (stringField;required=true;sensitive=false-or-derived;default=0,200,100,200)",core/execution/src/main/java/com/nexaflow/core/execution/handler/SystemActionsHandler.kt,core/execution/src/main/java/com/nexaflow/core/execution/handler/SystemActionsHandler.kt,feature/automation-builder/src/main/java/com/nexaflow/feature/builder/ActionConfigEditor.kt|feature/automation-builder/src/main/java/com/nexaflow/feature/builder/BuilderActionPresentation.kt,feature/automation-builder/src/test/java/com/nexaflow/feature/builder/ActionDraftTest.kt,core/database Converters + data/mapper/AutomationMapper (shared map serializer),data/repository/CanonicalWorkflowMigrationRunner + database migrations (shared migration path; per-field migration not implied),core/execution compat/WorkflowRequirementCatalog + CommandCatalog + CommandRequirementCatalog; per-node resolution not statically evaluated,DECLARED_AND_RUNTIME_READ,See schema source; static literal extraction is incomplete,AutomationNodeCatalog stable id + persisted ActionType name; workflowVersion in Automation model,NOT_TRACED_BY_THIS_GATE,data/backup/BackupManager (generic workflow encoding; per-field import/export behavior not implied),NOT_TESTED
ACTION,SYSTEM_WIFI_CONNECT,password,domain/src/main/java/com/nexaflow/domain/catalog/ActionNodeSchemas.kt (helper-or-derived),core/execution/src/main/java/com/nexaflow/core/execution/handler/SystemActionsHandler.kt,core/execution/src/main/java/com/nexaflow/core/execution/handler/SystemActionsHandler.kt,feature/automation-builder/src/main/java/com/nexaflow/feature/builder/ActionConfigEditor.kt,core/execution/src/test/java/com/nexaflow/core/execution/compat/CanonicalRuntimeCutoverAdapterTest.kt|data/src/test/java/com/nexaflow/data/repository/CanonicalWorkflowMigrationRunnerTest.kt|domain/src/test/java/com/nexaflow/domain/canonical/CanonicalWorkflowDocumentV3Test.kt|domain/src/test/java/com/nexaflow/domain/catalog/AutomationNodeCatalogTest.kt,core/database Converters + data/mapper/AutomationMapper (shared map serializer),data/repository/CanonicalWorkflowMigrationRunner + database migrations (shared migration path; per-field migration not implied),core/execution compat/WorkflowRequirementCatalog + CommandCatalog + CommandRequirementCatalog; per-node resolution not statically evaluated,DECLARED_AND_RUNTIME_READ,See schema source; static literal extraction is incomplete,AutomationNodeCatalog stable id + persisted ActionType name; workflowVersion in Automation model,NOT_TRACED_BY_THIS_GATE,data/backup/BackupManager (generic workflow encoding; per-field import/export behavior not implied),NOT_TESTED
ACTION,SYSTEM_WIFI_CONNECT,ssid,domain/src/main/java/com/nexaflow/domain/catalog/ActionNodeSchemas.kt (stringField;required=true;sensitive=false-or-derived;default=helper-or-none),core/execution/src/main/java/com/nexaflow/core/execution/handler/SystemActionsHandler.kt,core/execution/src/main/java/com/nexaflow/core/execution/handler/SystemActionsHandler.kt,feature/automation-builder/src/main/java/com/nexaflow/feature/builder/ActionConfigEditor.kt|feature/automation-builder/src/main/java/com/nexaflow/feature/builder/BuilderActionPresentation.kt,core/execution/src/test/java/com/nexaflow/core/execution/compat/CanonicalRuntimeCutoverAdapterTest.kt|data/src/test/java/com/nexaflow/data/repository/CanonicalWorkflowMigrationRunnerTest.kt|domain/src/test/java/com/nexaflow/domain/canonical/CanonicalWorkflowDocumentV3Test.kt|domain/src/test/java/com/nexaflow/domain/catalog/AutomationNodeCatalogTest.kt,core/database Converters + data/mapper/AutomationMapper (shared map serializer),data/repository/CanonicalWorkflowMigrationRunner + database migrations (shared migration path; per-field migration not implied),core/execution compat/WorkflowRequirementCatalog + CommandCatalog + CommandRequirementCatalog; per-node resolution not statically evaluated,DECLARED_AND_RUNTIME_READ,See schema source; static literal extraction is incomplete,AutomationNodeCatalog stable id + persisted ActionType name; workflowVersion in Automation model,NOT_TRACED_BY_THIS_GATE,data/backup/BackupManager (generic workflow encoding; per-field import/export behavior not implied),NOT_TESTED
ACTION,SYSTEM_WIFI_FORGET,ssid,domain/src/main/java/com/nexaflow/domain/catalog/ActionNodeSchemas.kt (stringField;required=true;sensitive=false-or-derived;default=helper-or-none),core/execution/src/main/java/com/nexaflow/core/execution/handler/SystemActionsHandler.kt,core/execution/src/main/java/com/nexaflow/core/execution/handler/SystemActionsHandler.kt,feature/automation-builder/src/main/java/com/nexaflow/feature/builder/ActionConfigEditor.kt|feature/automation-builder/src/main/java/com/nexaflow/feature/builder/BuilderActionPresentation.kt,,core/database Converters + data/mapper/AutomationMapper (shared map serializer),data/repository/CanonicalWorkflowMigrationRunner + database migrations (shared migration path; per-field migration not implied),core/execution compat/WorkflowRequirementCatalog + CommandCatalog + CommandRequirementCatalog; per-node resolution not statically evaluated,DECLARED_AND_RUNTIME_READ,See schema source; static literal extraction is incomplete,AutomationNodeCatalog stable id + persisted ActionType name; workflowVersion in Automation model,NOT_TRACED_BY_THIS_GATE,data/backup/BackupManager (generic workflow encoding; per-field import/export behavior not implied),NOT_TESTED
ACTION,SYSTEM_DATA_ROAMING,enabled,domain/src/main/java/com/nexaflow/domain/catalog/ActionNodeSchemas.kt (helper-or-derived),core/execution/src/main/java/com/nexaflow/core/execution/handler/SystemActionsHandler.kt,core/execution/src/main/java/com/nexaflow/core/execution/handler/SystemActionsHandler.kt,feature/automation-builder/src/main/java/com/nexaflow/feature/builder/ActionConfigEditor.kt|feature/automation-builder/src/main/java/com/nexaflow/feature/builder/BuilderActionPresentation.kt,,core/database Converters + data/mapper/AutomationMapper (shared map serializer),data/repository/CanonicalWorkflowMigrationRunner + database migrations (shared migration path; per-field migration not implied),core/execution compat/WorkflowRequirementCatalog + CommandCatalog + CommandRequirementCatalog; per-node resolution not statically evaluated,DECLARED_AND_RUNTIME_READ,See schema source; static literal extraction is incomplete,AutomationNodeCatalog stable id + persisted ActionType name; workflowVersion in Automation model,NOT_TRACED_BY_THIS_GATE,data/backup/BackupManager (generic workflow encoding; per-field import/export behavior not implied),NOT_TESTED
ACTION,SYSTEM_SCREENSAVER_TIMEOUT,minutes,domain/src/main/java/com/nexaflow/domain/catalog/ActionNodeSchemas.kt (integerField;required=false-or-derived;sensitive=false-or-derived;default=10),core/execution/src/main/java/com/nexaflow/core/execution/handler/SystemActionsHandler.kt,core/execution/src/main/java/com/nexaflow/core/execution/handler/SystemActionsHandler.kt,feature/automation-builder/src/main/java/com/nexaflow/feature/builder/ActionConfigEditor.kt|feature/automation-builder/src/main/java/com/nexaflow/feature/builder/BuilderActionPresentation.kt|feature/automation-builder/src/main/java/com/nexaflow/feature/builder/EndBehaviorEditor.kt,feature/automation-builder/src/test/java/com/nexaflow/feature/builder/ActionDraftTest.kt,core/database Converters + data/mapper/AutomationMapper (shared map serializer),data/repository/CanonicalWorkflowMigrationRunner + database migrations (shared migration path; per-field migration not implied),core/execution compat/WorkflowRequirementCatalog + CommandCatalog + CommandRequirementCatalog; per-node resolution not statically evaluated,DECLARED_AND_RUNTIME_READ,See schema source; static literal extraction is incomplete,AutomationNodeCatalog stable id + persisted ActionType name; workflowVersion in Automation model,NOT_TRACED_BY_THIS_GATE,data/backup/BackupManager (generic workflow encoding; per-field import/export behavior not implied),NOT_TESTED
ACTION,SYSTEM_POINTER_SPEED,speed,domain/src/main/java/com/nexaflow/domain/catalog/ActionNodeSchemas.kt (integerField;required=false-or-derived;sensitive=false-or-derived;default=0),core/execution/src/main/java/com/nexaflow/core/execution/handler/SystemActionsHandler.kt,core/execution/src/main/java/com/nexaflow/core/execution/handler/SystemActionsHandler.kt,feature/automation-builder/src/main/java/com/nexaflow/feature/builder/ActionConfigEditor.kt|feature/automation-builder/src/main/java/com/nexaflow/feature/builder/BuilderActionPresentation.kt|feature/automation-builder/src/main/java/com/nexaflow/feature/builder/EndBehaviorEditor.kt,,core/database Converters + data/mapper/AutomationMapper (shared map serializer),data/repository/CanonicalWorkflowMigrationRunner + database migrations (shared migration path; per-field migration not implied),core/execution compat/WorkflowRequirementCatalog + CommandCatalog + CommandRequirementCatalog; per-node resolution not statically evaluated,DECLARED_AND_RUNTIME_READ,See schema source; static literal extraction is incomplete,AutomationNodeCatalog stable id + persisted ActionType name; workflowVersion in Automation model,NOT_TRACED_BY_THIS_GATE,data/backup/BackupManager (generic workflow encoding; per-field import/export behavior not implied),NOT_TESTED
ACTION,SYSTEM_INSTALL_APK,path,domain/src/main/java/com/nexaflow/domain/catalog/ActionNodeSchemas.kt (stringField;required=true;sensitive=false-or-derived;default=helper-or-none),core/execution/src/main/java/com/nexaflow/core/execution/handler/SystemActionsHandler.kt,core/execution/src/main/java/com/nexaflow/core/execution/handler/SystemActionsHandler.kt,feature/automation-builder/src/main/java/com/nexaflow/feature/builder/ActionConfigEditor.kt|feature/automation-builder/src/main/java/com/nexaflow/feature/builder/BuilderActionPresentation.kt,core/execution/src/test/java/com/nexaflow/core/execution/compat/CanonicalRuntimeCutoverAdapterTest.kt,core/database Converters + data/mapper/AutomationMapper (shared map serializer),data/repository/CanonicalWorkflowMigrationRunner + database migrations (shared migration path; per-field migration not implied),core/execution compat/WorkflowRequirementCatalog + CommandCatalog + CommandRequirementCatalog; per-node resolution not statically evaluated,DECLARED_AND_RUNTIME_READ,See schema source; static literal extraction is incomplete,AutomationNodeCatalog stable id + persisted ActionType name; workflowVersion in Automation model,NOT_TRACED_BY_THIS_GATE,data/backup/BackupManager (generic workflow encoding; per-field import/export behavior not implied),NOT_TESTED
ACTION,SYSTEM_UNINSTALL_APP,package,domain/src/main/java/com/nexaflow/domain/catalog/ActionNodeSchemas.kt (packageField;required=true;sensitive=false-or-derived;default=helper-or-none),core/execution/src/main/java/com/nexaflow/core/execution/handler/SystemActionsHandler.kt,core/execution/src/main/java/com/nexaflow/core/execution/handler/SystemActionsHandler.kt,feature/automation-builder/src/main/java/com/nexaflow/feature/builder/ActionConfigEditor.kt|feature/automation-builder/src/main/java/com/nexaflow/feature/builder/BuilderActionPresentation.kt,core/automation-control/src/test/java/com/nexaflow/core/automationcontrol/risk/AgentRiskEvaluatorTest.kt,core/database Converters + data/mapper/AutomationMapper (shared map serializer),data/repository/CanonicalWorkflowMigrationRunner + database migrations (shared migration path; per-field migration not implied),core/execution compat/WorkflowRequirementCatalog + CommandCatalog + CommandRequirementCatalog; per-node resolution not statically evaluated,DECLARED_AND_RUNTIME_READ,See schema source; static literal extraction is incomplete,AutomationNodeCatalog stable id + persisted ActionType name; workflowVersion in Automation model,NOT_TRACED_BY_THIS_GATE,data/backup/BackupManager (generic workflow encoding; per-field import/export behavior not implied),NOT_TESTED
ACTION,SYSTEM_DISABLE_APP,package,domain/src/main/java/com/nexaflow/domain/catalog/ActionNodeSchemas.kt (packageField;required=true;sensitive=false-or-derived;default=helper-or-none),core/execution/src/main/java/com/nexaflow/core/execution/handler/SystemActionsHandler.kt,core/execution/src/main/java/com/nexaflow/core/execution/handler/SystemActionsHandler.kt,feature/automation-builder/src/main/java/com/nexaflow/feature/builder/ActionConfigEditor.kt|feature/automation-builder/src/main/java/com/nexaflow/feature/builder/BuilderActionPresentation.kt,core/execution/src/test/java/com/nexaflow/core/execution/capability/semantic/PackageActionMapperTest.kt|core/execution/src/test/java/com/nexaflow/core/execution/capability/semantic/PackageSemanticMigrationTest.kt,core/database Converters + data/mapper/AutomationMapper (shared map serializer),data/repository/CanonicalWorkflowMigrationRunner + database migrations (shared migration path; per-field migration not implied),core/execution compat/WorkflowRequirementCatalog + CommandCatalog + CommandRequirementCatalog; per-node resolution not statically evaluated,DECLARED_AND_RUNTIME_READ,See schema source; static literal extraction is incomplete,AutomationNodeCatalog stable id + persisted ActionType name; workflowVersion in Automation model,NOT_TRACED_BY_THIS_GATE,data/backup/BackupManager (generic workflow encoding; per-field import/export behavior not implied),NOT_TESTED
ACTION,SYSTEM_ENABLE_APP,package,domain/src/main/java/com/nexaflow/domain/catalog/ActionNodeSchemas.kt (packageField;required=true;sensitive=false-or-derived;default=helper-or-none),core/execution/src/main/java/com/nexaflow/core/execution/handler/SystemActionsHandler.kt,core/execution/src/main/java/com/nexaflow/core/execution/handler/SystemActionsHandler.kt,feature/automation-builder/src/main/java/com/nexaflow/feature/builder/ActionConfigEditor.kt|feature/automation-builder/src/main/java/com/nexaflow/feature/builder/BuilderActionPresentation.kt,core/execution/src/test/java/com/nexaflow/core/execution/capability/semantic/PackageActionMapperTest.kt,core/database Converters + data/mapper/AutomationMapper (shared map serializer),data/repository/CanonicalWorkflowMigrationRunner + database migrations (shared migration path; per-field migration not implied),core/execution compat/WorkflowRequirementCatalog + CommandCatalog + CommandRequirementCatalog; per-node resolution not statically evaluated,DECLARED_AND_RUNTIME_READ,See schema source; static literal extraction is incomplete,AutomationNodeCatalog stable id + persisted ActionType name; workflowVersion in Automation model,NOT_TRACED_BY_THIS_GATE,data/backup/BackupManager (generic workflow encoding; per-field import/export behavior not implied),NOT_TESTED
ACTION,SYSTEM_SET_NOTIFICATION_TONE,tone,domain/src/main/java/com/nexaflow/domain/catalog/ActionNodeSchemas.kt (stringField;required=false-or-derived;sensitive=false-or-derived;default=),core/execution/src/main/java/com/nexaflow/core/execution/handler/SystemActionsHandler.kt,core/execution/src/main/java/com/nexaflow/core/execution/handler/SystemActionsHandler.kt,feature/automation-builder/src/main/java/com/nexaflow/feature/builder/ActionConfigEditor.kt|feature/automation-builder/src/main/java/com/nexaflow/feature/builder/BuilderActionPresentation.kt,,core/database Converters + data/mapper/AutomationMapper (shared map serializer),data/repository/CanonicalWorkflowMigrationRunner + database migrations (shared migration path; per-field migration not implied),core/execution compat/WorkflowRequirementCatalog + CommandCatalog + CommandRequirementCatalog; per-node resolution not statically evaluated,DECLARED_AND_RUNTIME_READ,See schema source; static literal extraction is incomplete,AutomationNodeCatalog stable id + persisted ActionType name; workflowVersion in Automation model,NOT_TRACED_BY_THIS_GATE,data/backup/BackupManager (generic workflow encoding; per-field import/export behavior not implied),NOT_TESTED
ACTION,SYSTEM_CALL_VIBRATION,enabled,domain/src/main/java/com/nexaflow/domain/catalog/ActionNodeSchemas.kt (helper-or-derived),core/execution/src/main/java/com/nexaflow/core/execution/handler/SystemActionsHandler.kt,core/execution/src/main/java/com/nexaflow/core/execution/handler/SystemActionsHandler.kt,feature/automation-builder/src/main/java/com/nexaflow/feature/builder/ActionConfigEditor.kt|feature/automation-builder/src/main/java/com/nexaflow/feature/builder/BuilderActionPresentation.kt,,core/database Converters + data/mapper/AutomationMapper (shared map serializer),data/repository/CanonicalWorkflowMigrationRunner + database migrations (shared migration path; per-field migration not implied),core/execution compat/WorkflowRequirementCatalog + CommandCatalog + CommandRequirementCatalog; per-node resolution not statically evaluated,DECLARED_AND_RUNTIME_READ,See schema source; static literal extraction is incomplete,AutomationNodeCatalog stable id + persisted ActionType name; workflowVersion in Automation model,NOT_TRACED_BY_THIS_GATE,data/backup/BackupManager (generic workflow encoding; per-field import/export behavior not implied),NOT_TESTED
ACTION,SYSTEM_OPEN_MAPS,lat,domain/src/main/java/com/nexaflow/domain/catalog/ActionNodeSchemas.kt (coordinateField;required=true;sensitive=false-or-derived;default=helper-or-none),core/execution/src/main/java/com/nexaflow/core/execution/handler/SystemActionsHandler.kt,core/execution/src/main/java/com/nexaflow/core/execution/handler/SystemActionsHandler.kt,feature/automation-builder/src/main/java/com/nexaflow/feature/builder/ActionConfigEditor.kt|feature/automation-builder/src/main/java/com/nexaflow/feature/builder/BuilderActionPresentation.kt,,core/database Converters + data/mapper/AutomationMapper (shared map serializer),data/repository/CanonicalWorkflowMigrationRunner + database migrations (shared migration path; per-field migration not implied),core/execution compat/WorkflowRequirementCatalog + CommandCatalog + CommandRequirementCatalog; per-node resolution not statically evaluated,DECLARED_AND_RUNTIME_READ,See schema source; static literal extraction is incomplete,AutomationNodeCatalog stable id + persisted ActionType name; workflowVersion in Automation model,NOT_TRACED_BY_THIS_GATE,data/backup/BackupManager (generic workflow encoding; per-field import/export behavior not implied),NOT_TESTED
ACTION,SYSTEM_OPEN_MAPS,lng,domain/src/main/java/com/nexaflow/domain/catalog/ActionNodeSchemas.kt (coordinateField;required=true;sensitive=false-or-derived;default=helper-or-none),core/execution/src/main/java/com/nexaflow/core/execution/handler/SystemActionsHandler.kt,core/execution/src/main/java/com/nexaflow/core/execution/handler/SystemActionsHandler.kt,feature/automation-builder/src/main/java/com/nexaflow/feature/builder/ActionConfigEditor.kt|feature/automation-builder/src/main/java/com/nexaflow/feature/builder/BuilderActionPresentation.kt,,core/database Converters + data/mapper/AutomationMapper (shared map serializer),data/repository/CanonicalWorkflowMigrationRunner + database migrations (shared migration path; per-field migration not implied),core/execution compat/WorkflowRequirementCatalog + CommandCatalog + CommandRequirementCatalog; per-node resolution not statically evaluated,DECLARED_AND_RUNTIME_READ,See schema source; static literal extraction is incomplete,AutomationNodeCatalog stable id + persisted ActionType name; workflowVersion in Automation model,NOT_TRACED_BY_THIS_GATE,data/backup/BackupManager (generic workflow encoding; per-field import/export behavior not implied),NOT_TESTED
ACTION,SYSTEM_STATUS_BAR_TOGGLE,enabled,domain/src/main/java/com/nexaflow/domain/catalog/ActionNodeSchemas.kt (helper-or-derived),core/execution/src/main/java/com/nexaflow/core/execution/handler/SystemActionsHandler.kt,core/execution/src/main/java/com/nexaflow/core/execution/handler/SystemActionsHandler.kt,feature/automation-builder/src/main/java/com/nexaflow/feature/builder/ActionConfigEditor.kt|feature/automation-builder/src/main/java/com/nexaflow/feature/builder/BuilderActionPresentation.kt,,core/database Converters + data/mapper/AutomationMapper (shared map serializer),data/repository/CanonicalWorkflowMigrationRunner + database migrations (shared migration path; per-field migration not implied),core/execution compat/WorkflowRequirementCatalog + CommandCatalog + CommandRequirementCatalog; per-node resolution not statically evaluated,DECLARED_AND_RUNTIME_READ,See schema source; static literal extraction is incomplete,AutomationNodeCatalog stable id + persisted ActionType name; workflowVersion in Automation model,NOT_TRACED_BY_THIS_GATE,data/backup/BackupManager (generic workflow encoding; per-field import/export behavior not implied),NOT_TESTED
ACTION,SYSTEM_SEND_EMAIL,body,domain/src/main/java/com/nexaflow/domain/catalog/ActionNodeSchemas.kt (stringField;required=false-or-derived;sensitive=false-or-derived;default=helper-or-none),core/execution/src/main/java/com/nexaflow/core/execution/handler/SystemActionsHandler.kt,core/execution/src/main/java/com/nexaflow/core/execution/handler/SystemActionsHandler.kt,feature/automation-builder/src/main/java/com/nexaflow/feature/builder/ActionConfigEditor.kt,,core/database Converters + data/mapper/AutomationMapper (shared map serializer),data/repository/CanonicalWorkflowMigrationRunner + database migrations (shared migration path; per-field migration not implied),core/execution compat/WorkflowRequirementCatalog + CommandCatalog + CommandRequirementCatalog; per-node resolution not statically evaluated,DECLARED_AND_RUNTIME_READ,See schema source; static literal extraction is incomplete,AutomationNodeCatalog stable id + persisted ActionType name; workflowVersion in Automation model,NOT_TRACED_BY_THIS_GATE,data/backup/BackupManager (generic workflow encoding; per-field import/export behavior not implied),NOT_TESTED
ACTION,SYSTEM_SEND_EMAIL,subject,domain/src/main/java/com/nexaflow/domain/catalog/ActionNodeSchemas.kt (stringField;required=false-or-derived;sensitive=false-or-derived;default=helper-or-none),core/execution/src/main/java/com/nexaflow/core/execution/handler/SystemActionsHandler.kt,core/execution/src/main/java/com/nexaflow/core/execution/handler/SystemActionsHandler.kt,feature/automation-builder/src/main/java/com/nexaflow/feature/builder/ActionConfigEditor.kt,,core/database Converters + data/mapper/AutomationMapper (shared map serializer),data/repository/CanonicalWorkflowMigrationRunner + database migrations (shared migration path; per-field migration not implied),core/execution compat/WorkflowRequirementCatalog + CommandCatalog + CommandRequirementCatalog; per-node resolution not statically evaluated,DECLARED_AND_RUNTIME_READ,See schema source; static literal extraction is incomplete,AutomationNodeCatalog stable id + persisted ActionType name; workflowVersion in Automation model,NOT_TRACED_BY_THIS_GATE,data/backup/BackupManager (generic workflow encoding; per-field import/export behavior not implied),NOT_TESTED
ACTION,SYSTEM_SEND_EMAIL,to,domain/src/main/java/com/nexaflow/domain/catalog/ActionNodeSchemas.kt (stringField;required=true;sensitive=false-or-derived;default=helper-or-none),core/execution/src/main/java/com/nexaflow/core/execution/handler/SystemActionsHandler.kt,core/execution/src/main/java/com/nexaflow/core/execution/handler/SystemActionsHandler.kt,feature/automation-builder/src/main/java/com/nexaflow/feature/builder/ActionConfigEditor.kt|feature/automation-builder/src/main/java/com/nexaflow/feature/builder/BuilderActionPresentation.kt,,core/database Converters + data/mapper/AutomationMapper (shared map serializer),data/repository/CanonicalWorkflowMigrationRunner + database migrations (shared migration path; per-field migration not implied),core/execution compat/WorkflowRequirementCatalog + CommandCatalog + CommandRequirementCatalog; per-node resolution not statically evaluated,DECLARED_AND_RUNTIME_READ,See schema source; static literal extraction is incomplete,AutomationNodeCatalog stable id + persisted ActionType name; workflowVersion in Automation model,NOT_TRACED_BY_THIS_GATE,data/backup/BackupManager (generic workflow encoding; per-field import/export behavior not implied),NOT_TESTED
ACTION,SYSTEM_SET_TIMEZONE,zone,domain/src/main/java/com/nexaflow/domain/catalog/ActionNodeSchemas.kt (stringField;required=true;sensitive=false-or-derived;default=GMT),core/execution/src/main/java/com/nexaflow/core/execution/handler/SystemActionsHandler.kt,core/execution/src/main/java/com/nexaflow/core/execution/handler/SystemActionsHandler.kt,feature/automation-builder/src/main/java/com/nexaflow/feature/builder/ActionConfigEditor.kt|feature/automation-builder/src/main/java/com/nexaflow/feature/builder/BuilderActionPresentation.kt,feature/automation-builder/src/test/java/com/nexaflow/feature/builder/ActionDraftTest.kt,core/database Converters + data/mapper/AutomationMapper (shared map serializer),data/repository/CanonicalWorkflowMigrationRunner + database migrations (shared migration path; per-field migration not implied),core/execution compat/WorkflowRequirementCatalog + CommandCatalog + CommandRequirementCatalog; per-node resolution not statically evaluated,DECLARED_AND_RUNTIME_READ,See schema source; static literal extraction is incomplete,AutomationNodeCatalog stable id + persisted ActionType name; workflowVersion in Automation model,NOT_TRACED_BY_THIS_GATE,data/backup/BackupManager (generic workflow encoding; per-field import/export behavior not implied),NOT_TESTED
ACTION,CALL_REPLY_WITH_SMS,text,domain/src/main/java/com/nexaflow/domain/catalog/ActionNodeSchemas.kt (stringField;required=true;sensitive=false-or-derived;default=helper-or-none),core/execution/src/main/java/com/nexaflow/core/execution/handler/SystemActionsHandler.kt,core/execution/src/main/java/com/nexaflow/core/execution/handler/SystemActionsHandler.kt,feature/automation-builder/src/main/java/com/nexaflow/feature/builder/ActionConfigEditor.kt,,core/database Converters + data/mapper/AutomationMapper (shared map serializer),data/repository/CanonicalWorkflowMigrationRunner + database migrations (shared migration path; per-field migration not implied),core/execution compat/WorkflowRequirementCatalog + CommandCatalog + CommandRequirementCatalog; per-node resolution not statically evaluated,DECLARED_AND_RUNTIME_READ,See schema source; static literal extraction is incomplete,AutomationNodeCatalog stable id + persisted ActionType name; workflowVersion in Automation model,NOT_TRACED_BY_THIS_GATE,data/backup/BackupManager (generic workflow encoding; per-field import/export behavior not implied),NOT_TESTED
ACTION,ROM_CUSTOM_SETTING,key,domain/src/main/java/com/nexaflow/domain/catalog/ActionNodeSchemas.kt (stringField;required=true;sensitive=false-or-derived;default=helper-or-none),core/execution/src/main/java/com/nexaflow/core/execution/handler/RomSettingsActionHandler.kt,core/execution/src/main/java/com/nexaflow/core/execution/handler/RomSettingsActionHandler.kt,feature/automation-builder/src/main/java/com/nexaflow/feature/builder/ActionConfigEditor.kt,,core/database Converters + data/mapper/AutomationMapper (shared map serializer),data/repository/CanonicalWorkflowMigrationRunner + database migrations (shared migration path; per-field migration not implied),core/execution compat/WorkflowRequirementCatalog + CommandCatalog + CommandRequirementCatalog; per-node resolution not statically evaluated,DECLARED_AND_RUNTIME_READ,See schema source; static literal extraction is incomplete,AutomationNodeCatalog stable id + persisted ActionType name; workflowVersion in Automation model,NOT_TRACED_BY_THIS_GATE,data/backup/BackupManager (generic workflow encoding; per-field import/export behavior not implied),NOT_TESTED
ACTION,ROM_CUSTOM_SETTING,namespace,domain/src/main/java/com/nexaflow/domain/catalog/ActionNodeSchemas.kt (enumField;required=false-or-derived;sensitive=false-or-derived;default=SECURE),core/execution/src/main/java/com/nexaflow/core/execution/handler/RomSettingsActionHandler.kt,core/execution/src/main/java/com/nexaflow/core/execution/handler/RomSettingsActionHandler.kt,feature/automation-builder/src/main/java/com/nexaflow/feature/builder/ActionConfigEditor.kt,domain/src/test/java/com/nexaflow/domain/catalog/AutomationNodeCatalogTest.kt|feature/automation-builder/src/test/java/com/nexaflow/feature/builder/ActionDraftTest.kt,core/database Converters + data/mapper/AutomationMapper (shared map serializer),data/repository/CanonicalWorkflowMigrationRunner + database migrations (shared migration path; per-field migration not implied),core/execution compat/WorkflowRequirementCatalog + CommandCatalog + CommandRequirementCatalog; per-node resolution not statically evaluated,DECLARED_AND_RUNTIME_READ,See schema source; static literal extraction is incomplete,AutomationNodeCatalog stable id + persisted ActionType name; workflowVersion in Automation model,NOT_TRACED_BY_THIS_GATE,data/backup/BackupManager (generic workflow encoding; per-field import/export behavior not implied),NOT_TESTED
ACTION,ROM_CUSTOM_SETTING,value,domain/src/main/java/com/nexaflow/domain/catalog/ActionNodeSchemas.kt (stringField;required=false-or-derived;sensitive=false-or-derived;default=),core/execution/src/main/java/com/nexaflow/core/execution/handler/RomSettingsActionHandler.kt,core/execution/src/main/java/com/nexaflow/core/execution/handler/RomSettingsActionHandler.kt,feature/automation-builder/src/main/java/com/nexaflow/feature/builder/ActionConfigEditor.kt,feature/automation-builder/src/test/java/com/nexaflow/feature/builder/ActionDraftTest.kt,core/database Converters + data/mapper/AutomationMapper (shared map serializer),data/repository/CanonicalWorkflowMigrationRunner + database migrations (shared migration path; per-field migration not implied),core/execution compat/WorkflowRequirementCatalog + CommandCatalog + CommandRequirementCatalog; per-node resolution not statically evaluated,DECLARED_AND_RUNTIME_READ,See schema source; static literal extraction is incomplete,AutomationNodeCatalog stable id + persisted ActionType name; workflowVersion in Automation model,NOT_TRACED_BY_THIS_GATE,data/backup/BackupManager (generic workflow encoding; per-field import/export behavior not implied),NOT_TESTED
ACTION,ROM_QS_TILES,brightness_slider,domain/src/main/java/com/nexaflow/domain/catalog/ActionNodeSchemas.kt (enumField;required=false-or-derived;sensitive=false-or-derived;default=1),core/execution/src/main/java/com/nexaflow/core/execution/handler/RomSettingsActionHandler.kt,core/execution/src/main/java/com/nexaflow/core/execution/handler/RomSettingsActionHandler.kt,feature/automation-builder/src/main/java/com/nexaflow/feature/builder/ActionConfigEditor.kt,,core/database Converters + data/mapper/AutomationMapper (shared map serializer),data/repository/CanonicalWorkflowMigrationRunner + database migrations (shared migration path; per-field migration not implied),core/execution compat/WorkflowRequirementCatalog + CommandCatalog + CommandRequirementCatalog; per-node resolution not statically evaluated,DECLARED_AND_RUNTIME_READ,See schema source; static literal extraction is incomplete,AutomationNodeCatalog stable id + persisted ActionType name; workflowVersion in Automation model,NOT_TRACED_BY_THIS_GATE,data/backup/BackupManager (generic workflow encoding; per-field import/export behavior not implied),NOT_TESTED
ACTION,ROM_QS_TILES,columns,domain/src/main/java/com/nexaflow/domain/catalog/ActionNodeSchemas.kt (integerField;required=false-or-derived;sensitive=false-or-derived;default=4),core/execution/src/main/java/com/nexaflow/core/execution/handler/RomSettingsActionHandler.kt,core/execution/src/main/java/com/nexaflow/core/execution/handler/RomSettingsActionHandler.kt,feature/automation-builder/src/main/java/com/nexaflow/feature/builder/ActionConfigEditor.kt,,core/database Converters + data/mapper/AutomationMapper (shared map serializer),data/repository/CanonicalWorkflowMigrationRunner + database migrations (shared migration path; per-field migration not implied),core/execution compat/WorkflowRequirementCatalog + CommandCatalog + CommandRequirementCatalog; per-node resolution not statically evaluated,DECLARED_AND_RUNTIME_READ,See schema source; static literal extraction is incomplete,AutomationNodeCatalog stable id + persisted ActionType name; workflowVersion in Automation model,NOT_TRACED_BY_THIS_GATE,data/backup/BackupManager (generic workflow encoding; per-field import/export behavior not implied),NOT_TESTED
ACTION,ROM_QS_TILES,footer_text,domain/src/main/java/com/nexaflow/domain/catalog/ActionNodeSchemas.kt (stringField;required=false-or-derived;sensitive=false-or-derived;default=helper-or-none),core/execution/src/main/java/com/nexaflow/core/execution/handler/RomSettingsActionHandler.kt,core/execution/src/main/java/com/nexaflow/core/execution/handler/RomSettingsActionHandler.kt,feature/automation-builder/src/main/java/com/nexaflow/feature/builder/ActionConfigEditor.kt,,core/database Converters + data/mapper/AutomationMapper (shared map serializer),data/repository/CanonicalWorkflowMigrationRunner + database migrations (shared migration path; per-field migration not implied),core/execution compat/WorkflowRequirementCatalog + CommandCatalog + CommandRequirementCatalog; per-node resolution not statically evaluated,DECLARED_AND_RUNTIME_READ,See schema source; static literal extraction is incomplete,AutomationNodeCatalog stable id + persisted ActionType name; workflowVersion in Automation model,NOT_TRACED_BY_THIS_GATE,data/backup/BackupManager (generic workflow encoding; per-field import/export behavior not implied),NOT_TESTED
ACTION,ROM_QS_TILES,tiles,domain/src/main/java/com/nexaflow/domain/catalog/ActionNodeSchemas.kt (stringField;required=false-or-derived;sensitive=false-or-derived;default=helper-or-none),core/execution/src/main/java/com/nexaflow/core/execution/handler/RomSettingsActionHandler.kt,core/execution/src/main/java/com/nexaflow/core/execution/handler/RomSettingsActionHandler.kt,feature/automation-builder/src/main/java/com/nexaflow/feature/builder/ActionConfigEditor.kt,,core/database Converters + data/mapper/AutomationMapper (shared map serializer),data/repository/CanonicalWorkflowMigrationRunner + database migrations (shared migration path; per-field migration not implied),core/execution compat/WorkflowRequirementCatalog + CommandCatalog + CommandRequirementCatalog; per-node resolution not statically evaluated,DECLARED_AND_RUNTIME_READ,See schema source; static literal extraction is incomplete,AutomationNodeCatalog stable id + persisted ActionType name; workflowVersion in Automation model,NOT_TRACED_BY_THIS_GATE,data/backup/BackupManager (generic workflow encoding; per-field import/export behavior not implied),NOT_TESTED
ACTION,ROM_STATUS_BAR,battery_percent,domain/src/main/java/com/nexaflow/domain/catalog/ActionNodeSchemas.kt (enumField;required=false-or-derived;sensitive=false-or-derived;default=0),core/execution/src/main/java/com/nexaflow/core/execution/handler/RomSettingsActionHandler.kt,core/execution/src/main/java/com/nexaflow/core/execution/handler/RomSettingsActionHandler.kt,feature/automation-builder/src/main/java/com/nexaflow/feature/builder/ActionConfigEditor.kt,feature/automation-builder/src/test/java/com/nexaflow/feature/builder/ActionDraftTest.kt,core/database Converters + data/mapper/AutomationMapper (shared map serializer),data/repository/CanonicalWorkflowMigrationRunner + database migrations (shared migration path; per-field migration not implied),core/execution compat/WorkflowRequirementCatalog + CommandCatalog + CommandRequirementCatalog; per-node resolution not statically evaluated,DECLARED_AND_RUNTIME_READ,See schema source; static literal extraction is incomplete,AutomationNodeCatalog stable id + persisted ActionType name; workflowVersion in Automation model,NOT_TRACED_BY_THIS_GATE,data/backup/BackupManager (generic workflow encoding; per-field import/export behavior not implied),NOT_TESTED
ACTION,ROM_STATUS_BAR,battery_style,domain/src/main/java/com/nexaflow/domain/catalog/ActionNodeSchemas.kt (enumField;required=false-or-derived;sensitive=false-or-derived;default=0),core/execution/src/main/java/com/nexaflow/core/execution/handler/RomSettingsActionHandler.kt,core/execution/src/main/java/com/nexaflow/core/execution/handler/RomSettingsActionHandler.kt,feature/automation-builder/src/main/java/com/nexaflow/feature/builder/ActionConfigEditor.kt,,core/database Converters + data/mapper/AutomationMapper (shared map serializer),data/repository/CanonicalWorkflowMigrationRunner + database migrations (shared migration path; per-field migration not implied),core/execution compat/WorkflowRequirementCatalog + CommandCatalog + CommandRequirementCatalog; per-node resolution not statically evaluated,DECLARED_AND_RUNTIME_READ,See schema source; static literal extraction is incomplete,AutomationNodeCatalog stable id + persisted ActionType name; workflowVersion in Automation model,NOT_TRACED_BY_THIS_GATE,data/backup/BackupManager (generic workflow encoding; per-field import/export behavior not implied),NOT_TESTED
ACTION,ROM_STATUS_BAR,clock_position,domain/src/main/java/com/nexaflow/domain/catalog/ActionNodeSchemas.kt (enumField;required=false-or-derived;sensitive=false-or-derived;default=right),core/execution/src/main/java/com/nexaflow/core/execution/handler/RomSettingsActionHandler.kt,core/execution/src/main/java/com/nexaflow/core/execution/handler/RomSettingsActionHandler.kt,feature/automation-builder/src/main/java/com/nexaflow/feature/builder/ActionConfigEditor.kt,,core/database Converters + data/mapper/AutomationMapper (shared map serializer),data/repository/CanonicalWorkflowMigrationRunner + database migrations (shared migration path; per-field migration not implied),core/execution compat/WorkflowRequirementCatalog + CommandCatalog + CommandRequirementCatalog; per-node resolution not statically evaluated,DECLARED_AND_RUNTIME_READ,See schema source; static literal extraction is incomplete,AutomationNodeCatalog stable id + persisted ActionType name; workflowVersion in Automation model,NOT_TRACED_BY_THIS_GATE,data/backup/BackupManager (generic workflow encoding; per-field import/export behavior not implied),NOT_TESTED
ACTION,ROM_STATUS_BAR,clock_seconds,domain/src/main/java/com/nexaflow/domain/catalog/ActionNodeSchemas.kt (enumField;required=false-or-derived;sensitive=false-or-derived;default=0),core/execution/src/main/java/com/nexaflow/core/execution/handler/RomSettingsActionHandler.kt,core/execution/src/main/java/com/nexaflow/core/execution/handler/RomSettingsActionHandler.kt,feature/automation-builder/src/main/java/com/nexaflow/feature/builder/ActionConfigEditor.kt,feature/automation-builder/src/test/java/com/nexaflow/feature/builder/ActionDraftTest.kt,core/database Converters + data/mapper/AutomationMapper (shared map serializer),data/repository/CanonicalWorkflowMigrationRunner + database migrations (shared migration path; per-field migration not implied),core/execution compat/WorkflowRequirementCatalog + CommandCatalog + CommandRequirementCatalog; per-node resolution not statically evaluated,DECLARED_AND_RUNTIME_READ,See schema source; static literal extraction is incomplete,AutomationNodeCatalog stable id + persisted ActionType name; workflowVersion in Automation model,NOT_TRACED_BY_THIS_GATE,data/backup/BackupManager (generic workflow encoding; per-field import/export behavior not implied),NOT_TESTED
ACTION,ROM_STATUS_BAR,config_json,domain/src/main/java/com/nexaflow/domain/catalog/ActionNodeSchemas.kt (jsonField;required=false-or-derived;sensitive=false-or-derived;default=helper-or-none),core/execution/src/main/java/com/nexaflow/core/execution/handler/RomSettingsActionHandler.kt,core/execution/src/main/java/com/nexaflow/core/execution/handler/RomSettingsActionHandler.kt,,,core/database Converters + data/mapper/AutomationMapper (shared map serializer),data/repository/CanonicalWorkflowMigrationRunner + database migrations (shared migration path; per-field migration not implied),core/execution compat/WorkflowRequirementCatalog + CommandCatalog + CommandRequirementCatalog; per-node resolution not statically evaluated,DECLARED_AND_RUNTIME_READ,See schema source; static literal extraction is incomplete,AutomationNodeCatalog stable id + persisted ActionType name; workflowVersion in Automation model,NOT_TRACED_BY_THIS_GATE,data/backup/BackupManager (generic workflow encoding; per-field import/export behavior not implied),NOT_TESTED
ACTION,ROM_LOCKSCREEN,clock_style,domain/src/main/java/com/nexaflow/domain/catalog/ActionNodeSchemas.kt (enumField;required=false-or-derived;sensitive=false-or-derived;default=0),core/execution/src/main/java/com/nexaflow/core/execution/handler/RomSettingsActionHandler.kt,core/execution/src/main/java/com/nexaflow/core/execution/handler/RomSettingsActionHandler.kt,feature/automation-builder/src/main/java/com/nexaflow/feature/builder/ActionConfigEditor.kt,,core/database Converters + data/mapper/AutomationMapper (shared map serializer),data/repository/CanonicalWorkflowMigrationRunner + database migrations (shared migration path; per-field migration not implied),core/execution compat/WorkflowRequirementCatalog + CommandCatalog + CommandRequirementCatalog; per-node resolution not statically evaluated,DECLARED_AND_RUNTIME_READ,See schema source; static literal extraction is incomplete,AutomationNodeCatalog stable id + persisted ActionType name; workflowVersion in Automation model,NOT_TRACED_BY_THIS_GATE,data/backup/BackupManager (generic workflow encoding; per-field import/export behavior not implied),NOT_TESTED
ACTION,ROM_LOCKSCREEN,config_json,domain/src/main/java/com/nexaflow/domain/catalog/ActionNodeSchemas.kt (jsonField;required=false-or-derived;sensitive=false-or-derived;default=helper-or-none),core/execution/src/main/java/com/nexaflow/core/execution/handler/RomSettingsActionHandler.kt,core/execution/src/main/java/com/nexaflow/core/execution/handler/RomSettingsActionHandler.kt,,,core/database Converters + data/mapper/AutomationMapper (shared map serializer),data/repository/CanonicalWorkflowMigrationRunner + database migrations (shared migration path; per-field migration not implied),core/execution compat/WorkflowRequirementCatalog + CommandCatalog + CommandRequirementCatalog; per-node resolution not statically evaluated,DECLARED_AND_RUNTIME_READ,See schema source; static literal extraction is incomplete,AutomationNodeCatalog stable id + persisted ActionType name; workflowVersion in Automation model,NOT_TRACED_BY_THIS_GATE,data/backup/BackupManager (generic workflow encoding; per-field import/export behavior not implied),NOT_TESTED
ACTION,ROM_LOCKSCREEN,media_art,domain/src/main/java/com/nexaflow/domain/catalog/ActionNodeSchemas.kt (enumField;required=false-or-derived;sensitive=false-or-derived;default=1),core/execution/src/main/java/com/nexaflow/core/execution/handler/RomSettingsActionHandler.kt,core/execution/src/main/java/com/nexaflow/core/execution/handler/RomSettingsActionHandler.kt,feature/automation-builder/src/main/java/com/nexaflow/feature/builder/ActionConfigEditor.kt,,core/database Converters + data/mapper/AutomationMapper (shared map serializer),data/repository/CanonicalWorkflowMigrationRunner + database migrations (shared migration path; per-field migration not implied),core/execution compat/WorkflowRequirementCatalog + CommandCatalog + CommandRequirementCatalog; per-node resolution not statically evaluated,DECLARED_AND_RUNTIME_READ,See schema source; static literal extraction is incomplete,AutomationNodeCatalog stable id + persisted ActionType name; workflowVersion in Automation model,NOT_TRACED_BY_THIS_GATE,data/backup/BackupManager (generic workflow encoding; per-field import/export behavior not implied),NOT_TESTED
ACTION,ROM_LOCKSCREEN,shortcuts,domain/src/main/java/com/nexaflow/domain/catalog/ActionNodeSchemas.kt (enumField;required=false-or-derived;sensitive=false-or-derived;default=0),core/execution/src/main/java/com/nexaflow/core/execution/handler/RomSettingsActionHandler.kt,core/execution/src/main/java/com/nexaflow/core/execution/handler/RomSettingsActionHandler.kt,feature/automation-builder/src/main/java/com/nexaflow/feature/builder/ActionConfigEditor.kt,,core/database Converters + data/mapper/AutomationMapper (shared map serializer),data/repository/CanonicalWorkflowMigrationRunner + database migrations (shared migration path; per-field migration not implied),core/execution compat/WorkflowRequirementCatalog + CommandCatalog + CommandRequirementCatalog; per-node resolution not statically evaluated,DECLARED_AND_RUNTIME_READ,See schema source; static literal extraction is incomplete,AutomationNodeCatalog stable id + persisted ActionType name; workflowVersion in Automation model,NOT_TRACED_BY_THIS_GATE,data/backup/BackupManager (generic workflow encoding; per-field import/export behavior not implied),NOT_TESTED
ACTION,ROM_LOCKSCREEN,weather,domain/src/main/java/com/nexaflow/domain/catalog/ActionNodeSchemas.kt (enumField;required=false-or-derived;sensitive=false-or-derived;default=0),core/execution/src/main/java/com/nexaflow/core/execution/handler/RomSettingsActionHandler.kt,core/execution/src/main/java/com/nexaflow/core/execution/handler/RomSettingsActionHandler.kt,feature/automation-builder/src/main/java/com/nexaflow/feature/builder/ActionConfigEditor.kt,,core/database Converters + data/mapper/AutomationMapper (shared map serializer),data/repository/CanonicalWorkflowMigrationRunner + database migrations (shared migration path; per-field migration not implied),core/execution compat/WorkflowRequirementCatalog + CommandCatalog + CommandRequirementCatalog; per-node resolution not statically evaluated,DECLARED_AND_RUNTIME_READ,See schema source; static literal extraction is incomplete,AutomationNodeCatalog stable id + persisted ActionType name; workflowVersion in Automation model,NOT_TRACED_BY_THIS_GATE,data/backup/BackupManager (generic workflow encoding; per-field import/export behavior not implied),NOT_TESTED
ACTION,ROM_NAVIGATION,back_height,domain/src/main/java/com/nexaflow/domain/catalog/ActionNodeSchemas.kt (integerField;required=false-or-derived;sensitive=false-or-derived;default=helper-or-none),core/execution/src/main/java/com/nexaflow/core/execution/handler/RomSettingsActionHandler.kt,core/execution/src/main/java/com/nexaflow/core/execution/handler/RomSettingsActionHandler.kt,feature/automation-builder/src/main/java/com/nexaflow/feature/builder/ActionConfigEditor.kt,,core/database Converters + data/mapper/AutomationMapper (shared map serializer),data/repository/CanonicalWorkflowMigrationRunner + database migrations (shared migration path; per-field migration not implied),core/execution compat/WorkflowRequirementCatalog + CommandCatalog + CommandRequirementCatalog; per-node resolution not statically evaluated,DECLARED_AND_RUNTIME_READ,See schema source; static literal extraction is incomplete,AutomationNodeCatalog stable id + persisted ActionType name; workflowVersion in Automation model,NOT_TRACED_BY_THIS_GATE,data/backup/BackupManager (generic workflow encoding; per-field import/export behavior not implied),NOT_TESTED
ACTION,ROM_NAVIGATION,mode,domain/src/main/java/com/nexaflow/domain/catalog/ActionNodeSchemas.kt (enumField;required=false-or-derived;sensitive=false-or-derived;default=2),core/execution/src/main/java/com/nexaflow/core/execution/handler/RomSettingsActionHandler.kt,core/execution/src/main/java/com/nexaflow/core/execution/handler/RomSettingsActionHandler.kt,feature/automation-builder/src/main/java/com/nexaflow/feature/builder/ActionConfigEditor.kt,,core/database Converters + data/mapper/AutomationMapper (shared map serializer),data/repository/CanonicalWorkflowMigrationRunner + database migrations (shared migration path; per-field migration not implied),core/execution compat/WorkflowRequirementCatalog + CommandCatalog + CommandRequirementCatalog; per-node resolution not statically evaluated,DECLARED_AND_RUNTIME_READ,See schema source; static literal extraction is incomplete,AutomationNodeCatalog stable id + persisted ActionType name; workflowVersion in Automation model,NOT_TRACED_BY_THIS_GATE,data/backup/BackupManager (generic workflow encoding; per-field import/export behavior not implied),NOT_TESTED
ACTION,ROM_THEME,accent,domain/src/main/java/com/nexaflow/domain/catalog/ActionNodeSchemas.kt (stringField;required=false-or-derived;sensitive=false-or-derived;default=#FF4081),core/execution/src/main/java/com/nexaflow/core/execution/handler/RomSettingsActionHandler.kt,core/execution/src/main/java/com/nexaflow/core/execution/handler/RomSettingsActionHandler.kt,feature/automation-builder/src/main/java/com/nexaflow/feature/builder/ActionConfigEditor.kt,,core/database Converters + data/mapper/AutomationMapper (shared map serializer),data/repository/CanonicalWorkflowMigrationRunner + database migrations (shared migration path; per-field migration not implied),core/execution compat/WorkflowRequirementCatalog + CommandCatalog + CommandRequirementCatalog; per-node resolution not statically evaluated,DECLARED_AND_RUNTIME_READ,See schema source; static literal extraction is incomplete,AutomationNodeCatalog stable id + persisted ActionType name; workflowVersion in Automation model,NOT_TRACED_BY_THIS_GATE,data/backup/BackupManager (generic workflow encoding; per-field import/export behavior not implied),NOT_TESTED
ACTION,ROM_THEME,config_json,domain/src/main/java/com/nexaflow/domain/catalog/ActionNodeSchemas.kt (jsonField;required=false-or-derived;sensitive=false-or-derived;default=helper-or-none),core/execution/src/main/java/com/nexaflow/core/execution/handler/RomSettingsActionHandler.kt,core/execution/src/main/java/com/nexaflow/core/execution/handler/RomSettingsActionHandler.kt,,,core/database Converters + data/mapper/AutomationMapper (shared map serializer),data/repository/CanonicalWorkflowMigrationRunner + database migrations (shared migration path; per-field migration not implied),core/execution compat/WorkflowRequirementCatalog + CommandCatalog + CommandRequirementCatalog; per-node resolution not statically evaluated,DECLARED_AND_RUNTIME_READ,See schema source; static literal extraction is incomplete,AutomationNodeCatalog stable id + persisted ActionType name; workflowVersion in Automation model,NOT_TRACED_BY_THIS_GATE,data/backup/BackupManager (generic workflow encoding; per-field import/export behavior not implied),NOT_TESTED
ACTION,ROM_THEME,monet,domain/src/main/java/com/nexaflow/domain/catalog/ActionNodeSchemas.kt (enumField;required=false-or-derived;sensitive=false-or-derived;default=1),core/execution/src/main/java/com/nexaflow/core/execution/handler/RomSettingsActionHandler.kt,core/execution/src/main/java/com/nexaflow/core/execution/handler/RomSettingsActionHandler.kt,feature/automation-builder/src/main/java/com/nexaflow/feature/builder/ActionConfigEditor.kt,,core/database Converters + data/mapper/AutomationMapper (shared map serializer),data/repository/CanonicalWorkflowMigrationRunner + database migrations (shared migration path; per-field migration not implied),core/execution compat/WorkflowRequirementCatalog + CommandCatalog + CommandRequirementCatalog; per-node resolution not statically evaluated,DECLARED_AND_RUNTIME_READ,See schema source; static literal extraction is incomplete,AutomationNodeCatalog stable id + persisted ActionType name; workflowVersion in Automation model,NOT_TRACED_BY_THIS_GATE,data/backup/BackupManager (generic workflow encoding; per-field import/export behavior not implied),NOT_TESTED
ACTION,ROM_THEME,themed_icons,domain/src/main/java/com/nexaflow/domain/catalog/ActionNodeSchemas.kt (enumField;required=false-or-derived;sensitive=false-or-derived;default=0),core/execution/src/main/java/com/nexaflow/core/execution/handler/RomSettingsActionHandler.kt,core/execution/src/main/java/com/nexaflow/core/execution/handler/RomSettingsActionHandler.kt,feature/automation-builder/src/main/java/com/nexaflow/feature/builder/ActionConfigEditor.kt,,core/database Converters + data/mapper/AutomationMapper (shared map serializer),data/repository/CanonicalWorkflowMigrationRunner + database migrations (shared migration path; per-field migration not implied),core/execution compat/WorkflowRequirementCatalog + CommandCatalog + CommandRequirementCatalog; per-node resolution not statically evaluated,DECLARED_AND_RUNTIME_READ,See schema source; static literal extraction is incomplete,AutomationNodeCatalog stable id + persisted ActionType name; workflowVersion in Automation model,NOT_TRACED_BY_THIS_GATE,data/backup/BackupManager (generic workflow encoding; per-field import/export behavior not implied),NOT_TESTED
ACTION,ROM_AMBIENT_AOD,enabled,domain/src/main/java/com/nexaflow/domain/catalog/ActionNodeSchemas.kt (enumField;required=false-or-derived;sensitive=false-or-derived;default=0),core/execution/src/main/java/com/nexaflow/core/execution/handler/RomSettingsActionHandler.kt,core/execution/src/main/java/com/nexaflow/core/execution/handler/RomSettingsActionHandler.kt,feature/automation-builder/src/main/java/com/nexaflow/feature/builder/ActionConfigEditor.kt,,core/database Converters + data/mapper/AutomationMapper (shared map serializer),data/repository/CanonicalWorkflowMigrationRunner + database migrations (shared migration path; per-field migration not implied),core/execution compat/WorkflowRequirementCatalog + CommandCatalog + CommandRequirementCatalog; per-node resolution not statically evaluated,DECLARED_AND_RUNTIME_READ,See schema source; static literal extraction is incomplete,AutomationNodeCatalog stable id + persisted ActionType name; workflowVersion in Automation model,NOT_TRACED_BY_THIS_GATE,data/backup/BackupManager (generic workflow encoding; per-field import/export behavior not implied),NOT_TESTED
ACTION,ROM_AMBIENT_AOD,schedule,domain/src/main/java/com/nexaflow/domain/catalog/ActionNodeSchemas.kt (enumField;required=false-or-derived;sensitive=false-or-derived;default=0),core/execution/src/main/java/com/nexaflow/core/execution/handler/RomSettingsActionHandler.kt,core/execution/src/main/java/com/nexaflow/core/execution/handler/RomSettingsActionHandler.kt,feature/automation-builder/src/main/java/com/nexaflow/feature/builder/ActionConfigEditor.kt,,core/database Converters + data/mapper/AutomationMapper (shared map serializer),data/repository/CanonicalWorkflowMigrationRunner + database migrations (shared migration path; per-field migration not implied),core/execution compat/WorkflowRequirementCatalog + CommandCatalog + CommandRequirementCatalog; per-node resolution not statically evaluated,DECLARED_AND_RUNTIME_READ,See schema source; static literal extraction is incomplete,AutomationNodeCatalog stable id + persisted ActionType name; workflowVersion in Automation model,NOT_TRACED_BY_THIS_GATE,data/backup/BackupManager (generic workflow encoding; per-field import/export behavior not implied),NOT_TESTED
ACTION,ROM_NOTIFICATIONS,heads_up,domain/src/main/java/com/nexaflow/domain/catalog/ActionNodeSchemas.kt (enumField;required=false-or-derived;sensitive=false-or-derived;default=1),core/execution/src/main/java/com/nexaflow/core/execution/handler/RomSettingsActionHandler.kt,core/execution/src/main/java/com/nexaflow/core/execution/handler/RomSettingsActionHandler.kt,feature/automation-builder/src/main/java/com/nexaflow/feature/builder/ActionConfigEditor.kt,,core/database Converters + data/mapper/AutomationMapper (shared map serializer),data/repository/CanonicalWorkflowMigrationRunner + database migrations (shared migration path; per-field migration not implied),core/execution compat/WorkflowRequirementCatalog + CommandCatalog + CommandRequirementCatalog; per-node resolution not statically evaluated,DECLARED_AND_RUNTIME_READ,See schema source; static literal extraction is incomplete,AutomationNodeCatalog stable id + persisted ActionType name; workflowVersion in Automation model,NOT_TRACED_BY_THIS_GATE,data/backup/BackupManager (generic workflow encoding; per-field import/export behavior not implied),NOT_TESTED
ACTION,ROM_NOTIFICATIONS,less_boring,domain/src/main/java/com/nexaflow/domain/catalog/ActionNodeSchemas.kt (enumField;required=false-or-derived;sensitive=false-or-derived;default=0),core/execution/src/main/java/com/nexaflow/core/execution/handler/RomSettingsActionHandler.kt,core/execution/src/main/java/com/nexaflow/core/execution/handler/RomSettingsActionHandler.kt,feature/automation-builder/src/main/java/com/nexaflow/feature/builder/ActionConfigEditor.kt,,core/database Converters + data/mapper/AutomationMapper (shared map serializer),data/repository/CanonicalWorkflowMigrationRunner + database migrations (shared migration path; per-field migration not implied),core/execution compat/WorkflowRequirementCatalog + CommandCatalog + CommandRequirementCatalog; per-node resolution not statically evaluated,DECLARED_AND_RUNTIME_READ,See schema source; static literal extraction is incomplete,AutomationNodeCatalog stable id + persisted ActionType name; workflowVersion in Automation model,NOT_TRACED_BY_THIS_GATE,data/backup/BackupManager (generic workflow encoding; per-field import/export behavior not implied),NOT_TESTED
ACTION,ROM_NOTIFICATIONS,timeout,domain/src/main/java/com/nexaflow/domain/catalog/ActionNodeSchemas.kt (integerField;required=false-or-derived;sensitive=false-or-derived;default=5),core/execution/src/main/java/com/nexaflow/core/execution/handler/RomSettingsActionHandler.kt,core/execution/src/main/java/com/nexaflow/core/execution/handler/RomSettingsActionHandler.kt,feature/automation-builder/src/main/java/com/nexaflow/feature/builder/ActionConfigEditor.kt,,core/database Converters + data/mapper/AutomationMapper (shared map serializer),data/repository/CanonicalWorkflowMigrationRunner + database migrations (shared migration path; per-field migration not implied),core/execution compat/WorkflowRequirementCatalog + CommandCatalog + CommandRequirementCatalog; per-node resolution not statically evaluated,DECLARED_AND_RUNTIME_READ,See schema source; static literal extraction is incomplete,AutomationNodeCatalog stable id + persisted ActionType name; workflowVersion in Automation model,NOT_TRACED_BY_THIS_GATE,data/backup/BackupManager (generic workflow encoding; per-field import/export behavior not implied),NOT_TESTED
ACTION,ROM_BATCH,batch_json,domain/src/main/java/com/nexaflow/domain/catalog/ActionNodeSchemas.kt (jsonField;required=true;sensitive=false-or-derived;default=helper-or-none),core/execution/src/main/java/com/nexaflow/core/execution/handler/RomSettingsActionHandler.kt,core/execution/src/main/java/com/nexaflow/core/execution/handler/RomSettingsActionHandler.kt,feature/automation-builder/src/main/java/com/nexaflow/feature/builder/ActionConfigEditor.kt,,core/database Converters + data/mapper/AutomationMapper (shared map serializer),data/repository/CanonicalWorkflowMigrationRunner + database migrations (shared migration path; per-field migration not implied),core/execution compat/WorkflowRequirementCatalog + CommandCatalog + CommandRequirementCatalog; per-node resolution not statically evaluated,DECLARED_AND_RUNTIME_READ,See schema source; static literal extraction is incomplete,AutomationNodeCatalog stable id + persisted ActionType name; workflowVersion in Automation model,NOT_TRACED_BY_THIS_GATE,data/backup/BackupManager (generic workflow encoding; per-field import/export behavior not implied),NOT_TESTED
ACTION,DATA_TEXT,argument,domain/src/main/java/com/nexaflow/domain/catalog/ActionNodeSchemas.kt (helper-or-derived),domain/src/main/java/com/nexaflow/domain/workflow/DataTransforms.kt,domain/src/main/java/com/nexaflow/domain/workflow/DataTransforms.kt,feature/automation-builder/src/main/java/com/nexaflow/feature/builder/ActionConfigEditor.kt,domain/src/test/java/com/nexaflow/domain/workflow/DataTransformsTest.kt,core/database Converters + data/mapper/AutomationMapper (shared map serializer),data/repository/CanonicalWorkflowMigrationRunner + database migrations (shared migration path; per-field migration not implied),core/execution compat/WorkflowRequirementCatalog + CommandCatalog + CommandRequirementCatalog; per-node resolution not statically evaluated,DECLARED_AND_RUNTIME_READ,See schema source; static literal extraction is incomplete,AutomationNodeCatalog stable id + persisted ActionType name; workflowVersion in Automation model,NOT_TRACED_BY_THIS_GATE,data/backup/BackupManager (generic workflow encoding; per-field import/export behavior not implied),NOT_TESTED
ACTION,DATA_TEXT,end,domain/src/main/java/com/nexaflow/domain/catalog/ActionNodeSchemas.kt (helper-or-derived),NO_STATIC_MATCH,domain/src/main/java/com/nexaflow/domain/workflow/DataTransforms.kt,feature/automation-builder/src/main/java/com/nexaflow/feature/builder/ActionConfigEditor.kt,domain/src/test/java/com/nexaflow/domain/workflow/DataTransformsTest.kt,core/database Converters + data/mapper/AutomationMapper (shared map serializer),data/repository/CanonicalWorkflowMigrationRunner + database migrations (shared migration path; per-field migration not implied),core/execution compat/WorkflowRequirementCatalog + CommandCatalog + CommandRequirementCatalog; per-node resolution not statically evaluated,DECLARED_NO_STATIC_RUNTIME_READ,See schema source; static literal extraction is incomplete,AutomationNodeCatalog stable id + persisted ActionType name; workflowVersion in Automation model,NOT_TRACED_BY_THIS_GATE,data/backup/BackupManager (generic workflow encoding; per-field import/export behavior not implied),NOT_TESTED
ACTION,DATA_TEXT,input,domain/src/main/java/com/nexaflow/domain/catalog/ActionNodeSchemas.kt (helper-or-derived),domain/src/main/java/com/nexaflow/domain/workflow/DataTransforms.kt,domain/src/main/java/com/nexaflow/domain/workflow/DataTransforms.kt,feature/automation-builder/src/main/java/com/nexaflow/feature/builder/ActionConfigEditor.kt,,core/database Converters + data/mapper/AutomationMapper (shared map serializer),data/repository/CanonicalWorkflowMigrationRunner + database migrations (shared migration path; per-field migration not implied),core/execution compat/WorkflowRequirementCatalog + CommandCatalog + CommandRequirementCatalog; per-node resolution not statically evaluated,DECLARED_AND_RUNTIME_READ,See schema source; static literal extraction is incomplete,AutomationNodeCatalog stable id + persisted ActionType name; workflowVersion in Automation model,NOT_TRACED_BY_THIS_GATE,data/backup/BackupManager (generic workflow encoding; per-field import/export behavior not implied),NOT_TESTED
ACTION,DATA_TEXT,inputPath,domain/src/main/java/com/nexaflow/domain/catalog/ActionNodeSchemas.kt (helper-or-derived),,domain/src/main/java/com/nexaflow/domain/workflow/DataTransforms.kt,feature/automation-builder/src/main/java/com/nexaflow/feature/builder/ActionConfigEditor.kt,,core/database Converters + data/mapper/AutomationMapper (shared map serializer),data/repository/CanonicalWorkflowMigrationRunner + database migrations (shared migration path; per-field migration not implied),core/execution compat/WorkflowRequirementCatalog + CommandCatalog + CommandRequirementCatalog; per-node resolution not statically evaluated,DECLARED_AND_RUNTIME_READ,See schema source; static literal extraction is incomplete,AutomationNodeCatalog stable id + persisted ActionType name; workflowVersion in Automation model,NOT_TRACED_BY_THIS_GATE,data/backup/BackupManager (generic workflow encoding; per-field import/export behavior not implied),NOT_TESTED
ACTION,DATA_TEXT,max,domain/src/main/java/com/nexaflow/domain/catalog/ActionNodeSchemas.kt (helper-or-derived),NO_STATIC_MATCH,domain/src/main/java/com/nexaflow/domain/workflow/DataTransforms.kt,feature/automation-builder/src/main/java/com/nexaflow/feature/builder/ActionConfigEditor.kt,domain/src/test/java/com/nexaflow/domain/workflow/DataTransformsTest.kt,core/database Converters + data/mapper/AutomationMapper (shared map serializer),data/repository/CanonicalWorkflowMigrationRunner + database migrations (shared migration path; per-field migration not implied),core/execution compat/WorkflowRequirementCatalog + CommandCatalog + CommandRequirementCatalog; per-node resolution not statically evaluated,DECLARED_NO_STATIC_RUNTIME_READ,See schema source; static literal extraction is incomplete,AutomationNodeCatalog stable id + persisted ActionType name; workflowVersion in Automation model,NOT_TRACED_BY_THIS_GATE,data/backup/BackupManager (generic workflow encoding; per-field import/export behavior not implied),NOT_TESTED
ACTION,DATA_TEXT,min,domain/src/main/java/com/nexaflow/domain/catalog/ActionNodeSchemas.kt (helper-or-derived),NO_STATIC_MATCH,domain/src/main/java/com/nexaflow/domain/workflow/DataTransforms.kt,feature/automation-builder/src/main/java/com/nexaflow/feature/builder/ActionConfigEditor.kt,domain/src/test/java/com/nexaflow/domain/workflow/DataTransformsTest.kt,core/database Converters + data/mapper/AutomationMapper (shared map serializer),data/repository/CanonicalWorkflowMigrationRunner + database migrations (shared migration path; per-field migration not implied),core/execution compat/WorkflowRequirementCatalog + CommandCatalog + CommandRequirementCatalog; per-node resolution not statically evaluated,DECLARED_NO_STATIC_RUNTIME_READ,See schema source; static literal extraction is incomplete,AutomationNodeCatalog stable id + persisted ActionType name; workflowVersion in Automation model,NOT_TRACED_BY_THIS_GATE,data/backup/BackupManager (generic workflow encoding; per-field import/export behavior not implied),NOT_TESTED
ACTION,DATA_TEXT,operation,domain/src/main/java/com/nexaflow/domain/catalog/ActionNodeSchemas.kt (helper-or-derived),domain/src/main/java/com/nexaflow/domain/workflow/DataTransforms.kt,domain/src/main/java/com/nexaflow/domain/workflow/DataTransforms.kt,feature/automation-builder/src/main/java/com/nexaflow/feature/builder/ActionConfigEditor.kt,domain/src/test/java/com/nexaflow/domain/workflow/DataTransformsTest.kt,core/database Converters + data/mapper/AutomationMapper (shared map serializer),data/repository/CanonicalWorkflowMigrationRunner + database migrations (shared migration path; per-field migration not implied),core/execution compat/WorkflowRequirementCatalog + CommandCatalog + CommandRequirementCatalog; per-node resolution not statically evaluated,DECLARED_AND_RUNTIME_READ,See schema source; static literal extraction is incomplete,AutomationNodeCatalog stable id + persisted ActionType name; workflowVersion in Automation model,NOT_TRACED_BY_THIS_GATE,data/backup/BackupManager (generic workflow encoding; per-field import/export behavior not implied),NOT_TESTED
ACTION,DATA_TEXT,outputPath,domain/src/main/java/com/nexaflow/domain/catalog/ActionNodeSchemas.kt (helper-or-derived),domain/src/main/java/com/nexaflow/domain/workflow/DataTransforms.kt,domain/src/main/java/com/nexaflow/domain/workflow/DataTransforms.kt,feature/automation-builder/src/main/java/com/nexaflow/feature/builder/ActionConfigEditor.kt,,core/database Converters + data/mapper/AutomationMapper (shared map serializer),data/repository/CanonicalWorkflowMigrationRunner + database migrations (shared migration path; per-field migration not implied),core/execution compat/WorkflowRequirementCatalog + CommandCatalog + CommandRequirementCatalog; per-node resolution not statically evaluated,DECLARED_AND_RUNTIME_READ,See schema source; static literal extraction is incomplete,AutomationNodeCatalog stable id + persisted ActionType name; workflowVersion in Automation model,NOT_TRACED_BY_THIS_GATE,data/backup/BackupManager (generic workflow encoding; per-field import/export behavior not implied),NOT_TESTED
ACTION,DATA_TEXT,replacement,domain/src/main/java/com/nexaflow/domain/catalog/ActionNodeSchemas.kt (helper-or-derived),domain/src/main/java/com/nexaflow/domain/workflow/DataTransforms.kt,domain/src/main/java/com/nexaflow/domain/workflow/DataTransforms.kt,feature/automation-builder/src/main/java/com/nexaflow/feature/builder/ActionConfigEditor.kt,domain/src/test/java/com/nexaflow/domain/workflow/DataTransformsTest.kt,core/database Converters + data/mapper/AutomationMapper (shared map serializer),data/repository/CanonicalWorkflowMigrationRunner + database migrations (shared migration path; per-field migration not implied),core/execution compat/WorkflowRequirementCatalog + CommandCatalog + CommandRequirementCatalog; per-node resolution not statically evaluated,DECLARED_AND_RUNTIME_READ,See schema source; static literal extraction is incomplete,AutomationNodeCatalog stable id + persisted ActionType name; workflowVersion in Automation model,NOT_TRACED_BY_THIS_GATE,data/backup/BackupManager (generic workflow encoding; per-field import/export behavior not implied),NOT_TESTED
ACTION,DATA_TEXT,start,domain/src/main/java/com/nexaflow/domain/catalog/ActionNodeSchemas.kt (helper-or-derived),NO_STATIC_MATCH,domain/src/main/java/com/nexaflow/domain/workflow/DataTransforms.kt,feature/automation-builder/src/main/java/com/nexaflow/feature/builder/ActionConfigEditor.kt,domain/src/test/java/com/nexaflow/domain/workflow/DataTransformsTest.kt,core/database Converters + data/mapper/AutomationMapper (shared map serializer),data/repository/CanonicalWorkflowMigrationRunner + database migrations (shared migration path; per-field migration not implied),core/execution compat/WorkflowRequirementCatalog + CommandCatalog + CommandRequirementCatalog; per-node resolution not statically evaluated,DECLARED_NO_STATIC_RUNTIME_READ,See schema source; static literal extraction is incomplete,AutomationNodeCatalog stable id + persisted ActionType name; workflowVersion in Automation model,NOT_TRACED_BY_THIS_GATE,data/backup/BackupManager (generic workflow encoding; per-field import/export behavior not implied),NOT_TESTED
ACTION,DATA_TEXT,zone,domain/src/main/java/com/nexaflow/domain/catalog/ActionNodeSchemas.kt (helper-or-derived),domain/src/main/java/com/nexaflow/domain/workflow/DataTransforms.kt,domain/src/main/java/com/nexaflow/domain/workflow/DataTransforms.kt,feature/automation-builder/src/main/java/com/nexaflow/feature/builder/ActionConfigEditor.kt,domain/src/test/java/com/nexaflow/domain/workflow/DataTransformsTest.kt,core/database Converters + data/mapper/AutomationMapper (shared map serializer),data/repository/CanonicalWorkflowMigrationRunner + database migrations (shared migration path; per-field migration not implied),core/execution compat/WorkflowRequirementCatalog + CommandCatalog + CommandRequirementCatalog; per-node resolution not statically evaluated,DECLARED_AND_RUNTIME_READ,See schema source; static literal extraction is incomplete,AutomationNodeCatalog stable id + persisted ActionType name; workflowVersion in Automation model,NOT_TRACED_BY_THIS_GATE,data/backup/BackupManager (generic workflow encoding; per-field import/export behavior not implied),NOT_TESTED
ACTION,DATA_ENCODING,argument,domain/src/main/java/com/nexaflow/domain/catalog/ActionNodeSchemas.kt (helper-or-derived),domain/src/main/java/com/nexaflow/domain/workflow/DataTransforms.kt,domain/src/main/java/com/nexaflow/domain/workflow/DataTransforms.kt,feature/automation-builder/src/main/java/com/nexaflow/feature/builder/ActionConfigEditor.kt,domain/src/test/java/com/nexaflow/domain/workflow/DataTransformsTest.kt,core/database Converters + data/mapper/AutomationMapper (shared map serializer),data/repository/CanonicalWorkflowMigrationRunner + database migrations (shared migration path; per-field migration not implied),core/execution compat/WorkflowRequirementCatalog + CommandCatalog + CommandRequirementCatalog; per-node resolution not statically evaluated,DECLARED_AND_RUNTIME_READ,See schema source; static literal extraction is incomplete,AutomationNodeCatalog stable id + persisted ActionType name; workflowVersion in Automation model,NOT_TRACED_BY_THIS_GATE,data/backup/BackupManager (generic workflow encoding; per-field import/export behavior not implied),NOT_TESTED
ACTION,DATA_ENCODING,end,domain/src/main/java/com/nexaflow/domain/catalog/ActionNodeSchemas.kt (helper-or-derived),NO_STATIC_MATCH,domain/src/main/java/com/nexaflow/domain/workflow/DataTransforms.kt,feature/automation-builder/src/main/java/com/nexaflow/feature/builder/ActionConfigEditor.kt,domain/src/test/java/com/nexaflow/domain/workflow/DataTransformsTest.kt,core/database Converters + data/mapper/AutomationMapper (shared map serializer),data/repository/CanonicalWorkflowMigrationRunner + database migrations (shared migration path; per-field migration not implied),core/execution compat/WorkflowRequirementCatalog + CommandCatalog + CommandRequirementCatalog; per-node resolution not statically evaluated,DECLARED_NO_STATIC_RUNTIME_READ,See schema source; static literal extraction is incomplete,AutomationNodeCatalog stable id + persisted ActionType name; workflowVersion in Automation model,NOT_TRACED_BY_THIS_GATE,data/backup/BackupManager (generic workflow encoding; per-field import/export behavior not implied),NOT_TESTED
ACTION,DATA_ENCODING,input,domain/src/main/java/com/nexaflow/domain/catalog/ActionNodeSchemas.kt (helper-or-derived),domain/src/main/java/com/nexaflow/domain/workflow/DataTransforms.kt,domain/src/main/java/com/nexaflow/domain/workflow/DataTransforms.kt,feature/automation-builder/src/main/java/com/nexaflow/feature/builder/ActionConfigEditor.kt,,core/database Converters + data/mapper/AutomationMapper (shared map serializer),data/repository/CanonicalWorkflowMigrationRunner + database migrations (shared migration path; per-field migration not implied),core/execution compat/WorkflowRequirementCatalog + CommandCatalog + CommandRequirementCatalog; per-node resolution not statically evaluated,DECLARED_AND_RUNTIME_READ,See schema source; static literal extraction is incomplete,AutomationNodeCatalog stable id + persisted ActionType name; workflowVersion in Automation model,NOT_TRACED_BY_THIS_GATE,data/backup/BackupManager (generic workflow encoding; per-field import/export behavior not implied),NOT_TESTED
ACTION,DATA_ENCODING,inputPath,domain/src/main/java/com/nexaflow/domain/catalog/ActionNodeSchemas.kt (helper-or-derived),,domain/src/main/java/com/nexaflow/domain/workflow/DataTransforms.kt,feature/automation-builder/src/main/java/com/nexaflow/feature/builder/ActionConfigEditor.kt,,core/database Converters + data/mapper/AutomationMapper (shared map serializer),data/repository/CanonicalWorkflowMigrationRunner + database migrations (shared migration path; per-field migration not implied),core/execution compat/WorkflowRequirementCatalog + CommandCatalog + CommandRequirementCatalog; per-node resolution not statically evaluated,DECLARED_AND_RUNTIME_READ,See schema source; static literal extraction is incomplete,AutomationNodeCatalog stable id + persisted ActionType name; workflowVersion in Automation model,NOT_TRACED_BY_THIS_GATE,data/backup/BackupManager (generic workflow encoding; per-field import/export behavior not implied),NOT_TESTED
ACTION,DATA_ENCODING,max,domain/src/main/java/com/nexaflow/domain/catalog/ActionNodeSchemas.kt (helper-or-derived),NO_STATIC_MATCH,domain/src/main/java/com/nexaflow/domain/workflow/DataTransforms.kt,feature/automation-builder/src/main/java/com/nexaflow/feature/builder/ActionConfigEditor.kt,domain/src/test/java/com/nexaflow/domain/workflow/DataTransformsTest.kt,core/database Converters + data/mapper/AutomationMapper (shared map serializer),data/repository/CanonicalWorkflowMigrationRunner + database migrations (shared migration path; per-field migration not implied),core/execution compat/WorkflowRequirementCatalog + CommandCatalog + CommandRequirementCatalog; per-node resolution not statically evaluated,DECLARED_NO_STATIC_RUNTIME_READ,See schema source; static literal extraction is incomplete,AutomationNodeCatalog stable id + persisted ActionType name; workflowVersion in Automation model,NOT_TRACED_BY_THIS_GATE,data/backup/BackupManager (generic workflow encoding; per-field import/export behavior not implied),NOT_TESTED
ACTION,DATA_ENCODING,min,domain/src/main/java/com/nexaflow/domain/catalog/ActionNodeSchemas.kt (helper-or-derived),NO_STATIC_MATCH,domain/src/main/java/com/nexaflow/domain/workflow/DataTransforms.kt,feature/automation-builder/src/main/java/com/nexaflow/feature/builder/ActionConfigEditor.kt,domain/src/test/java/com/nexaflow/domain/workflow/DataTransformsTest.kt,core/database Converters + data/mapper/AutomationMapper (shared map serializer),data/repository/CanonicalWorkflowMigrationRunner + database migrations (shared migration path; per-field migration not implied),core/execution compat/WorkflowRequirementCatalog + CommandCatalog + CommandRequirementCatalog; per-node resolution not statically evaluated,DECLARED_NO_STATIC_RUNTIME_READ,See schema source; static literal extraction is incomplete,AutomationNodeCatalog stable id + persisted ActionType name; workflowVersion in Automation model,NOT_TRACED_BY_THIS_GATE,data/backup/BackupManager (generic workflow encoding; per-field import/export behavior not implied),NOT_TESTED
ACTION,DATA_ENCODING,operation,domain/src/main/java/com/nexaflow/domain/catalog/ActionNodeSchemas.kt (helper-or-derived),domain/src/main/java/com/nexaflow/domain/workflow/DataTransforms.kt,domain/src/main/java/com/nexaflow/domain/workflow/DataTransforms.kt,feature/automation-builder/src/main/java/com/nexaflow/feature/builder/ActionConfigEditor.kt,domain/src/test/java/com/nexaflow/domain/workflow/DataTransformsTest.kt,core/database Converters + data/mapper/AutomationMapper (shared map serializer),data/repository/CanonicalWorkflowMigrationRunner + database migrations (shared migration path; per-field migration not implied),core/execution compat/WorkflowRequirementCatalog + CommandCatalog + CommandRequirementCatalog; per-node resolution not statically evaluated,DECLARED_AND_RUNTIME_READ,See schema source; static literal extraction is incomplete,AutomationNodeCatalog stable id + persisted ActionType name; workflowVersion in Automation model,NOT_TRACED_BY_THIS_GATE,data/backup/BackupManager (generic workflow encoding; per-field import/export behavior not implied),NOT_TESTED
ACTION,DATA_ENCODING,outputPath,domain/src/main/java/com/nexaflow/domain/catalog/ActionNodeSchemas.kt (helper-or-derived),domain/src/main/java/com/nexaflow/domain/workflow/DataTransforms.kt,domain/src/main/java/com/nexaflow/domain/workflow/DataTransforms.kt,feature/automation-builder/src/main/java/com/nexaflow/feature/builder/ActionConfigEditor.kt,,core/database Converters + data/mapper/AutomationMapper (shared map serializer),data/repository/CanonicalWorkflowMigrationRunner + database migrations (shared migration path; per-field migration not implied),core/execution compat/WorkflowRequirementCatalog + CommandCatalog + CommandRequirementCatalog; per-node resolution not statically evaluated,DECLARED_AND_RUNTIME_READ,See schema source; static literal extraction is incomplete,AutomationNodeCatalog stable id + persisted ActionType name; workflowVersion in Automation model,NOT_TRACED_BY_THIS_GATE,data/backup/BackupManager (generic workflow encoding; per-field import/export behavior not implied),NOT_TESTED
ACTION,DATA_ENCODING,replacement,domain/src/main/java/com/nexaflow/domain/catalog/ActionNodeSchemas.kt (helper-or-derived),domain/src/main/java/com/nexaflow/domain/workflow/DataTransforms.kt,domain/src/main/java/com/nexaflow/domain/workflow/DataTransforms.kt,feature/automation-builder/src/main/java/com/nexaflow/feature/builder/ActionConfigEditor.kt,domain/src/test/java/com/nexaflow/domain/workflow/DataTransformsTest.kt,core/database Converters + data/mapper/AutomationMapper (shared map serializer),data/repository/CanonicalWorkflowMigrationRunner + database migrations (shared migration path; per-field migration not implied),core/execution compat/WorkflowRequirementCatalog + CommandCatalog + CommandRequirementCatalog; per-node resolution not statically evaluated,DECLARED_AND_RUNTIME_READ,See schema source; static literal extraction is incomplete,AutomationNodeCatalog stable id + persisted ActionType name; workflowVersion in Automation model,NOT_TRACED_BY_THIS_GATE,data/backup/BackupManager (generic workflow encoding; per-field import/export behavior not implied),NOT_TESTED
ACTION,DATA_ENCODING,start,domain/src/main/java/com/nexaflow/domain/catalog/ActionNodeSchemas.kt (helper-or-derived),NO_STATIC_MATCH,domain/src/main/java/com/nexaflow/domain/workflow/DataTransforms.kt,feature/automation-builder/src/main/java/com/nexaflow/feature/builder/ActionConfigEditor.kt,domain/src/test/java/com/nexaflow/domain/workflow/DataTransformsTest.kt,core/database Converters + data/mapper/AutomationMapper (shared map serializer),data/repository/CanonicalWorkflowMigrationRunner + database migrations (shared migration path; per-field migration not implied),core/execution compat/WorkflowRequirementCatalog + CommandCatalog + CommandRequirementCatalog; per-node resolution not statically evaluated,DECLARED_NO_STATIC_RUNTIME_READ,See schema source; static literal extraction is incomplete,AutomationNodeCatalog stable id + persisted ActionType name; workflowVersion in Automation model,NOT_TRACED_BY_THIS_GATE,data/backup/BackupManager (generic workflow encoding; per-field import/export behavior not implied),NOT_TESTED
ACTION,DATA_ENCODING,zone,domain/src/main/java/com/nexaflow/domain/catalog/ActionNodeSchemas.kt (helper-or-derived),domain/src/main/java/com/nexaflow/domain/workflow/DataTransforms.kt,domain/src/main/java/com/nexaflow/domain/workflow/DataTransforms.kt,feature/automation-builder/src/main/java/com/nexaflow/feature/builder/ActionConfigEditor.kt,domain/src/test/java/com/nexaflow/domain/workflow/DataTransformsTest.kt,core/database Converters + data/mapper/AutomationMapper (shared map serializer),data/repository/CanonicalWorkflowMigrationRunner + database migrations (shared migration path; per-field migration not implied),core/execution compat/WorkflowRequirementCatalog + CommandCatalog + CommandRequirementCatalog; per-node resolution not statically evaluated,DECLARED_AND_RUNTIME_READ,See schema source; static literal extraction is incomplete,AutomationNodeCatalog stable id + persisted ActionType name; workflowVersion in Automation model,NOT_TRACED_BY_THIS_GATE,data/backup/BackupManager (generic workflow encoding; per-field import/export behavior not implied),NOT_TESTED
ACTION,DATA_HASH,argument,domain/src/main/java/com/nexaflow/domain/catalog/ActionNodeSchemas.kt (helper-or-derived),domain/src/main/java/com/nexaflow/domain/workflow/DataTransforms.kt,domain/src/main/java/com/nexaflow/domain/workflow/DataTransforms.kt,feature/automation-builder/src/main/java/com/nexaflow/feature/builder/ActionConfigEditor.kt,domain/src/test/java/com/nexaflow/domain/workflow/DataTransformsTest.kt,core/database Converters + data/mapper/AutomationMapper (shared map serializer),data/repository/CanonicalWorkflowMigrationRunner + database migrations (shared migration path; per-field migration not implied),core/execution compat/WorkflowRequirementCatalog + CommandCatalog + CommandRequirementCatalog; per-node resolution not statically evaluated,DECLARED_AND_RUNTIME_READ,See schema source; static literal extraction is incomplete,AutomationNodeCatalog stable id + persisted ActionType name; workflowVersion in Automation model,NOT_TRACED_BY_THIS_GATE,data/backup/BackupManager (generic workflow encoding; per-field import/export behavior not implied),NOT_TESTED
ACTION,DATA_HASH,end,domain/src/main/java/com/nexaflow/domain/catalog/ActionNodeSchemas.kt (helper-or-derived),NO_STATIC_MATCH,domain/src/main/java/com/nexaflow/domain/workflow/DataTransforms.kt,feature/automation-builder/src/main/java/com/nexaflow/feature/builder/ActionConfigEditor.kt,domain/src/test/java/com/nexaflow/domain/workflow/DataTransformsTest.kt,core/database Converters + data/mapper/AutomationMapper (shared map serializer),data/repository/CanonicalWorkflowMigrationRunner + database migrations (shared migration path; per-field migration not implied),core/execution compat/WorkflowRequirementCatalog + CommandCatalog + CommandRequirementCatalog; per-node resolution not statically evaluated,DECLARED_NO_STATIC_RUNTIME_READ,See schema source; static literal extraction is incomplete,AutomationNodeCatalog stable id + persisted ActionType name; workflowVersion in Automation model,NOT_TRACED_BY_THIS_GATE,data/backup/BackupManager (generic workflow encoding; per-field import/export behavior not implied),NOT_TESTED
ACTION,DATA_HASH,input,domain/src/main/java/com/nexaflow/domain/catalog/ActionNodeSchemas.kt (helper-or-derived),domain/src/main/java/com/nexaflow/domain/workflow/DataTransforms.kt,domain/src/main/java/com/nexaflow/domain/workflow/DataTransforms.kt,feature/automation-builder/src/main/java/com/nexaflow/feature/builder/ActionConfigEditor.kt,data/src/test/java/com/nexaflow/data/mapper/AutomationMapperTest.kt,core/database Converters + data/mapper/AutomationMapper (shared map serializer),data/repository/CanonicalWorkflowMigrationRunner + database migrations (shared migration path; per-field migration not implied),core/execution compat/WorkflowRequirementCatalog + CommandCatalog + CommandRequirementCatalog; per-node resolution not statically evaluated,DECLARED_AND_RUNTIME_READ,See schema source; static literal extraction is incomplete,AutomationNodeCatalog stable id + persisted ActionType name; workflowVersion in Automation model,NOT_TRACED_BY_THIS_GATE,data/backup/BackupManager (generic workflow encoding; per-field import/export behavior not implied),NOT_TESTED
ACTION,DATA_HASH,inputPath,domain/src/main/java/com/nexaflow/domain/catalog/ActionNodeSchemas.kt (helper-or-derived),,domain/src/main/java/com/nexaflow/domain/workflow/DataTransforms.kt,feature/automation-builder/src/main/java/com/nexaflow/feature/builder/ActionConfigEditor.kt,,core/database Converters + data/mapper/AutomationMapper (shared map serializer),data/repository/CanonicalWorkflowMigrationRunner + database migrations (shared migration path; per-field migration not implied),core/execution compat/WorkflowRequirementCatalog + CommandCatalog + CommandRequirementCatalog; per-node resolution not statically evaluated,DECLARED_AND_RUNTIME_READ,See schema source; static literal extraction is incomplete,AutomationNodeCatalog stable id + persisted ActionType name; workflowVersion in Automation model,NOT_TRACED_BY_THIS_GATE,data/backup/BackupManager (generic workflow encoding; per-field import/export behavior not implied),NOT_TESTED
ACTION,DATA_HASH,max,domain/src/main/java/com/nexaflow/domain/catalog/ActionNodeSchemas.kt (helper-or-derived),NO_STATIC_MATCH,domain/src/main/java/com/nexaflow/domain/workflow/DataTransforms.kt,feature/automation-builder/src/main/java/com/nexaflow/feature/builder/ActionConfigEditor.kt,domain/src/test/java/com/nexaflow/domain/workflow/DataTransformsTest.kt,core/database Converters + data/mapper/AutomationMapper (shared map serializer),data/repository/CanonicalWorkflowMigrationRunner + database migrations (shared migration path; per-field migration not implied),core/execution compat/WorkflowRequirementCatalog + CommandCatalog + CommandRequirementCatalog; per-node resolution not statically evaluated,DECLARED_NO_STATIC_RUNTIME_READ,See schema source; static literal extraction is incomplete,AutomationNodeCatalog stable id + persisted ActionType name; workflowVersion in Automation model,NOT_TRACED_BY_THIS_GATE,data/backup/BackupManager (generic workflow encoding; per-field import/export behavior not implied),NOT_TESTED
ACTION,DATA_HASH,min,domain/src/main/java/com/nexaflow/domain/catalog/ActionNodeSchemas.kt (helper-or-derived),NO_STATIC_MATCH,domain/src/main/java/com/nexaflow/domain/workflow/DataTransforms.kt,feature/automation-builder/src/main/java/com/nexaflow/feature/builder/ActionConfigEditor.kt,domain/src/test/java/com/nexaflow/domain/workflow/DataTransformsTest.kt,core/database Converters + data/mapper/AutomationMapper (shared map serializer),data/repository/CanonicalWorkflowMigrationRunner + database migrations (shared migration path; per-field migration not implied),core/execution compat/WorkflowRequirementCatalog + CommandCatalog + CommandRequirementCatalog; per-node resolution not statically evaluated,DECLARED_NO_STATIC_RUNTIME_READ,See schema source; static literal extraction is incomplete,AutomationNodeCatalog stable id + persisted ActionType name; workflowVersion in Automation model,NOT_TRACED_BY_THIS_GATE,data/backup/BackupManager (generic workflow encoding; per-field import/export behavior not implied),NOT_TESTED
ACTION,DATA_HASH,operation,domain/src/main/java/com/nexaflow/domain/catalog/ActionNodeSchemas.kt (helper-or-derived),domain/src/main/java/com/nexaflow/domain/workflow/DataTransforms.kt,domain/src/main/java/com/nexaflow/domain/workflow/DataTransforms.kt,feature/automation-builder/src/main/java/com/nexaflow/feature/builder/ActionConfigEditor.kt,data/src/test/java/com/nexaflow/data/mapper/AutomationMapperTest.kt|domain/src/test/java/com/nexaflow/domain/workflow/DataTransformsTest.kt,core/database Converters + data/mapper/AutomationMapper (shared map serializer),data/repository/CanonicalWorkflowMigrationRunner + database migrations (shared migration path; per-field migration not implied),core/execution compat/WorkflowRequirementCatalog + CommandCatalog + CommandRequirementCatalog; per-node resolution not statically evaluated,DECLARED_AND_RUNTIME_READ,See schema source; static literal extraction is incomplete,AutomationNodeCatalog stable id + persisted ActionType name; workflowVersion in Automation model,NOT_TRACED_BY_THIS_GATE,data/backup/BackupManager (generic workflow encoding; per-field import/export behavior not implied),NOT_TESTED
ACTION,DATA_HASH,outputPath,domain/src/main/java/com/nexaflow/domain/catalog/ActionNodeSchemas.kt (helper-or-derived),domain/src/main/java/com/nexaflow/domain/workflow/DataTransforms.kt,domain/src/main/java/com/nexaflow/domain/workflow/DataTransforms.kt,feature/automation-builder/src/main/java/com/nexaflow/feature/builder/ActionConfigEditor.kt,,core/database Converters + data/mapper/AutomationMapper (shared map serializer),data/repository/CanonicalWorkflowMigrationRunner + database migrations (shared migration path; per-field migration not implied),core/execution compat/WorkflowRequirementCatalog + CommandCatalog + CommandRequirementCatalog; per-node resolution not statically evaluated,DECLARED_AND_RUNTIME_READ,See schema source; static literal extraction is incomplete,AutomationNodeCatalog stable id + persisted ActionType name; workflowVersion in Automation model,NOT_TRACED_BY_THIS_GATE,data/backup/BackupManager (generic workflow encoding; per-field import/export behavior not implied),NOT_TESTED
ACTION,DATA_HASH,replacement,domain/src/main/java/com/nexaflow/domain/catalog/ActionNodeSchemas.kt (helper-or-derived),domain/src/main/java/com/nexaflow/domain/workflow/DataTransforms.kt,domain/src/main/java/com/nexaflow/domain/workflow/DataTransforms.kt,feature/automation-builder/src/main/java/com/nexaflow/feature/builder/ActionConfigEditor.kt,domain/src/test/java/com/nexaflow/domain/workflow/DataTransformsTest.kt,core/database Converters + data/mapper/AutomationMapper (shared map serializer),data/repository/CanonicalWorkflowMigrationRunner + database migrations (shared migration path; per-field migration not implied),core/execution compat/WorkflowRequirementCatalog + CommandCatalog + CommandRequirementCatalog; per-node resolution not statically evaluated,DECLARED_AND_RUNTIME_READ,See schema source; static literal extraction is incomplete,AutomationNodeCatalog stable id + persisted ActionType name; workflowVersion in Automation model,NOT_TRACED_BY_THIS_GATE,data/backup/BackupManager (generic workflow encoding; per-field import/export behavior not implied),NOT_TESTED
ACTION,DATA_HASH,start,domain/src/main/java/com/nexaflow/domain/catalog/ActionNodeSchemas.kt (helper-or-derived),NO_STATIC_MATCH,domain/src/main/java/com/nexaflow/domain/workflow/DataTransforms.kt,feature/automation-builder/src/main/java/com/nexaflow/feature/builder/ActionConfigEditor.kt,domain/src/test/java/com/nexaflow/domain/workflow/DataTransformsTest.kt,core/database Converters + data/mapper/AutomationMapper (shared map serializer),data/repository/CanonicalWorkflowMigrationRunner + database migrations (shared migration path; per-field migration not implied),core/execution compat/WorkflowRequirementCatalog + CommandCatalog + CommandRequirementCatalog; per-node resolution not statically evaluated,DECLARED_NO_STATIC_RUNTIME_READ,See schema source; static literal extraction is incomplete,AutomationNodeCatalog stable id + persisted ActionType name; workflowVersion in Automation model,NOT_TRACED_BY_THIS_GATE,data/backup/BackupManager (generic workflow encoding; per-field import/export behavior not implied),NOT_TESTED
ACTION,DATA_HASH,zone,domain/src/main/java/com/nexaflow/domain/catalog/ActionNodeSchemas.kt (helper-or-derived),domain/src/main/java/com/nexaflow/domain/workflow/DataTransforms.kt,domain/src/main/java/com/nexaflow/domain/workflow/DataTransforms.kt,feature/automation-builder/src/main/java/com/nexaflow/feature/builder/ActionConfigEditor.kt,domain/src/test/java/com/nexaflow/domain/workflow/DataTransformsTest.kt,core/database Converters + data/mapper/AutomationMapper (shared map serializer),data/repository/CanonicalWorkflowMigrationRunner + database migrations (shared migration path; per-field migration not implied),core/execution compat/WorkflowRequirementCatalog + CommandCatalog + CommandRequirementCatalog; per-node resolution not statically evaluated,DECLARED_AND_RUNTIME_READ,See schema source; static literal extraction is incomplete,AutomationNodeCatalog stable id + persisted ActionType name; workflowVersion in Automation model,NOT_TRACED_BY_THIS_GATE,data/backup/BackupManager (generic workflow encoding; per-field import/export behavior not implied),NOT_TESTED
ACTION,DATA_RANDOM,argument,domain/src/main/java/com/nexaflow/domain/catalog/ActionNodeSchemas.kt (helper-or-derived),domain/src/main/java/com/nexaflow/domain/workflow/DataTransforms.kt,core/execution/src/main/java/com/nexaflow/core/execution/handler/DataActionsHandler.kt|domain/src/main/java/com/nexaflow/domain/workflow/DataTransforms.kt,feature/automation-builder/src/main/java/com/nexaflow/feature/builder/ActionConfigEditor.kt,core/execution/src/test/java/com/nexaflow/core/execution/handler/DataActionsHandlerTest.kt|domain/src/test/java/com/nexaflow/domain/workflow/DataTransformsTest.kt,core/database Converters + data/mapper/AutomationMapper (shared map serializer),data/repository/CanonicalWorkflowMigrationRunner + database migrations (shared migration path; per-field migration not implied),core/execution compat/WorkflowRequirementCatalog + CommandCatalog + CommandRequirementCatalog; per-node resolution not statically evaluated,DECLARED_AND_RUNTIME_READ,See schema source; static literal extraction is incomplete,AutomationNodeCatalog stable id + persisted ActionType name; workflowVersion in Automation model,NOT_TRACED_BY_THIS_GATE,data/backup/BackupManager (generic workflow encoding; per-field import/export behavior not implied),NOT_TESTED
ACTION,DATA_RANDOM,end,domain/src/main/java/com/nexaflow/domain/catalog/ActionNodeSchemas.kt (helper-or-derived),NO_STATIC_MATCH,core/execution/src/main/java/com/nexaflow/core/execution/handler/DataActionsHandler.kt|domain/src/main/java/com/nexaflow/domain/workflow/DataTransforms.kt,feature/automation-builder/src/main/java/com/nexaflow/feature/builder/ActionConfigEditor.kt,domain/src/test/java/com/nexaflow/domain/workflow/DataTransformsTest.kt,core/database Converters + data/mapper/AutomationMapper (shared map serializer),data/repository/CanonicalWorkflowMigrationRunner + database migrations (shared migration path; per-field migration not implied),core/execution compat/WorkflowRequirementCatalog + CommandCatalog + CommandRequirementCatalog; per-node resolution not statically evaluated,DECLARED_NO_STATIC_RUNTIME_READ,See schema source; static literal extraction is incomplete,AutomationNodeCatalog stable id + persisted ActionType name; workflowVersion in Automation model,NOT_TRACED_BY_THIS_GATE,data/backup/BackupManager (generic workflow encoding; per-field import/export behavior not implied),NOT_TESTED
ACTION,DATA_RANDOM,input,domain/src/main/java/com/nexaflow/domain/catalog/ActionNodeSchemas.kt (helper-or-derived),core/execution/src/main/java/com/nexaflow/core/execution/handler/DataActionsHandler.kt|domain/src/main/java/com/nexaflow/domain/workflow/DataTransforms.kt,core/execution/src/main/java/com/nexaflow/core/execution/handler/DataActionsHandler.kt|domain/src/main/java/com/nexaflow/domain/workflow/DataTransforms.kt,feature/automation-builder/src/main/java/com/nexaflow/feature/builder/ActionConfigEditor.kt,core/execution/src/test/java/com/nexaflow/core/execution/handler/DataActionsHandlerTest.kt,core/database Converters + data/mapper/AutomationMapper (shared map serializer),data/repository/CanonicalWorkflowMigrationRunner + database migrations (shared migration path; per-field migration not implied),core/execution compat/WorkflowRequirementCatalog + CommandCatalog + CommandRequirementCatalog; per-node resolution not statically evaluated,DECLARED_AND_RUNTIME_READ,See schema source; static literal extraction is incomplete,AutomationNodeCatalog stable id + persisted ActionType name; workflowVersion in Automation model,NOT_TRACED_BY_THIS_GATE,data/backup/BackupManager (generic workflow encoding; per-field import/export behavior not implied),NOT_TESTED
ACTION,DATA_RANDOM,inputPath,domain/src/main/java/com/nexaflow/domain/catalog/ActionNodeSchemas.kt (helper-or-derived),core/execution/src/main/java/com/nexaflow/core/execution/handler/DataActionsHandler.kt,core/execution/src/main/java/com/nexaflow/core/execution/handler/DataActionsHandler.kt|domain/src/main/java/com/nexaflow/domain/workflow/DataTransforms.kt,feature/automation-builder/src/main/java/com/nexaflow/feature/builder/ActionConfigEditor.kt,core/execution/src/test/java/com/nexaflow/core/execution/handler/DataActionsHandlerTest.kt,core/database Converters + data/mapper/AutomationMapper (shared map serializer),data/repository/CanonicalWorkflowMigrationRunner + database migrations (shared migration path; per-field migration not implied),core/execution compat/WorkflowRequirementCatalog + CommandCatalog + CommandRequirementCatalog; per-node resolution not statically evaluated,DECLARED_AND_RUNTIME_READ,See schema source; static literal extraction is incomplete,AutomationNodeCatalog stable id + persisted ActionType name; workflowVersion in Automation model,NOT_TRACED_BY_THIS_GATE,data/backup/BackupManager (generic workflow encoding; per-field import/export behavior not implied),NOT_TESTED
ACTION,DATA_RANDOM,max,domain/src/main/java/com/nexaflow/domain/catalog/ActionNodeSchemas.kt (helper-or-derived),NO_STATIC_MATCH,core/execution/src/main/java/com/nexaflow/core/execution/handler/DataActionsHandler.kt|domain/src/main/java/com/nexaflow/domain/workflow/DataTransforms.kt,feature/automation-builder/src/main/java/com/nexaflow/feature/builder/ActionConfigEditor.kt,domain/src/test/java/com/nexaflow/domain/workflow/DataTransformsTest.kt,core/database Converters + data/mapper/AutomationMapper (shared map serializer),data/repository/CanonicalWorkflowMigrationRunner + database migrations (shared migration path; per-field migration not implied),core/execution compat/WorkflowRequirementCatalog + CommandCatalog + CommandRequirementCatalog; per-node resolution not statically evaluated,DECLARED_NO_STATIC_RUNTIME_READ,See schema source; static literal extraction is incomplete,AutomationNodeCatalog stable id + persisted ActionType name; workflowVersion in Automation model,NOT_TRACED_BY_THIS_GATE,data/backup/BackupManager (generic workflow encoding; per-field import/export behavior not implied),NOT_TESTED
ACTION,DATA_RANDOM,min,domain/src/main/java/com/nexaflow/domain/catalog/ActionNodeSchemas.kt (helper-or-derived),NO_STATIC_MATCH,core/execution/src/main/java/com/nexaflow/core/execution/handler/DataActionsHandler.kt|domain/src/main/java/com/nexaflow/domain/workflow/DataTransforms.kt,feature/automation-builder/src/main/java/com/nexaflow/feature/builder/ActionConfigEditor.kt,domain/src/test/java/com/nexaflow/domain/workflow/DataTransformsTest.kt,core/database Converters + data/mapper/AutomationMapper (shared map serializer),data/repository/CanonicalWorkflowMigrationRunner + database migrations (shared migration path; per-field migration not implied),core/execution compat/WorkflowRequirementCatalog + CommandCatalog + CommandRequirementCatalog; per-node resolution not statically evaluated,DECLARED_NO_STATIC_RUNTIME_READ,See schema source; static literal extraction is incomplete,AutomationNodeCatalog stable id + persisted ActionType name; workflowVersion in Automation model,NOT_TRACED_BY_THIS_GATE,data/backup/BackupManager (generic workflow encoding; per-field import/export behavior not implied),NOT_TESTED
ACTION,DATA_RANDOM,operation,domain/src/main/java/com/nexaflow/domain/catalog/ActionNodeSchemas.kt (helper-or-derived),core/execution/src/main/java/com/nexaflow/core/execution/handler/DataActionsHandler.kt|domain/src/main/java/com/nexaflow/domain/workflow/DataTransforms.kt,core/execution/src/main/java/com/nexaflow/core/execution/handler/DataActionsHandler.kt|domain/src/main/java/com/nexaflow/domain/workflow/DataTransforms.kt,feature/automation-builder/src/main/java/com/nexaflow/feature/builder/ActionConfigEditor.kt,core/execution/src/test/java/com/nexaflow/core/execution/handler/DataActionsHandlerTest.kt|domain/src/test/java/com/nexaflow/domain/workflow/DataTransformsTest.kt,core/database Converters + data/mapper/AutomationMapper (shared map serializer),data/repository/CanonicalWorkflowMigrationRunner + database migrations (shared migration path; per-field migration not implied),core/execution compat/WorkflowRequirementCatalog + CommandCatalog + CommandRequirementCatalog; per-node resolution not statically evaluated,DECLARED_AND_RUNTIME_READ,See schema source; static literal extraction is incomplete,AutomationNodeCatalog stable id + persisted ActionType name; workflowVersion in Automation model,NOT_TRACED_BY_THIS_GATE,data/backup/BackupManager (generic workflow encoding; per-field import/export behavior not implied),NOT_TESTED
ACTION,DATA_RANDOM,outputPath,domain/src/main/java/com/nexaflow/domain/catalog/ActionNodeSchemas.kt (helper-or-derived),core/execution/src/main/java/com/nexaflow/core/execution/handler/DataActionsHandler.kt|domain/src/main/java/com/nexaflow/domain/workflow/DataTransforms.kt,core/execution/src/main/java/com/nexaflow/core/execution/handler/DataActionsHandler.kt|domain/src/main/java/com/nexaflow/domain/workflow/DataTransforms.kt,feature/automation-builder/src/main/java/com/nexaflow/feature/builder/ActionConfigEditor.kt,core/execution/src/test/java/com/nexaflow/core/execution/handler/DataActionsHandlerTest.kt,core/database Converters + data/mapper/AutomationMapper (shared map serializer),data/repository/CanonicalWorkflowMigrationRunner + database migrations (shared migration path; per-field migration not implied),core/execution compat/WorkflowRequirementCatalog + CommandCatalog + CommandRequirementCatalog; per-node resolution not statically evaluated,DECLARED_AND_RUNTIME_READ,See schema source; static literal extraction is incomplete,AutomationNodeCatalog stable id + persisted ActionType name; workflowVersion in Automation model,NOT_TRACED_BY_THIS_GATE,data/backup/BackupManager (generic workflow encoding; per-field import/export behavior not implied),NOT_TESTED
ACTION,DATA_RANDOM,replacement,domain/src/main/java/com/nexaflow/domain/catalog/ActionNodeSchemas.kt (helper-or-derived),domain/src/main/java/com/nexaflow/domain/workflow/DataTransforms.kt,core/execution/src/main/java/com/nexaflow/core/execution/handler/DataActionsHandler.kt|domain/src/main/java/com/nexaflow/domain/workflow/DataTransforms.kt,feature/automation-builder/src/main/java/com/nexaflow/feature/builder/ActionConfigEditor.kt,domain/src/test/java/com/nexaflow/domain/workflow/DataTransformsTest.kt,core/database Converters + data/mapper/AutomationMapper (shared map serializer),data/repository/CanonicalWorkflowMigrationRunner + database migrations (shared migration path; per-field migration not implied),core/execution compat/WorkflowRequirementCatalog + CommandCatalog + CommandRequirementCatalog; per-node resolution not statically evaluated,DECLARED_AND_RUNTIME_READ,See schema source; static literal extraction is incomplete,AutomationNodeCatalog stable id + persisted ActionType name; workflowVersion in Automation model,NOT_TRACED_BY_THIS_GATE,data/backup/BackupManager (generic workflow encoding; per-field import/export behavior not implied),NOT_TESTED
ACTION,DATA_RANDOM,start,domain/src/main/java/com/nexaflow/domain/catalog/ActionNodeSchemas.kt (helper-or-derived),NO_STATIC_MATCH,core/execution/src/main/java/com/nexaflow/core/execution/handler/DataActionsHandler.kt|domain/src/main/java/com/nexaflow/domain/workflow/DataTransforms.kt,feature/automation-builder/src/main/java/com/nexaflow/feature/builder/ActionConfigEditor.kt,domain/src/test/java/com/nexaflow/domain/workflow/DataTransformsTest.kt,core/database Converters + data/mapper/AutomationMapper (shared map serializer),data/repository/CanonicalWorkflowMigrationRunner + database migrations (shared migration path; per-field migration not implied),core/execution compat/WorkflowRequirementCatalog + CommandCatalog + CommandRequirementCatalog; per-node resolution not statically evaluated,DECLARED_NO_STATIC_RUNTIME_READ,See schema source; static literal extraction is incomplete,AutomationNodeCatalog stable id + persisted ActionType name; workflowVersion in Automation model,NOT_TRACED_BY_THIS_GATE,data/backup/BackupManager (generic workflow encoding; per-field import/export behavior not implied),NOT_TESTED
ACTION,DATA_RANDOM,zone,domain/src/main/java/com/nexaflow/domain/catalog/ActionNodeSchemas.kt (helper-or-derived),domain/src/main/java/com/nexaflow/domain/workflow/DataTransforms.kt,core/execution/src/main/java/com/nexaflow/core/execution/handler/DataActionsHandler.kt|domain/src/main/java/com/nexaflow/domain/workflow/DataTransforms.kt,feature/automation-builder/src/main/java/com/nexaflow/feature/builder/ActionConfigEditor.kt,domain/src/test/java/com/nexaflow/domain/workflow/DataTransformsTest.kt,core/database Converters + data/mapper/AutomationMapper (shared map serializer),data/repository/CanonicalWorkflowMigrationRunner + database migrations (shared migration path; per-field migration not implied),core/execution compat/WorkflowRequirementCatalog + CommandCatalog + CommandRequirementCatalog; per-node resolution not statically evaluated,DECLARED_AND_RUNTIME_READ,See schema source; static literal extraction is incomplete,AutomationNodeCatalog stable id + persisted ActionType name; workflowVersion in Automation model,NOT_TRACED_BY_THIS_GATE,data/backup/BackupManager (generic workflow encoding; per-field import/export behavior not implied),NOT_TESTED
ACTION,DATA_MATH,argument,domain/src/main/java/com/nexaflow/domain/catalog/ActionNodeSchemas.kt (helper-or-derived),domain/src/main/java/com/nexaflow/domain/workflow/DataTransforms.kt,domain/src/main/java/com/nexaflow/domain/workflow/DataTransforms.kt,feature/automation-builder/src/main/java/com/nexaflow/feature/builder/ActionConfigEditor.kt,core/execution/src/test/java/com/nexaflow/core/execution/handler/DataActionsHandlerTest.kt|domain/src/test/java/com/nexaflow/domain/workflow/DataTransformsTest.kt,core/database Converters + data/mapper/AutomationMapper (shared map serializer),data/repository/CanonicalWorkflowMigrationRunner + database migrations (shared migration path; per-field migration not implied),core/execution compat/WorkflowRequirementCatalog + CommandCatalog + CommandRequirementCatalog; per-node resolution not statically evaluated,DECLARED_AND_RUNTIME_READ,See schema source; static literal extraction is incomplete,AutomationNodeCatalog stable id + persisted ActionType name; workflowVersion in Automation model,NOT_TRACED_BY_THIS_GATE,data/backup/BackupManager (generic workflow encoding; per-field import/export behavior not implied),NOT_TESTED
ACTION,DATA_MATH,end,domain/src/main/java/com/nexaflow/domain/catalog/ActionNodeSchemas.kt (helper-or-derived),NO_STATIC_MATCH,domain/src/main/java/com/nexaflow/domain/workflow/DataTransforms.kt,feature/automation-builder/src/main/java/com/nexaflow/feature/builder/ActionConfigEditor.kt,domain/src/test/java/com/nexaflow/domain/workflow/DataTransformsTest.kt,core/database Converters + data/mapper/AutomationMapper (shared map serializer),data/repository/CanonicalWorkflowMigrationRunner + database migrations (shared migration path; per-field migration not implied),core/execution compat/WorkflowRequirementCatalog + CommandCatalog + CommandRequirementCatalog; per-node resolution not statically evaluated,DECLARED_NO_STATIC_RUNTIME_READ,See schema source; static literal extraction is incomplete,AutomationNodeCatalog stable id + persisted ActionType name; workflowVersion in Automation model,NOT_TRACED_BY_THIS_GATE,data/backup/BackupManager (generic workflow encoding; per-field import/export behavior not implied),NOT_TESTED
ACTION,DATA_MATH,input,domain/src/main/java/com/nexaflow/domain/catalog/ActionNodeSchemas.kt (helper-or-derived),domain/src/main/java/com/nexaflow/domain/workflow/DataTransforms.kt,domain/src/main/java/com/nexaflow/domain/workflow/DataTransforms.kt,feature/automation-builder/src/main/java/com/nexaflow/feature/builder/ActionConfigEditor.kt,core/execution/src/test/java/com/nexaflow/core/execution/handler/DataActionsHandlerTest.kt,core/database Converters + data/mapper/AutomationMapper (shared map serializer),data/repository/CanonicalWorkflowMigrationRunner + database migrations (shared migration path; per-field migration not implied),core/execution compat/WorkflowRequirementCatalog + CommandCatalog + CommandRequirementCatalog; per-node resolution not statically evaluated,DECLARED_AND_RUNTIME_READ,See schema source; static literal extraction is incomplete,AutomationNodeCatalog stable id + persisted ActionType name; workflowVersion in Automation model,NOT_TRACED_BY_THIS_GATE,data/backup/BackupManager (generic workflow encoding; per-field import/export behavior not implied),NOT_TESTED
ACTION,DATA_MATH,inputPath,domain/src/main/java/com/nexaflow/domain/catalog/ActionNodeSchemas.kt (helper-or-derived),,domain/src/main/java/com/nexaflow/domain/workflow/DataTransforms.kt,feature/automation-builder/src/main/java/com/nexaflow/feature/builder/ActionConfigEditor.kt,core/execution/src/test/java/com/nexaflow/core/execution/handler/DataActionsHandlerTest.kt,core/database Converters + data/mapper/AutomationMapper (shared map serializer),data/repository/CanonicalWorkflowMigrationRunner + database migrations (shared migration path; per-field migration not implied),core/execution compat/WorkflowRequirementCatalog + CommandCatalog + CommandRequirementCatalog; per-node resolution not statically evaluated,DECLARED_AND_RUNTIME_READ,See schema source; static literal extraction is incomplete,AutomationNodeCatalog stable id + persisted ActionType name; workflowVersion in Automation model,NOT_TRACED_BY_THIS_GATE,data/backup/BackupManager (generic workflow encoding; per-field import/export behavior not implied),NOT_TESTED
ACTION,DATA_MATH,max,domain/src/main/java/com/nexaflow/domain/catalog/ActionNodeSchemas.kt (helper-or-derived),NO_STATIC_MATCH,domain/src/main/java/com/nexaflow/domain/workflow/DataTransforms.kt,feature/automation-builder/src/main/java/com/nexaflow/feature/builder/ActionConfigEditor.kt,domain/src/test/java/com/nexaflow/domain/workflow/DataTransformsTest.kt,core/database Converters + data/mapper/AutomationMapper (shared map serializer),data/repository/CanonicalWorkflowMigrationRunner + database migrations (shared migration path; per-field migration not implied),core/execution compat/WorkflowRequirementCatalog + CommandCatalog + CommandRequirementCatalog; per-node resolution not statically evaluated,DECLARED_NO_STATIC_RUNTIME_READ,See schema source; static literal extraction is incomplete,AutomationNodeCatalog stable id + persisted ActionType name; workflowVersion in Automation model,NOT_TRACED_BY_THIS_GATE,data/backup/BackupManager (generic workflow encoding; per-field import/export behavior not implied),NOT_TESTED
ACTION,DATA_MATH,min,domain/src/main/java/com/nexaflow/domain/catalog/ActionNodeSchemas.kt (helper-or-derived),NO_STATIC_MATCH,domain/src/main/java/com/nexaflow/domain/workflow/DataTransforms.kt,feature/automation-builder/src/main/java/com/nexaflow/feature/builder/ActionConfigEditor.kt,domain/src/test/java/com/nexaflow/domain/workflow/DataTransformsTest.kt,core/database Converters + data/mapper/AutomationMapper (shared map serializer),data/repository/CanonicalWorkflowMigrationRunner + database migrations (shared migration path; per-field migration not implied),core/execution compat/WorkflowRequirementCatalog + CommandCatalog + CommandRequirementCatalog; per-node resolution not statically evaluated,DECLARED_NO_STATIC_RUNTIME_READ,See schema source; static literal extraction is incomplete,AutomationNodeCatalog stable id + persisted ActionType name; workflowVersion in Automation model,NOT_TRACED_BY_THIS_GATE,data/backup/BackupManager (generic workflow encoding; per-field import/export behavior not implied),NOT_TESTED
ACTION,DATA_MATH,operation,domain/src/main/java/com/nexaflow/domain/catalog/ActionNodeSchemas.kt (helper-or-derived),domain/src/main/java/com/nexaflow/domain/workflow/DataTransforms.kt,domain/src/main/java/com/nexaflow/domain/workflow/DataTransforms.kt,feature/automation-builder/src/main/java/com/nexaflow/feature/builder/ActionConfigEditor.kt,core/execution/src/test/java/com/nexaflow/core/execution/handler/DataActionsHandlerTest.kt|domain/src/test/java/com/nexaflow/domain/workflow/DataTransformsTest.kt,core/database Converters + data/mapper/AutomationMapper (shared map serializer),data/repository/CanonicalWorkflowMigrationRunner + database migrations (shared migration path; per-field migration not implied),core/execution compat/WorkflowRequirementCatalog + CommandCatalog + CommandRequirementCatalog; per-node resolution not statically evaluated,DECLARED_AND_RUNTIME_READ,See schema source; static literal extraction is incomplete,AutomationNodeCatalog stable id + persisted ActionType name; workflowVersion in Automation model,NOT_TRACED_BY_THIS_GATE,data/backup/BackupManager (generic workflow encoding; per-field import/export behavior not implied),NOT_TESTED
ACTION,DATA_MATH,outputPath,domain/src/main/java/com/nexaflow/domain/catalog/ActionNodeSchemas.kt (helper-or-derived),domain/src/main/java/com/nexaflow/domain/workflow/DataTransforms.kt,domain/src/main/java/com/nexaflow/domain/workflow/DataTransforms.kt,feature/automation-builder/src/main/java/com/nexaflow/feature/builder/ActionConfigEditor.kt,core/execution/src/test/java/com/nexaflow/core/execution/handler/DataActionsHandlerTest.kt,core/database Converters + data/mapper/AutomationMapper (shared map serializer),data/repository/CanonicalWorkflowMigrationRunner + database migrations (shared migration path; per-field migration not implied),core/execution compat/WorkflowRequirementCatalog + CommandCatalog + CommandRequirementCatalog; per-node resolution not statically evaluated,DECLARED_AND_RUNTIME_READ,See schema source; static literal extraction is incomplete,AutomationNodeCatalog stable id + persisted ActionType name; workflowVersion in Automation model,NOT_TRACED_BY_THIS_GATE,data/backup/BackupManager (generic workflow encoding; per-field import/export behavior not implied),NOT_TESTED
ACTION,DATA_MATH,replacement,domain/src/main/java/com/nexaflow/domain/catalog/ActionNodeSchemas.kt (helper-or-derived),domain/src/main/java/com/nexaflow/domain/workflow/DataTransforms.kt,domain/src/main/java/com/nexaflow/domain/workflow/DataTransforms.kt,feature/automation-builder/src/main/java/com/nexaflow/feature/builder/ActionConfigEditor.kt,domain/src/test/java/com/nexaflow/domain/workflow/DataTransformsTest.kt,core/database Converters + data/mapper/AutomationMapper (shared map serializer),data/repository/CanonicalWorkflowMigrationRunner + database migrations (shared migration path; per-field migration not implied),core/execution compat/WorkflowRequirementCatalog + CommandCatalog + CommandRequirementCatalog; per-node resolution not statically evaluated,DECLARED_AND_RUNTIME_READ,See schema source; static literal extraction is incomplete,AutomationNodeCatalog stable id + persisted ActionType name; workflowVersion in Automation model,NOT_TRACED_BY_THIS_GATE,data/backup/BackupManager (generic workflow encoding; per-field import/export behavior not implied),NOT_TESTED
ACTION,DATA_MATH,start,domain/src/main/java/com/nexaflow/domain/catalog/ActionNodeSchemas.kt (helper-or-derived),NO_STATIC_MATCH,domain/src/main/java/com/nexaflow/domain/workflow/DataTransforms.kt,feature/automation-builder/src/main/java/com/nexaflow/feature/builder/ActionConfigEditor.kt,domain/src/test/java/com/nexaflow/domain/workflow/DataTransformsTest.kt,core/database Converters + data/mapper/AutomationMapper (shared map serializer),data/repository/CanonicalWorkflowMigrationRunner + database migrations (shared migration path; per-field migration not implied),core/execution compat/WorkflowRequirementCatalog + CommandCatalog + CommandRequirementCatalog; per-node resolution not statically evaluated,DECLARED_NO_STATIC_RUNTIME_READ,See schema source; static literal extraction is incomplete,AutomationNodeCatalog stable id + persisted ActionType name; workflowVersion in Automation model,NOT_TRACED_BY_THIS_GATE,data/backup/BackupManager (generic workflow encoding; per-field import/export behavior not implied),NOT_TESTED
ACTION,DATA_MATH,zone,domain/src/main/java/com/nexaflow/domain/catalog/ActionNodeSchemas.kt (helper-or-derived),domain/src/main/java/com/nexaflow/domain/workflow/DataTransforms.kt,domain/src/main/java/com/nexaflow/domain/workflow/DataTransforms.kt,feature/automation-builder/src/main/java/com/nexaflow/feature/builder/ActionConfigEditor.kt,domain/src/test/java/com/nexaflow/domain/workflow/DataTransformsTest.kt,core/database Converters + data/mapper/AutomationMapper (shared map serializer),data/repository/CanonicalWorkflowMigrationRunner + database migrations (shared migration path; per-field migration not implied),core/execution compat/WorkflowRequirementCatalog + CommandCatalog + CommandRequirementCatalog; per-node resolution not statically evaluated,DECLARED_AND_RUNTIME_READ,See schema source; static literal extraction is incomplete,AutomationNodeCatalog stable id + persisted ActionType name; workflowVersion in Automation model,NOT_TRACED_BY_THIS_GATE,data/backup/BackupManager (generic workflow encoding; per-field import/export behavior not implied),NOT_TESTED
ACTION,DATA_DATE_TIME,argument,domain/src/main/java/com/nexaflow/domain/catalog/ActionNodeSchemas.kt (helper-or-derived),domain/src/main/java/com/nexaflow/domain/workflow/DataTransforms.kt,core/execution/src/main/java/com/nexaflow/core/execution/handler/DataActionsHandler.kt|domain/src/main/java/com/nexaflow/domain/workflow/DataTransforms.kt,feature/automation-builder/src/main/java/com/nexaflow/feature/builder/ActionConfigEditor.kt,domain/src/test/java/com/nexaflow/domain/workflow/DataTransformsTest.kt,core/database Converters + data/mapper/AutomationMapper (shared map serializer),data/repository/CanonicalWorkflowMigrationRunner + database migrations (shared migration path; per-field migration not implied),core/execution compat/WorkflowRequirementCatalog + CommandCatalog + CommandRequirementCatalog; per-node resolution not statically evaluated,DECLARED_AND_RUNTIME_READ,See schema source; static literal extraction is incomplete,AutomationNodeCatalog stable id + persisted ActionType name; workflowVersion in Automation model,NOT_TRACED_BY_THIS_GATE,data/backup/BackupManager (generic workflow encoding; per-field import/export behavior not implied),NOT_TESTED
ACTION,DATA_DATE_TIME,end,domain/src/main/java/com/nexaflow/domain/catalog/ActionNodeSchemas.kt (helper-or-derived),NO_STATIC_MATCH,core/execution/src/main/java/com/nexaflow/core/execution/handler/DataActionsHandler.kt|domain/src/main/java/com/nexaflow/domain/workflow/DataTransforms.kt,feature/automation-builder/src/main/java/com/nexaflow/feature/builder/ActionConfigEditor.kt,domain/src/test/java/com/nexaflow/domain/workflow/DataTransformsTest.kt,core/database Converters + data/mapper/AutomationMapper (shared map serializer),data/repository/CanonicalWorkflowMigrationRunner + database migrations (shared migration path; per-field migration not implied),core/execution compat/WorkflowRequirementCatalog + CommandCatalog + CommandRequirementCatalog; per-node resolution not statically evaluated,DECLARED_NO_STATIC_RUNTIME_READ,See schema source; static literal extraction is incomplete,AutomationNodeCatalog stable id + persisted ActionType name; workflowVersion in Automation model,NOT_TRACED_BY_THIS_GATE,data/backup/BackupManager (generic workflow encoding; per-field import/export behavior not implied),NOT_TESTED
ACTION,DATA_DATE_TIME,input,domain/src/main/java/com/nexaflow/domain/catalog/ActionNodeSchemas.kt (helper-or-derived),core/execution/src/main/java/com/nexaflow/core/execution/handler/DataActionsHandler.kt|domain/src/main/java/com/nexaflow/domain/workflow/DataTransforms.kt,core/execution/src/main/java/com/nexaflow/core/execution/handler/DataActionsHandler.kt|domain/src/main/java/com/nexaflow/domain/workflow/DataTransforms.kt,feature/automation-builder/src/main/java/com/nexaflow/feature/builder/ActionConfigEditor.kt,,core/database Converters + data/mapper/AutomationMapper (shared map serializer),data/repository/CanonicalWorkflowMigrationRunner + database migrations (shared migration path; per-field migration not implied),core/execution compat/WorkflowRequirementCatalog + CommandCatalog + CommandRequirementCatalog; per-node resolution not statically evaluated,DECLARED_AND_RUNTIME_READ,See schema source; static literal extraction is incomplete,AutomationNodeCatalog stable id + persisted ActionType name; workflowVersion in Automation model,NOT_TRACED_BY_THIS_GATE,data/backup/BackupManager (generic workflow encoding; per-field import/export behavior not implied),NOT_TESTED
ACTION,DATA_DATE_TIME,inputPath,domain/src/main/java/com/nexaflow/domain/catalog/ActionNodeSchemas.kt (helper-or-derived),core/execution/src/main/java/com/nexaflow/core/execution/handler/DataActionsHandler.kt,core/execution/src/main/java/com/nexaflow/core/execution/handler/DataActionsHandler.kt|domain/src/main/java/com/nexaflow/domain/workflow/DataTransforms.kt,feature/automation-builder/src/main/java/com/nexaflow/feature/builder/ActionConfigEditor.kt,,core/database Converters + data/mapper/AutomationMapper (shared map serializer),data/repository/CanonicalWorkflowMigrationRunner + database migrations (shared migration path; per-field migration not implied),core/execution compat/WorkflowRequirementCatalog + CommandCatalog + CommandRequirementCatalog; per-node resolution not statically evaluated,DECLARED_AND_RUNTIME_READ,See schema source; static literal extraction is incomplete,AutomationNodeCatalog stable id + persisted ActionType name; workflowVersion in Automation model,NOT_TRACED_BY_THIS_GATE,data/backup/BackupManager (generic workflow encoding; per-field import/export behavior not implied),NOT_TESTED
ACTION,DATA_DATE_TIME,max,domain/src/main/java/com/nexaflow/domain/catalog/ActionNodeSchemas.kt (helper-or-derived),NO_STATIC_MATCH,core/execution/src/main/java/com/nexaflow/core/execution/handler/DataActionsHandler.kt|domain/src/main/java/com/nexaflow/domain/workflow/DataTransforms.kt,feature/automation-builder/src/main/java/com/nexaflow/feature/builder/ActionConfigEditor.kt,domain/src/test/java/com/nexaflow/domain/workflow/DataTransformsTest.kt,core/database Converters + data/mapper/AutomationMapper (shared map serializer),data/repository/CanonicalWorkflowMigrationRunner + database migrations (shared migration path; per-field migration not implied),core/execution compat/WorkflowRequirementCatalog + CommandCatalog + CommandRequirementCatalog; per-node resolution not statically evaluated,DECLARED_NO_STATIC_RUNTIME_READ,See schema source; static literal extraction is incomplete,AutomationNodeCatalog stable id + persisted ActionType name; workflowVersion in Automation model,NOT_TRACED_BY_THIS_GATE,data/backup/BackupManager (generic workflow encoding; per-field import/export behavior not implied),NOT_TESTED
ACTION,DATA_DATE_TIME,min,domain/src/main/java/com/nexaflow/domain/catalog/ActionNodeSchemas.kt (helper-or-derived),NO_STATIC_MATCH,core/execution/src/main/java/com/nexaflow/core/execution/handler/DataActionsHandler.kt|domain/src/main/java/com/nexaflow/domain/workflow/DataTransforms.kt,feature/automation-builder/src/main/java/com/nexaflow/feature/builder/ActionConfigEditor.kt,domain/src/test/java/com/nexaflow/domain/workflow/DataTransformsTest.kt,core/database Converters + data/mapper/AutomationMapper (shared map serializer),data/repository/CanonicalWorkflowMigrationRunner + database migrations (shared migration path; per-field migration not implied),core/execution compat/WorkflowRequirementCatalog + CommandCatalog + CommandRequirementCatalog; per-node resolution not statically evaluated,DECLARED_NO_STATIC_RUNTIME_READ,See schema source; static literal extraction is incomplete,AutomationNodeCatalog stable id + persisted ActionType name; workflowVersion in Automation model,NOT_TRACED_BY_THIS_GATE,data/backup/BackupManager (generic workflow encoding; per-field import/export behavior not implied),NOT_TESTED
ACTION,DATA_DATE_TIME,operation,domain/src/main/java/com/nexaflow/domain/catalog/ActionNodeSchemas.kt (helper-or-derived),core/execution/src/main/java/com/nexaflow/core/execution/handler/DataActionsHandler.kt|domain/src/main/java/com/nexaflow/domain/workflow/DataTransforms.kt,core/execution/src/main/java/com/nexaflow/core/execution/handler/DataActionsHandler.kt|domain/src/main/java/com/nexaflow/domain/workflow/DataTransforms.kt,feature/automation-builder/src/main/java/com/nexaflow/feature/builder/ActionConfigEditor.kt,domain/src/test/java/com/nexaflow/domain/workflow/DataTransformsTest.kt,core/database Converters + data/mapper/AutomationMapper (shared map serializer),data/repository/CanonicalWorkflowMigrationRunner + database migrations (shared migration path; per-field migration not implied),core/execution compat/WorkflowRequirementCatalog + CommandCatalog + CommandRequirementCatalog; per-node resolution not statically evaluated,DECLARED_AND_RUNTIME_READ,See schema source; static literal extraction is incomplete,AutomationNodeCatalog stable id + persisted ActionType name; workflowVersion in Automation model,NOT_TRACED_BY_THIS_GATE,data/backup/BackupManager (generic workflow encoding; per-field import/export behavior not implied),NOT_TESTED
ACTION,DATA_DATE_TIME,outputPath,domain/src/main/java/com/nexaflow/domain/catalog/ActionNodeSchemas.kt (helper-or-derived),core/execution/src/main/java/com/nexaflow/core/execution/handler/DataActionsHandler.kt|domain/src/main/java/com/nexaflow/domain/workflow/DataTransforms.kt,core/execution/src/main/java/com/nexaflow/core/execution/handler/DataActionsHandler.kt|domain/src/main/java/com/nexaflow/domain/workflow/DataTransforms.kt,feature/automation-builder/src/main/java/com/nexaflow/feature/builder/ActionConfigEditor.kt,,core/database Converters + data/mapper/AutomationMapper (shared map serializer),data/repository/CanonicalWorkflowMigrationRunner + database migrations (shared migration path; per-field migration not implied),core/execution compat/WorkflowRequirementCatalog + CommandCatalog + CommandRequirementCatalog; per-node resolution not statically evaluated,DECLARED_AND_RUNTIME_READ,See schema source; static literal extraction is incomplete,AutomationNodeCatalog stable id + persisted ActionType name; workflowVersion in Automation model,NOT_TRACED_BY_THIS_GATE,data/backup/BackupManager (generic workflow encoding; per-field import/export behavior not implied),NOT_TESTED
ACTION,DATA_DATE_TIME,replacement,domain/src/main/java/com/nexaflow/domain/catalog/ActionNodeSchemas.kt (helper-or-derived),domain/src/main/java/com/nexaflow/domain/workflow/DataTransforms.kt,core/execution/src/main/java/com/nexaflow/core/execution/handler/DataActionsHandler.kt|domain/src/main/java/com/nexaflow/domain/workflow/DataTransforms.kt,feature/automation-builder/src/main/java/com/nexaflow/feature/builder/ActionConfigEditor.kt,domain/src/test/java/com/nexaflow/domain/workflow/DataTransformsTest.kt,core/database Converters + data/mapper/AutomationMapper (shared map serializer),data/repository/CanonicalWorkflowMigrationRunner + database migrations (shared migration path; per-field migration not implied),core/execution compat/WorkflowRequirementCatalog + CommandCatalog + CommandRequirementCatalog; per-node resolution not statically evaluated,DECLARED_AND_RUNTIME_READ,See schema source; static literal extraction is incomplete,AutomationNodeCatalog stable id + persisted ActionType name; workflowVersion in Automation model,NOT_TRACED_BY_THIS_GATE,data/backup/BackupManager (generic workflow encoding; per-field import/export behavior not implied),NOT_TESTED
ACTION,DATA_DATE_TIME,start,domain/src/main/java/com/nexaflow/domain/catalog/ActionNodeSchemas.kt (helper-or-derived),NO_STATIC_MATCH,core/execution/src/main/java/com/nexaflow/core/execution/handler/DataActionsHandler.kt|domain/src/main/java/com/nexaflow/domain/workflow/DataTransforms.kt,feature/automation-builder/src/main/java/com/nexaflow/feature/builder/ActionConfigEditor.kt,domain/src/test/java/com/nexaflow/domain/workflow/DataTransformsTest.kt,core/database Converters + data/mapper/AutomationMapper (shared map serializer),data/repository/CanonicalWorkflowMigrationRunner + database migrations (shared migration path; per-field migration not implied),core/execution compat/WorkflowRequirementCatalog + CommandCatalog + CommandRequirementCatalog; per-node resolution not statically evaluated,DECLARED_NO_STATIC_RUNTIME_READ,See schema source; static literal extraction is incomplete,AutomationNodeCatalog stable id + persisted ActionType name; workflowVersion in Automation model,NOT_TRACED_BY_THIS_GATE,data/backup/BackupManager (generic workflow encoding; per-field import/export behavior not implied),NOT_TESTED
ACTION,DATA_DATE_TIME,zone,domain/src/main/java/com/nexaflow/domain/catalog/ActionNodeSchemas.kt (helper-or-derived),domain/src/main/java/com/nexaflow/domain/workflow/DataTransforms.kt,core/execution/src/main/java/com/nexaflow/core/execution/handler/DataActionsHandler.kt|domain/src/main/java/com/nexaflow/domain/workflow/DataTransforms.kt,feature/automation-builder/src/main/java/com/nexaflow/feature/builder/ActionConfigEditor.kt,domain/src/test/java/com/nexaflow/domain/workflow/DataTransformsTest.kt,core/database Converters + data/mapper/AutomationMapper (shared map serializer),data/repository/CanonicalWorkflowMigrationRunner + database migrations (shared migration path; per-field migration not implied),core/execution compat/WorkflowRequirementCatalog + CommandCatalog + CommandRequirementCatalog; per-node resolution not statically evaluated,DECLARED_AND_RUNTIME_READ,See schema source; static literal extraction is incomplete,AutomationNodeCatalog stable id + persisted ActionType name; workflowVersion in Automation model,NOT_TRACED_BY_THIS_GATE,data/backup/BackupManager (generic workflow encoding; per-field import/export behavior not implied),NOT_TESTED
ACTION,DATA_JSON,argument,domain/src/main/java/com/nexaflow/domain/catalog/ActionNodeSchemas.kt (helper-or-derived),domain/src/main/java/com/nexaflow/domain/workflow/DataTransforms.kt,domain/src/main/java/com/nexaflow/domain/workflow/DataTransforms.kt,feature/automation-builder/src/main/java/com/nexaflow/feature/builder/ActionConfigEditor.kt,core/execution/src/test/java/com/nexaflow/core/execution/handler/DataActionsHandlerTest.kt|domain/src/test/java/com/nexaflow/domain/workflow/DataTransformsTest.kt,core/database Converters + data/mapper/AutomationMapper (shared map serializer),data/repository/CanonicalWorkflowMigrationRunner + database migrations (shared migration path; per-field migration not implied),core/execution compat/WorkflowRequirementCatalog + CommandCatalog + CommandRequirementCatalog; per-node resolution not statically evaluated,DECLARED_AND_RUNTIME_READ,See schema source; static literal extraction is incomplete,AutomationNodeCatalog stable id + persisted ActionType name; workflowVersion in Automation model,NOT_TRACED_BY_THIS_GATE,data/backup/BackupManager (generic workflow encoding; per-field import/export behavior not implied),NOT_TESTED
ACTION,DATA_JSON,end,domain/src/main/java/com/nexaflow/domain/catalog/ActionNodeSchemas.kt (helper-or-derived),NO_STATIC_MATCH,domain/src/main/java/com/nexaflow/domain/workflow/DataTransforms.kt,feature/automation-builder/src/main/java/com/nexaflow/feature/builder/ActionConfigEditor.kt,domain/src/test/java/com/nexaflow/domain/workflow/DataTransformsTest.kt,core/database Converters + data/mapper/AutomationMapper (shared map serializer),data/repository/CanonicalWorkflowMigrationRunner + database migrations (shared migration path; per-field migration not implied),core/execution compat/WorkflowRequirementCatalog + CommandCatalog + CommandRequirementCatalog; per-node resolution not statically evaluated,DECLARED_NO_STATIC_RUNTIME_READ,See schema source; static literal extraction is incomplete,AutomationNodeCatalog stable id + persisted ActionType name; workflowVersion in Automation model,NOT_TRACED_BY_THIS_GATE,data/backup/BackupManager (generic workflow encoding; per-field import/export behavior not implied),NOT_TESTED
ACTION,DATA_JSON,input,domain/src/main/java/com/nexaflow/domain/catalog/ActionNodeSchemas.kt (helper-or-derived),domain/src/main/java/com/nexaflow/domain/workflow/DataTransforms.kt,domain/src/main/java/com/nexaflow/domain/workflow/DataTransforms.kt,feature/automation-builder/src/main/java/com/nexaflow/feature/builder/ActionConfigEditor.kt,core/execution/src/test/java/com/nexaflow/core/execution/handler/DataActionsHandlerTest.kt,core/database Converters + data/mapper/AutomationMapper (shared map serializer),data/repository/CanonicalWorkflowMigrationRunner + database migrations (shared migration path; per-field migration not implied),core/execution compat/WorkflowRequirementCatalog + CommandCatalog + CommandRequirementCatalog; per-node resolution not statically evaluated,DECLARED_AND_RUNTIME_READ,See schema source; static literal extraction is incomplete,AutomationNodeCatalog stable id + persisted ActionType name; workflowVersion in Automation model,NOT_TRACED_BY_THIS_GATE,data/backup/BackupManager (generic workflow encoding; per-field import/export behavior not implied),NOT_TESTED
ACTION,DATA_JSON,inputPath,domain/src/main/java/com/nexaflow/domain/catalog/ActionNodeSchemas.kt (helper-or-derived),,domain/src/main/java/com/nexaflow/domain/workflow/DataTransforms.kt,feature/automation-builder/src/main/java/com/nexaflow/feature/builder/ActionConfigEditor.kt,core/execution/src/test/java/com/nexaflow/core/execution/handler/DataActionsHandlerTest.kt,core/database Converters + data/mapper/AutomationMapper (shared map serializer),data/repository/CanonicalWorkflowMigrationRunner + database migrations (shared migration path; per-field migration not implied),core/execution compat/WorkflowRequirementCatalog + CommandCatalog + CommandRequirementCatalog; per-node resolution not statically evaluated,DECLARED_AND_RUNTIME_READ,See schema source; static literal extraction is incomplete,AutomationNodeCatalog stable id + persisted ActionType name; workflowVersion in Automation model,NOT_TRACED_BY_THIS_GATE,data/backup/BackupManager (generic workflow encoding; per-field import/export behavior not implied),NOT_TESTED
ACTION,DATA_JSON,max,domain/src/main/java/com/nexaflow/domain/catalog/ActionNodeSchemas.kt (helper-or-derived),NO_STATIC_MATCH,domain/src/main/java/com/nexaflow/domain/workflow/DataTransforms.kt,feature/automation-builder/src/main/java/com/nexaflow/feature/builder/ActionConfigEditor.kt,domain/src/test/java/com/nexaflow/domain/workflow/DataTransformsTest.kt,core/database Converters + data/mapper/AutomationMapper (shared map serializer),data/repository/CanonicalWorkflowMigrationRunner + database migrations (shared migration path; per-field migration not implied),core/execution compat/WorkflowRequirementCatalog + CommandCatalog + CommandRequirementCatalog; per-node resolution not statically evaluated,DECLARED_NO_STATIC_RUNTIME_READ,See schema source; static literal extraction is incomplete,AutomationNodeCatalog stable id + persisted ActionType name; workflowVersion in Automation model,NOT_TRACED_BY_THIS_GATE,data/backup/BackupManager (generic workflow encoding; per-field import/export behavior not implied),NOT_TESTED
ACTION,DATA_JSON,min,domain/src/main/java/com/nexaflow/domain/catalog/ActionNodeSchemas.kt (helper-or-derived),NO_STATIC_MATCH,domain/src/main/java/com/nexaflow/domain/workflow/DataTransforms.kt,feature/automation-builder/src/main/java/com/nexaflow/feature/builder/ActionConfigEditor.kt,domain/src/test/java/com/nexaflow/domain/workflow/DataTransformsTest.kt,core/database Converters + data/mapper/AutomationMapper (shared map serializer),data/repository/CanonicalWorkflowMigrationRunner + database migrations (shared migration path; per-field migration not implied),core/execution compat/WorkflowRequirementCatalog + CommandCatalog + CommandRequirementCatalog; per-node resolution not statically evaluated,DECLARED_NO_STATIC_RUNTIME_READ,See schema source; static literal extraction is incomplete,AutomationNodeCatalog stable id + persisted ActionType name; workflowVersion in Automation model,NOT_TRACED_BY_THIS_GATE,data/backup/BackupManager (generic workflow encoding; per-field import/export behavior not implied),NOT_TESTED
ACTION,DATA_JSON,operation,domain/src/main/java/com/nexaflow/domain/catalog/ActionNodeSchemas.kt (helper-or-derived),domain/src/main/java/com/nexaflow/domain/workflow/DataTransforms.kt,domain/src/main/java/com/nexaflow/domain/workflow/DataTransforms.kt,feature/automation-builder/src/main/java/com/nexaflow/feature/builder/ActionConfigEditor.kt,core/execution/src/test/java/com/nexaflow/core/execution/handler/DataActionsHandlerTest.kt|domain/src/test/java/com/nexaflow/domain/workflow/DataTransformsTest.kt,core/database Converters + data/mapper/AutomationMapper (shared map serializer),data/repository/CanonicalWorkflowMigrationRunner + database migrations (shared migration path; per-field migration not implied),core/execution compat/WorkflowRequirementCatalog + CommandCatalog + CommandRequirementCatalog; per-node resolution not statically evaluated,DECLARED_AND_RUNTIME_READ,See schema source; static literal extraction is incomplete,AutomationNodeCatalog stable id + persisted ActionType name; workflowVersion in Automation model,NOT_TRACED_BY_THIS_GATE,data/backup/BackupManager (generic workflow encoding; per-field import/export behavior not implied),NOT_TESTED
ACTION,DATA_JSON,outputPath,domain/src/main/java/com/nexaflow/domain/catalog/ActionNodeSchemas.kt (helper-or-derived),domain/src/main/java/com/nexaflow/domain/workflow/DataTransforms.kt,domain/src/main/java/com/nexaflow/domain/workflow/DataTransforms.kt,feature/automation-builder/src/main/java/com/nexaflow/feature/builder/ActionConfigEditor.kt,core/execution/src/test/java/com/nexaflow/core/execution/handler/DataActionsHandlerTest.kt,core/database Converters + data/mapper/AutomationMapper (shared map serializer),data/repository/CanonicalWorkflowMigrationRunner + database migrations (shared migration path; per-field migration not implied),core/execution compat/WorkflowRequirementCatalog + CommandCatalog + CommandRequirementCatalog; per-node resolution not statically evaluated,DECLARED_AND_RUNTIME_READ,See schema source; static literal extraction is incomplete,AutomationNodeCatalog stable id + persisted ActionType name; workflowVersion in Automation model,NOT_TRACED_BY_THIS_GATE,data/backup/BackupManager (generic workflow encoding; per-field import/export behavior not implied),NOT_TESTED
ACTION,DATA_JSON,replacement,domain/src/main/java/com/nexaflow/domain/catalog/ActionNodeSchemas.kt (helper-or-derived),domain/src/main/java/com/nexaflow/domain/workflow/DataTransforms.kt,domain/src/main/java/com/nexaflow/domain/workflow/DataTransforms.kt,feature/automation-builder/src/main/java/com/nexaflow/feature/builder/ActionConfigEditor.kt,domain/src/test/java/com/nexaflow/domain/workflow/DataTransformsTest.kt,core/database Converters + data/mapper/AutomationMapper (shared map serializer),data/repository/CanonicalWorkflowMigrationRunner + database migrations (shared migration path; per-field migration not implied),core/execution compat/WorkflowRequirementCatalog + CommandCatalog + CommandRequirementCatalog; per-node resolution not statically evaluated,DECLARED_AND_RUNTIME_READ,See schema source; static literal extraction is incomplete,AutomationNodeCatalog stable id + persisted ActionType name; workflowVersion in Automation model,NOT_TRACED_BY_THIS_GATE,data/backup/BackupManager (generic workflow encoding; per-field import/export behavior not implied),NOT_TESTED
ACTION,DATA_JSON,start,domain/src/main/java/com/nexaflow/domain/catalog/ActionNodeSchemas.kt (helper-or-derived),NO_STATIC_MATCH,domain/src/main/java/com/nexaflow/domain/workflow/DataTransforms.kt,feature/automation-builder/src/main/java/com/nexaflow/feature/builder/ActionConfigEditor.kt,domain/src/test/java/com/nexaflow/domain/workflow/DataTransformsTest.kt,core/database Converters + data/mapper/AutomationMapper (shared map serializer),data/repository/CanonicalWorkflowMigrationRunner + database migrations (shared migration path; per-field migration not implied),core/execution compat/WorkflowRequirementCatalog + CommandCatalog + CommandRequirementCatalog; per-node resolution not statically evaluated,DECLARED_NO_STATIC_RUNTIME_READ,See schema source; static literal extraction is incomplete,AutomationNodeCatalog stable id + persisted ActionType name; workflowVersion in Automation model,NOT_TRACED_BY_THIS_GATE,data/backup/BackupManager (generic workflow encoding; per-field import/export behavior not implied),NOT_TESTED
ACTION,DATA_JSON,zone,domain/src/main/java/com/nexaflow/domain/catalog/ActionNodeSchemas.kt (helper-or-derived),domain/src/main/java/com/nexaflow/domain/workflow/DataTransforms.kt,domain/src/main/java/com/nexaflow/domain/workflow/DataTransforms.kt,feature/automation-builder/src/main/java/com/nexaflow/feature/builder/ActionConfigEditor.kt,domain/src/test/java/com/nexaflow/domain/workflow/DataTransformsTest.kt,core/database Converters + data/mapper/AutomationMapper (shared map serializer),data/repository/CanonicalWorkflowMigrationRunner + database migrations (shared migration path; per-field migration not implied),core/execution compat/WorkflowRequirementCatalog + CommandCatalog + CommandRequirementCatalog; per-node resolution not statically evaluated,DECLARED_AND_RUNTIME_READ,See schema source; static literal extraction is incomplete,AutomationNodeCatalog stable id + persisted ActionType name; workflowVersion in Automation model,NOT_TRACED_BY_THIS_GATE,data/backup/BackupManager (generic workflow encoding; per-field import/export behavior not implied),NOT_TESTED
ACTION,DATA_ARRAY,argument,domain/src/main/java/com/nexaflow/domain/catalog/ActionNodeSchemas.kt (helper-or-derived),domain/src/main/java/com/nexaflow/domain/workflow/DataTransforms.kt,domain/src/main/java/com/nexaflow/domain/workflow/DataTransforms.kt,feature/automation-builder/src/main/java/com/nexaflow/feature/builder/ActionConfigEditor.kt,core/execution/src/test/java/com/nexaflow/core/execution/handler/DataActionsHandlerTest.kt|domain/src/test/java/com/nexaflow/domain/workflow/DataTransformsTest.kt,core/database Converters + data/mapper/AutomationMapper (shared map serializer),data/repository/CanonicalWorkflowMigrationRunner + database migrations (shared migration path; per-field migration not implied),core/execution compat/WorkflowRequirementCatalog + CommandCatalog + CommandRequirementCatalog; per-node resolution not statically evaluated,DECLARED_AND_RUNTIME_READ,See schema source; static literal extraction is incomplete,AutomationNodeCatalog stable id + persisted ActionType name; workflowVersion in Automation model,NOT_TRACED_BY_THIS_GATE,data/backup/BackupManager (generic workflow encoding; per-field import/export behavior not implied),NOT_TESTED
ACTION,DATA_ARRAY,end,domain/src/main/java/com/nexaflow/domain/catalog/ActionNodeSchemas.kt (helper-or-derived),NO_STATIC_MATCH,domain/src/main/java/com/nexaflow/domain/workflow/DataTransforms.kt,feature/automation-builder/src/main/java/com/nexaflow/feature/builder/ActionConfigEditor.kt,domain/src/test/java/com/nexaflow/domain/workflow/DataTransformsTest.kt,core/database Converters + data/mapper/AutomationMapper (shared map serializer),data/repository/CanonicalWorkflowMigrationRunner + database migrations (shared migration path; per-field migration not implied),core/execution compat/WorkflowRequirementCatalog + CommandCatalog + CommandRequirementCatalog; per-node resolution not statically evaluated,DECLARED_NO_STATIC_RUNTIME_READ,See schema source; static literal extraction is incomplete,AutomationNodeCatalog stable id + persisted ActionType name; workflowVersion in Automation model,NOT_TRACED_BY_THIS_GATE,data/backup/BackupManager (generic workflow encoding; per-field import/export behavior not implied),NOT_TESTED
ACTION,DATA_ARRAY,input,domain/src/main/java/com/nexaflow/domain/catalog/ActionNodeSchemas.kt (helper-or-derived),domain/src/main/java/com/nexaflow/domain/workflow/DataTransforms.kt,domain/src/main/java/com/nexaflow/domain/workflow/DataTransforms.kt,feature/automation-builder/src/main/java/com/nexaflow/feature/builder/ActionConfigEditor.kt,core/execution/src/test/java/com/nexaflow/core/execution/handler/DataActionsHandlerTest.kt,core/database Converters + data/mapper/AutomationMapper (shared map serializer),data/repository/CanonicalWorkflowMigrationRunner + database migrations (shared migration path; per-field migration not implied),core/execution compat/WorkflowRequirementCatalog + CommandCatalog + CommandRequirementCatalog; per-node resolution not statically evaluated,DECLARED_AND_RUNTIME_READ,See schema source; static literal extraction is incomplete,AutomationNodeCatalog stable id + persisted ActionType name; workflowVersion in Automation model,NOT_TRACED_BY_THIS_GATE,data/backup/BackupManager (generic workflow encoding; per-field import/export behavior not implied),NOT_TESTED
ACTION,DATA_ARRAY,inputPath,domain/src/main/java/com/nexaflow/domain/catalog/ActionNodeSchemas.kt (helper-or-derived),,domain/src/main/java/com/nexaflow/domain/workflow/DataTransforms.kt,feature/automation-builder/src/main/java/com/nexaflow/feature/builder/ActionConfigEditor.kt,core/execution/src/test/java/com/nexaflow/core/execution/handler/DataActionsHandlerTest.kt,core/database Converters + data/mapper/AutomationMapper (shared map serializer),data/repository/CanonicalWorkflowMigrationRunner + database migrations (shared migration path; per-field migration not implied),core/execution compat/WorkflowRequirementCatalog + CommandCatalog + CommandRequirementCatalog; per-node resolution not statically evaluated,DECLARED_AND_RUNTIME_READ,See schema source; static literal extraction is incomplete,AutomationNodeCatalog stable id + persisted ActionType name; workflowVersion in Automation model,NOT_TRACED_BY_THIS_GATE,data/backup/BackupManager (generic workflow encoding; per-field import/export behavior not implied),NOT_TESTED
ACTION,DATA_ARRAY,max,domain/src/main/java/com/nexaflow/domain/catalog/ActionNodeSchemas.kt (helper-or-derived),NO_STATIC_MATCH,domain/src/main/java/com/nexaflow/domain/workflow/DataTransforms.kt,feature/automation-builder/src/main/java/com/nexaflow/feature/builder/ActionConfigEditor.kt,domain/src/test/java/com/nexaflow/domain/workflow/DataTransformsTest.kt,core/database Converters + data/mapper/AutomationMapper (shared map serializer),data/repository/CanonicalWorkflowMigrationRunner + database migrations (shared migration path; per-field migration not implied),core/execution compat/WorkflowRequirementCatalog + CommandCatalog + CommandRequirementCatalog; per-node resolution not statically evaluated,DECLARED_NO_STATIC_RUNTIME_READ,See schema source; static literal extraction is incomplete,AutomationNodeCatalog stable id + persisted ActionType name; workflowVersion in Automation model,NOT_TRACED_BY_THIS_GATE,data/backup/BackupManager (generic workflow encoding; per-field import/export behavior not implied),NOT_TESTED
ACTION,DATA_ARRAY,min,domain/src/main/java/com/nexaflow/domain/catalog/ActionNodeSchemas.kt (helper-or-derived),NO_STATIC_MATCH,domain/src/main/java/com/nexaflow/domain/workflow/DataTransforms.kt,feature/automation-builder/src/main/java/com/nexaflow/feature/builder/ActionConfigEditor.kt,domain/src/test/java/com/nexaflow/domain/workflow/DataTransformsTest.kt,core/database Converters + data/mapper/AutomationMapper (shared map serializer),data/repository/CanonicalWorkflowMigrationRunner + database migrations (shared migration path; per-field migration not implied),core/execution compat/WorkflowRequirementCatalog + CommandCatalog + CommandRequirementCatalog; per-node resolution not statically evaluated,DECLARED_NO_STATIC_RUNTIME_READ,See schema source; static literal extraction is incomplete,AutomationNodeCatalog stable id + persisted ActionType name; workflowVersion in Automation model,NOT_TRACED_BY_THIS_GATE,data/backup/BackupManager (generic workflow encoding; per-field import/export behavior not implied),NOT_TESTED
ACTION,DATA_ARRAY,operation,domain/src/main/java/com/nexaflow/domain/catalog/ActionNodeSchemas.kt (helper-or-derived),domain/src/main/java/com/nexaflow/domain/workflow/DataTransforms.kt,domain/src/main/java/com/nexaflow/domain/workflow/DataTransforms.kt,feature/automation-builder/src/main/java/com/nexaflow/feature/builder/ActionConfigEditor.kt,core/execution/src/test/java/com/nexaflow/core/execution/handler/DataActionsHandlerTest.kt|domain/src/test/java/com/nexaflow/domain/workflow/DataTransformsTest.kt,core/database Converters + data/mapper/AutomationMapper (shared map serializer),data/repository/CanonicalWorkflowMigrationRunner + database migrations (shared migration path; per-field migration not implied),core/execution compat/WorkflowRequirementCatalog + CommandCatalog + CommandRequirementCatalog; per-node resolution not statically evaluated,DECLARED_AND_RUNTIME_READ,See schema source; static literal extraction is incomplete,AutomationNodeCatalog stable id + persisted ActionType name; workflowVersion in Automation model,NOT_TRACED_BY_THIS_GATE,data/backup/BackupManager (generic workflow encoding; per-field import/export behavior not implied),NOT_TESTED
ACTION,DATA_ARRAY,outputPath,domain/src/main/java/com/nexaflow/domain/catalog/ActionNodeSchemas.kt (helper-or-derived),domain/src/main/java/com/nexaflow/domain/workflow/DataTransforms.kt,domain/src/main/java/com/nexaflow/domain/workflow/DataTransforms.kt,feature/automation-builder/src/main/java/com/nexaflow/feature/builder/ActionConfigEditor.kt,core/execution/src/test/java/com/nexaflow/core/execution/handler/DataActionsHandlerTest.kt,core/database Converters + data/mapper/AutomationMapper (shared map serializer),data/repository/CanonicalWorkflowMigrationRunner + database migrations (shared migration path; per-field migration not implied),core/execution compat/WorkflowRequirementCatalog + CommandCatalog + CommandRequirementCatalog; per-node resolution not statically evaluated,DECLARED_AND_RUNTIME_READ,See schema source; static literal extraction is incomplete,AutomationNodeCatalog stable id + persisted ActionType name; workflowVersion in Automation model,NOT_TRACED_BY_THIS_GATE,data/backup/BackupManager (generic workflow encoding; per-field import/export behavior not implied),NOT_TESTED
ACTION,DATA_ARRAY,replacement,domain/src/main/java/com/nexaflow/domain/catalog/ActionNodeSchemas.kt (helper-or-derived),domain/src/main/java/com/nexaflow/domain/workflow/DataTransforms.kt,domain/src/main/java/com/nexaflow/domain/workflow/DataTransforms.kt,feature/automation-builder/src/main/java/com/nexaflow/feature/builder/ActionConfigEditor.kt,domain/src/test/java/com/nexaflow/domain/workflow/DataTransformsTest.kt,core/database Converters + data/mapper/AutomationMapper (shared map serializer),data/repository/CanonicalWorkflowMigrationRunner + database migrations (shared migration path; per-field migration not implied),core/execution compat/WorkflowRequirementCatalog + CommandCatalog + CommandRequirementCatalog; per-node resolution not statically evaluated,DECLARED_AND_RUNTIME_READ,See schema source; static literal extraction is incomplete,AutomationNodeCatalog stable id + persisted ActionType name; workflowVersion in Automation model,NOT_TRACED_BY_THIS_GATE,data/backup/BackupManager (generic workflow encoding; per-field import/export behavior not implied),NOT_TESTED
ACTION,DATA_ARRAY,start,domain/src/main/java/com/nexaflow/domain/catalog/ActionNodeSchemas.kt (helper-or-derived),NO_STATIC_MATCH,domain/src/main/java/com/nexaflow/domain/workflow/DataTransforms.kt,feature/automation-builder/src/main/java/com/nexaflow/feature/builder/ActionConfigEditor.kt,domain/src/test/java/com/nexaflow/domain/workflow/DataTransformsTest.kt,core/database Converters + data/mapper/AutomationMapper (shared map serializer),data/repository/CanonicalWorkflowMigrationRunner + database migrations (shared migration path; per-field migration not implied),core/execution compat/WorkflowRequirementCatalog + CommandCatalog + CommandRequirementCatalog; per-node resolution not statically evaluated,DECLARED_NO_STATIC_RUNTIME_READ,See schema source; static literal extraction is incomplete,AutomationNodeCatalog stable id + persisted ActionType name; workflowVersion in Automation model,NOT_TRACED_BY_THIS_GATE,data/backup/BackupManager (generic workflow encoding; per-field import/export behavior not implied),NOT_TESTED
ACTION,DATA_ARRAY,zone,domain/src/main/java/com/nexaflow/domain/catalog/ActionNodeSchemas.kt (helper-or-derived),domain/src/main/java/com/nexaflow/domain/workflow/DataTransforms.kt,domain/src/main/java/com/nexaflow/domain/workflow/DataTransforms.kt,feature/automation-builder/src/main/java/com/nexaflow/feature/builder/ActionConfigEditor.kt,domain/src/test/java/com/nexaflow/domain/workflow/DataTransformsTest.kt,core/database Converters + data/mapper/AutomationMapper (shared map serializer),data/repository/CanonicalWorkflowMigrationRunner + database migrations (shared migration path; per-field migration not implied),core/execution compat/WorkflowRequirementCatalog + CommandCatalog + CommandRequirementCatalog; per-node resolution not statically evaluated,DECLARED_AND_RUNTIME_READ,See schema source; static literal extraction is incomplete,AutomationNodeCatalog stable id + persisted ActionType name; workflowVersion in Automation model,NOT_TRACED_BY_THIS_GATE,data/backup/BackupManager (generic workflow encoding; per-field import/export behavior not implied),NOT_TESTED
