trigger,stage,candidate_source,evidence_status,trigger_source_files,device_verification
TIME,picker,feature/automation-builder/src/main/java/com/nexaflow/feature/builder/TriggerCatalogPresentation.kt|feature/automation-builder/src/main/java/com/nexaflow/feature/builder/BuilderActionCatalog.kt,SHARED_OWNER_CANDIDATE_REQUIRES_NODE_REVIEW,core/automation-engine/src/main/java/com/nexaflow/core/engine/AutomationAlarmReceiver.kt|core/automation-engine/src/main/java/com/nexaflow/core/engine/AutomationScheduler.kt,NOT_TESTED
TIME,draft,feature/automation-builder/src/main/java/com/nexaflow/feature/builder/AutomationBuilderScreen.kt|feature/automation-builder/src/main/java/com/nexaflow/feature/builder/TriggerEditorCard.kt|feature/automation-builder/src/main/java/com/nexaflow/feature/builder/ActionConfigEditor.kt,SHARED_OWNER_CANDIDATE_REQUIRES_NODE_REVIEW,core/automation-engine/src/main/java/com/nexaflow/core/engine/AutomationAlarmReceiver.kt|core/automation-engine/src/main/java/com/nexaflow/core/engine/AutomationScheduler.kt,NOT_TESTED
TIME,ui_validation,domain/src/main/java/com/nexaflow/domain/catalog/NodeConfigurationValidator.kt|feature/automation-builder/src/main/java/com/nexaflow/feature/builder/AutomationBuilderViewModel.kt,SHARED_OWNER_CANDIDATE_REQUIRES_NODE_REVIEW,core/automation-engine/src/main/java/com/nexaflow/core/engine/AutomationAlarmReceiver.kt|core/automation-engine/src/main/java/com/nexaflow/core/engine/AutomationScheduler.kt,NOT_TESTED
TIME,save,feature/automation-builder/src/main/java/com/nexaflow/feature/builder/AutomationBuilderViewModel.kt|data/src/main/java/com/nexaflow/data/repository/AutomationRepositoryImpl.kt,SHARED_OWNER_CANDIDATE_REQUIRES_NODE_REVIEW,core/automation-engine/src/main/java/com/nexaflow/core/engine/AutomationAlarmReceiver.kt|core/automation-engine/src/main/java/com/nexaflow/core/engine/AutomationScheduler.kt,NOT_TESTED
TIME,room_serialization,core/database/src/main/java/com/nexaflow/core/database/Converters.kt|data/src/main/java/com/nexaflow/data/mapper/AutomationMapper.kt,SHARED_OWNER_CANDIDATE_REQUIRES_NODE_REVIEW,core/automation-engine/src/main/java/com/nexaflow/core/engine/AutomationAlarmReceiver.kt|core/automation-engine/src/main/java/com/nexaflow/core/engine/AutomationScheduler.kt,NOT_TESTED
TIME,migration,data/src/main/java/com/nexaflow/data/repository/CanonicalWorkflowMigrationRunner.kt,SHARED_OWNER_CANDIDATE_REQUIRES_NODE_REVIEW,core/automation-engine/src/main/java/com/nexaflow/core/engine/AutomationAlarmReceiver.kt|core/automation-engine/src/main/java/com/nexaflow/core/engine/AutomationScheduler.kt,NOT_TESTED
TIME,reload,data/src/main/java/com/nexaflow/data/mapper/AutomationMapper.kt|data/src/main/java/com/nexaflow/data/repository/AutomationRepositoryImpl.kt,SHARED_OWNER_CANDIDATE_REQUIRES_NODE_REVIEW,core/automation-engine/src/main/java/com/nexaflow/core/engine/AutomationAlarmReceiver.kt|core/automation-engine/src/main/java/com/nexaflow/core/engine/AutomationScheduler.kt,NOT_TESTED
TIME,admission,core/automation-engine/src/main/java/com/nexaflow/core/engine/TriggerIndex.kt|core/execution/src/main/java/com/nexaflow/core/execution/ExecutionEngine.kt,SHARED_OWNER_CANDIDATE_REQUIRES_NODE_REVIEW,core/automation-engine/src/main/java/com/nexaflow/core/engine/AutomationAlarmReceiver.kt|core/automation-engine/src/main/java/com/nexaflow/core/engine/AutomationScheduler.kt,NOT_TESTED
TIME,dispatch,core/automation-engine/src/main/java/com/nexaflow/core/engine/TriggerIndex.kt|core/execution/src/main/java/com/nexaflow/core/execution/handler/ActionRegistry.kt|core/execution/src/main/java/com/nexaflow/core/execution/workflow/WorkflowInterpreter.kt,SHARED_OWNER_CANDIDATE_REQUIRES_NODE_REVIEW,core/automation-engine/src/main/java/com/nexaflow/core/engine/AutomationAlarmReceiver.kt|core/automation-engine/src/main/java/com/nexaflow/core/engine/AutomationScheduler.kt,NOT_TESTED
TIME,read_back,core/execution/src/main/java/com/nexaflow/core/execution/DeviceStateSnapshot.kt|domain/src/main/java/com/nexaflow/domain/models/ExecutionRecord.kt,SHARED_OWNER_CANDIDATE_REQUIRES_NODE_REVIEW,core/automation-engine/src/main/java/com/nexaflow/core/engine/AutomationAlarmReceiver.kt|core/automation-engine/src/main/java/com/nexaflow/core/engine/AutomationScheduler.kt,NOT_TESTED
TIME,exit,core/execution/src/main/java/com/nexaflow/core/execution/ExecutionEngine.kt,SHARED_OWNER_CANDIDATE_REQUIRES_NODE_REVIEW,core/automation-engine/src/main/java/com/nexaflow/core/engine/AutomationAlarmReceiver.kt|core/automation-engine/src/main/java/com/nexaflow/core/engine/AutomationScheduler.kt,NOT_TESTED
TIME,history,data/src/main/java/com/nexaflow/data/repository/HistoryRepositoryImpl.kt|core/execution/src/main/java/com/nexaflow/core/execution/ExecutionEngine.kt,SHARED_OWNER_CANDIDATE_REQUIRES_NODE_REVIEW,core/automation-engine/src/main/java/com/nexaflow/core/engine/AutomationAlarmReceiver.kt|core/automation-engine/src/main/java/com/nexaflow/core/engine/AutomationScheduler.kt,NOT_TESTED
TIME,recovery,core/datastore/src/main/java/com/nexaflow/core/datastore/ActiveExecutionStore.kt|core/execution/src/main/java/com/nexaflow/core/execution/recovery/ExecutionRecoveryCoordinator.kt,SHARED_OWNER_CANDIDATE_REQUIRES_NODE_REVIEW,core/automation-engine/src/main/java/com/nexaflow/core/engine/AutomationAlarmReceiver.kt|core/automation-engine/src/main/java/com/nexaflow/core/engine/AutomationScheduler.kt,NOT_TESTED
TIME,import_export,data/src/main/java/com/nexaflow/data/backup/BackupManager.kt,SHARED_OWNER_CANDIDATE_REQUIRES_NODE_REVIEW,core/automation-engine/src/main/java/com/nexaflow/core/engine/AutomationAlarmReceiver.kt|core/automation-engine/src/main/java/com/nexaflow/core/engine/AutomationScheduler.kt,NOT_TESTED
TIME,identity_version,domain/src/main/java/com/nexaflow/domain/catalog/AutomationNodeCatalog.kt|domain/src/main/java/com/nexaflow/domain/models/Automation.kt,SHARED_OWNER_CANDIDATE_REQUIRES_NODE_REVIEW,core/automation-engine/src/main/java/com/nexaflow/core/engine/AutomationAlarmReceiver.kt|core/automation-engine/src/main/java/com/nexaflow/core/engine/AutomationScheduler.kt,NOT_TESTED
BATTERY,picker,feature/automation-builder/src/main/java/com/nexaflow/feature/builder/TriggerCatalogPresentation.kt|feature/automation-builder/src/main/java/com/nexaflow/feature/builder/BuilderActionCatalog.kt,SHARED_OWNER_CANDIDATE_REQUIRES_NODE_REVIEW,core/automation-engine/src/main/java/com/nexaflow/core/engine/BatteryMonitor.kt|core/automation-engine/src/main/java/com/nexaflow/core/engine/SettingsStateMonitor.kt,NOT_TESTED
BATTERY,draft,feature/automation-builder/src/main/java/com/nexaflow/feature/builder/AutomationBuilderScreen.kt|feature/automation-builder/src/main/java/com/nexaflow/feature/builder/TriggerEditorCard.kt|feature/automation-builder/src/main/java/com/nexaflow/feature/builder/ActionConfigEditor.kt,SHARED_OWNER_CANDIDATE_REQUIRES_NODE_REVIEW,core/automation-engine/src/main/java/com/nexaflow/core/engine/BatteryMonitor.kt|core/automation-engine/src/main/java/com/nexaflow/core/engine/SettingsStateMonitor.kt,NOT_TESTED
BATTERY,ui_validation,domain/src/main/java/com/nexaflow/domain/catalog/NodeConfigurationValidator.kt|feature/automation-builder/src/main/java/com/nexaflow/feature/builder/AutomationBuilderViewModel.kt,SHARED_OWNER_CANDIDATE_REQUIRES_NODE_REVIEW,core/automation-engine/src/main/java/com/nexaflow/core/engine/BatteryMonitor.kt|core/automation-engine/src/main/java/com/nexaflow/core/engine/SettingsStateMonitor.kt,NOT_TESTED
BATTERY,save,feature/automation-builder/src/main/java/com/nexaflow/feature/builder/AutomationBuilderViewModel.kt|data/src/main/java/com/nexaflow/data/repository/AutomationRepositoryImpl.kt,SHARED_OWNER_CANDIDATE_REQUIRES_NODE_REVIEW,core/automation-engine/src/main/java/com/nexaflow/core/engine/BatteryMonitor.kt|core/automation-engine/src/main/java/com/nexaflow/core/engine/SettingsStateMonitor.kt,NOT_TESTED
BATTERY,room_serialization,core/database/src/main/java/com/nexaflow/core/database/Converters.kt|data/src/main/java/com/nexaflow/data/mapper/AutomationMapper.kt,SHARED_OWNER_CANDIDATE_REQUIRES_NODE_REVIEW,core/automation-engine/src/main/java/com/nexaflow/core/engine/BatteryMonitor.kt|core/automation-engine/src/main/java/com/nexaflow/core/engine/SettingsStateMonitor.kt,NOT_TESTED
BATTERY,migration,data/src/main/java/com/nexaflow/data/repository/CanonicalWorkflowMigrationRunner.kt,SHARED_OWNER_CANDIDATE_REQUIRES_NODE_REVIEW,core/automation-engine/src/main/java/com/nexaflow/core/engine/BatteryMonitor.kt|core/automation-engine/src/main/java/com/nexaflow/core/engine/SettingsStateMonitor.kt,NOT_TESTED
BATTERY,reload,data/src/main/java/com/nexaflow/data/mapper/AutomationMapper.kt|data/src/main/java/com/nexaflow/data/repository/AutomationRepositoryImpl.kt,SHARED_OWNER_CANDIDATE_REQUIRES_NODE_REVIEW,core/automation-engine/src/main/java/com/nexaflow/core/engine/BatteryMonitor.kt|core/automation-engine/src/main/java/com/nexaflow/core/engine/SettingsStateMonitor.kt,NOT_TESTED
BATTERY,admission,core/automation-engine/src/main/java/com/nexaflow/core/engine/TriggerIndex.kt|core/execution/src/main/java/com/nexaflow/core/execution/ExecutionEngine.kt,SHARED_OWNER_CANDIDATE_REQUIRES_NODE_REVIEW,core/automation-engine/src/main/java/com/nexaflow/core/engine/BatteryMonitor.kt|core/automation-engine/src/main/java/com/nexaflow/core/engine/SettingsStateMonitor.kt,NOT_TESTED
BATTERY,dispatch,core/automation-engine/src/main/java/com/nexaflow/core/engine/TriggerIndex.kt|core/execution/src/main/java/com/nexaflow/core/execution/handler/ActionRegistry.kt|core/execution/src/main/java/com/nexaflow/core/execution/workflow/WorkflowInterpreter.kt,SHARED_OWNER_CANDIDATE_REQUIRES_NODE_REVIEW,core/automation-engine/src/main/java/com/nexaflow/core/engine/BatteryMonitor.kt|core/automation-engine/src/main/java/com/nexaflow/core/engine/SettingsStateMonitor.kt,NOT_TESTED
BATTERY,read_back,core/execution/src/main/java/com/nexaflow/core/execution/DeviceStateSnapshot.kt|domain/src/main/java/com/nexaflow/domain/models/ExecutionRecord.kt,SHARED_OWNER_CANDIDATE_REQUIRES_NODE_REVIEW,core/automation-engine/src/main/java/com/nexaflow/core/engine/BatteryMonitor.kt|core/automation-engine/src/main/java/com/nexaflow/core/engine/SettingsStateMonitor.kt,NOT_TESTED
BATTERY,exit,core/execution/src/main/java/com/nexaflow/core/execution/ExecutionEngine.kt,SHARED_OWNER_CANDIDATE_REQUIRES_NODE_REVIEW,core/automation-engine/src/main/java/com/nexaflow/core/engine/BatteryMonitor.kt|core/automation-engine/src/main/java/com/nexaflow/core/engine/SettingsStateMonitor.kt,NOT_TESTED
BATTERY,history,data/src/main/java/com/nexaflow/data/repository/HistoryRepositoryImpl.kt|core/execution/src/main/java/com/nexaflow/core/execution/ExecutionEngine.kt,SHARED_OWNER_CANDIDATE_REQUIRES_NODE_REVIEW,core/automation-engine/src/main/java/com/nexaflow/core/engine/BatteryMonitor.kt|core/automation-engine/src/main/java/com/nexaflow/core/engine/SettingsStateMonitor.kt,NOT_TESTED
BATTERY,recovery,core/datastore/src/main/java/com/nexaflow/core/datastore/ActiveExecutionStore.kt|core/execution/src/main/java/com/nexaflow/core/execution/recovery/ExecutionRecoveryCoordinator.kt,SHARED_OWNER_CANDIDATE_REQUIRES_NODE_REVIEW,core/automation-engine/src/main/java/com/nexaflow/core/engine/BatteryMonitor.kt|core/automation-engine/src/main/java/com/nexaflow/core/engine/SettingsStateMonitor.kt,NOT_TESTED
BATTERY,import_export,data/src/main/java/com/nexaflow/data/backup/BackupManager.kt,SHARED_OWNER_CANDIDATE_REQUIRES_NODE_REVIEW,core/automation-engine/src/main/java/com/nexaflow/core/engine/BatteryMonitor.kt|core/automation-engine/src/main/java/com/nexaflow/core/engine/SettingsStateMonitor.kt,NOT_TESTED
BATTERY,identity_version,domain/src/main/java/com/nexaflow/domain/catalog/AutomationNodeCatalog.kt|domain/src/main/java/com/nexaflow/domain/models/Automation.kt,SHARED_OWNER_CANDIDATE_REQUIRES_NODE_REVIEW,core/automation-engine/src/main/java/com/nexaflow/core/engine/BatteryMonitor.kt|core/automation-engine/src/main/java/com/nexaflow/core/engine/SettingsStateMonitor.kt,NOT_TESTED
APPLICATION,picker,feature/automation-builder/src/main/java/com/nexaflow/feature/builder/TriggerCatalogPresentation.kt|feature/automation-builder/src/main/java/com/nexaflow/feature/builder/BuilderActionCatalog.kt,SHARED_OWNER_CANDIDATE_REQUIRES_NODE_REVIEW,core/automation-engine/src/main/java/com/nexaflow/core/engine/AppTriggerAccessibilityService.kt,NOT_TESTED
APPLICATION,draft,feature/automation-builder/src/main/java/com/nexaflow/feature/builder/AutomationBuilderScreen.kt|feature/automation-builder/src/main/java/com/nexaflow/feature/builder/TriggerEditorCard.kt|feature/automation-builder/src/main/java/com/nexaflow/feature/builder/ActionConfigEditor.kt,SHARED_OWNER_CANDIDATE_REQUIRES_NODE_REVIEW,core/automation-engine/src/main/java/com/nexaflow/core/engine/AppTriggerAccessibilityService.kt,NOT_TESTED
APPLICATION,ui_validation,domain/src/main/java/com/nexaflow/domain/catalog/NodeConfigurationValidator.kt|feature/automation-builder/src/main/java/com/nexaflow/feature/builder/AutomationBuilderViewModel.kt,SHARED_OWNER_CANDIDATE_REQUIRES_NODE_REVIEW,core/automation-engine/src/main/java/com/nexaflow/core/engine/AppTriggerAccessibilityService.kt,NOT_TESTED
APPLICATION,save,feature/automation-builder/src/main/java/com/nexaflow/feature/builder/AutomationBuilderViewModel.kt|data/src/main/java/com/nexaflow/data/repository/AutomationRepositoryImpl.kt,SHARED_OWNER_CANDIDATE_REQUIRES_NODE_REVIEW,core/automation-engine/src/main/java/com/nexaflow/core/engine/AppTriggerAccessibilityService.kt,NOT_TESTED
APPLICATION,room_serialization,core/database/src/main/java/com/nexaflow/core/database/Converters.kt|data/src/main/java/com/nexaflow/data/mapper/AutomationMapper.kt,SHARED_OWNER_CANDIDATE_REQUIRES_NODE_REVIEW,core/automation-engine/src/main/java/com/nexaflow/core/engine/AppTriggerAccessibilityService.kt,NOT_TESTED
APPLICATION,migration,data/src/main/java/com/nexaflow/data/repository/CanonicalWorkflowMigrationRunner.kt,SHARED_OWNER_CANDIDATE_REQUIRES_NODE_REVIEW,core/automation-engine/src/main/java/com/nexaflow/core/engine/AppTriggerAccessibilityService.kt,NOT_TESTED
APPLICATION,reload,data/src/main/java/com/nexaflow/data/mapper/AutomationMapper.kt|data/src/main/java/com/nexaflow/data/repository/AutomationRepositoryImpl.kt,SHARED_OWNER_CANDIDATE_REQUIRES_NODE_REVIEW,core/automation-engine/src/main/java/com/nexaflow/core/engine/AppTriggerAccessibilityService.kt,NOT_TESTED
APPLICATION,admission,core/automation-engine/src/main/java/com/nexaflow/core/engine/TriggerIndex.kt|core/execution/src/main/java/com/nexaflow/core/execution/ExecutionEngine.kt,SHARED_OWNER_CANDIDATE_REQUIRES_NODE_REVIEW,core/automation-engine/src/main/java/com/nexaflow/core/engine/AppTriggerAccessibilityService.kt,NOT_TESTED
APPLICATION,dispatch,core/automation-engine/src/main/java/com/nexaflow/core/engine/TriggerIndex.kt|core/execution/src/main/java/com/nexaflow/core/execution/handler/ActionRegistry.kt|core/execution/src/main/java/com/nexaflow/core/execution/workflow/WorkflowInterpreter.kt,SHARED_OWNER_CANDIDATE_REQUIRES_NODE_REVIEW,core/automation-engine/src/main/java/com/nexaflow/core/engine/AppTriggerAccessibilityService.kt,NOT_TESTED
APPLICATION,read_back,core/execution/src/main/java/com/nexaflow/core/execution/DeviceStateSnapshot.kt|domain/src/main/java/com/nexaflow/domain/models/ExecutionRecord.kt,SHARED_OWNER_CANDIDATE_REQUIRES_NODE_REVIEW,core/automation-engine/src/main/java/com/nexaflow/core/engine/AppTriggerAccessibilityService.kt,NOT_TESTED
APPLICATION,exit,core/execution/src/main/java/com/nexaflow/core/execution/ExecutionEngine.kt,SHARED_OWNER_CANDIDATE_REQUIRES_NODE_REVIEW,core/automation-engine/src/main/java/com/nexaflow/core/engine/AppTriggerAccessibilityService.kt,NOT_TESTED
APPLICATION,history,data/src/main/java/com/nexaflow/data/repository/HistoryRepositoryImpl.kt|core/execution/src/main/java/com/nexaflow/core/execution/ExecutionEngine.kt,SHARED_OWNER_CANDIDATE_REQUIRES_NODE_REVIEW,core/automation-engine/src/main/java/com/nexaflow/core/engine/AppTriggerAccessibilityService.kt,NOT_TESTED
APPLICATION,recovery,core/datastore/src/main/java/com/nexaflow/core/datastore/ActiveExecutionStore.kt|core/execution/src/main/java/com/nexaflow/core/execution/recovery/ExecutionRecoveryCoordinator.kt,SHARED_OWNER_CANDIDATE_REQUIRES_NODE_REVIEW,core/automation-engine/src/main/java/com/nexaflow/core/engine/AppTriggerAccessibilityService.kt,NOT_TESTED
APPLICATION,import_export,data/src/main/java/com/nexaflow/data/backup/BackupManager.kt,SHARED_OWNER_CANDIDATE_REQUIRES_NODE_REVIEW,core/automation-engine/src/main/java/com/nexaflow/core/engine/AppTriggerAccessibilityService.kt,NOT_TESTED
APPLICATION,identity_version,domain/src/main/java/com/nexaflow/domain/catalog/AutomationNodeCatalog.kt|domain/src/main/java/com/nexaflow/domain/models/Automation.kt,SHARED_OWNER_CANDIDATE_REQUIRES_NODE_REVIEW,core/automation-engine/src/main/java/com/nexaflow/core/engine/AppTriggerAccessibilityService.kt,NOT_TESTED
DEVICE,picker,feature/automation-builder/src/main/java/com/nexaflow/feature/builder/TriggerCatalogPresentation.kt|feature/automation-builder/src/main/java/com/nexaflow/feature/builder/BuilderActionCatalog.kt,SHARED_OWNER_CANDIDATE_REQUIRES_NODE_REVIEW,core/automation-engine/src/main/java/com/nexaflow/core/engine/BluetoothMonitor.kt|core/automation-engine/src/main/java/com/nexaflow/core/engine/DeviceEventMonitor.kt,NOT_TESTED
DEVICE,draft,feature/automation-builder/src/main/java/com/nexaflow/feature/builder/AutomationBuilderScreen.kt|feature/automation-builder/src/main/java/com/nexaflow/feature/builder/TriggerEditorCard.kt|feature/automation-builder/src/main/java/com/nexaflow/feature/builder/ActionConfigEditor.kt,SHARED_OWNER_CANDIDATE_REQUIRES_NODE_REVIEW,core/automation-engine/src/main/java/com/nexaflow/core/engine/BluetoothMonitor.kt|core/automation-engine/src/main/java/com/nexaflow/core/engine/DeviceEventMonitor.kt,NOT_TESTED
DEVICE,ui_validation,domain/src/main/java/com/nexaflow/domain/catalog/NodeConfigurationValidator.kt|feature/automation-builder/src/main/java/com/nexaflow/feature/builder/AutomationBuilderViewModel.kt,SHARED_OWNER_CANDIDATE_REQUIRES_NODE_REVIEW,core/automation-engine/src/main/java/com/nexaflow/core/engine/BluetoothMonitor.kt|core/automation-engine/src/main/java/com/nexaflow/core/engine/DeviceEventMonitor.kt,NOT_TESTED
DEVICE,save,feature/automation-builder/src/main/java/com/nexaflow/feature/builder/AutomationBuilderViewModel.kt|data/src/main/java/com/nexaflow/data/repository/AutomationRepositoryImpl.kt,SHARED_OWNER_CANDIDATE_REQUIRES_NODE_REVIEW,core/automation-engine/src/main/java/com/nexaflow/core/engine/BluetoothMonitor.kt|core/automation-engine/src/main/java/com/nexaflow/core/engine/DeviceEventMonitor.kt,NOT_TESTED
DEVICE,room_serialization,core/database/src/main/java/com/nexaflow/core/database/Converters.kt|data/src/main/java/com/nexaflow/data/mapper/AutomationMapper.kt,SHARED_OWNER_CANDIDATE_REQUIRES_NODE_REVIEW,core/automation-engine/src/main/java/com/nexaflow/core/engine/BluetoothMonitor.kt|core/automation-engine/src/main/java/com/nexaflow/core/engine/DeviceEventMonitor.kt,NOT_TESTED
DEVICE,migration,data/src/main/java/com/nexaflow/data/repository/CanonicalWorkflowMigrationRunner.kt,SHARED_OWNER_CANDIDATE_REQUIRES_NODE_REVIEW,core/automation-engine/src/main/java/com/nexaflow/core/engine/BluetoothMonitor.kt|core/automation-engine/src/main/java/com/nexaflow/core/engine/DeviceEventMonitor.kt,NOT_TESTED
DEVICE,reload,data/src/main/java/com/nexaflow/data/mapper/AutomationMapper.kt|data/src/main/java/com/nexaflow/data/repository/AutomationRepositoryImpl.kt,SHARED_OWNER_CANDIDATE_REQUIRES_NODE_REVIEW,core/automation-engine/src/main/java/com/nexaflow/core/engine/BluetoothMonitor.kt|core/automation-engine/src/main/java/com/nexaflow/core/engine/DeviceEventMonitor.kt,NOT_TESTED
DEVICE,admission,core/automation-engine/src/main/java/com/nexaflow/core/engine/TriggerIndex.kt|core/execution/src/main/java/com/nexaflow/core/execution/ExecutionEngine.kt,SHARED_OWNER_CANDIDATE_REQUIRES_NODE_REVIEW,core/automation-engine/src/main/java/com/nexaflow/core/engine/BluetoothMonitor.kt|core/automation-engine/src/main/java/com/nexaflow/core/engine/DeviceEventMonitor.kt,NOT_TESTED
DEVICE,dispatch,core/automation-engine/src/main/java/com/nexaflow/core/engine/TriggerIndex.kt|core/execution/src/main/java/com/nexaflow/core/execution/handler/ActionRegistry.kt|core/execution/src/main/java/com/nexaflow/core/execution/workflow/WorkflowInterpreter.kt,SHARED_OWNER_CANDIDATE_REQUIRES_NODE_REVIEW,core/automation-engine/src/main/java/com/nexaflow/core/engine/BluetoothMonitor.kt|core/automation-engine/src/main/java/com/nexaflow/core/engine/DeviceEventMonitor.kt,NOT_TESTED
DEVICE,read_back,core/execution/src/main/java/com/nexaflow/core/execution/DeviceStateSnapshot.kt|domain/src/main/java/com/nexaflow/domain/models/ExecutionRecord.kt,SHARED_OWNER_CANDIDATE_REQUIRES_NODE_REVIEW,core/automation-engine/src/main/java/com/nexaflow/core/engine/BluetoothMonitor.kt|core/automation-engine/src/main/java/com/nexaflow/core/engine/DeviceEventMonitor.kt,NOT_TESTED
DEVICE,exit,core/execution/src/main/java/com/nexaflow/core/execution/ExecutionEngine.kt,SHARED_OWNER_CANDIDATE_REQUIRES_NODE_REVIEW,core/automation-engine/src/main/java/com/nexaflow/core/engine/BluetoothMonitor.kt|core/automation-engine/src/main/java/com/nexaflow/core/engine/DeviceEventMonitor.kt,NOT_TESTED
DEVICE,history,data/src/main/java/com/nexaflow/data/repository/HistoryRepositoryImpl.kt|core/execution/src/main/java/com/nexaflow/core/execution/ExecutionEngine.kt,SHARED_OWNER_CANDIDATE_REQUIRES_NODE_REVIEW,core/automation-engine/src/main/java/com/nexaflow/core/engine/BluetoothMonitor.kt|core/automation-engine/src/main/java/com/nexaflow/core/engine/DeviceEventMonitor.kt,NOT_TESTED
DEVICE,recovery,core/datastore/src/main/java/com/nexaflow/core/datastore/ActiveExecutionStore.kt|core/execution/src/main/java/com/nexaflow/core/execution/recovery/ExecutionRecoveryCoordinator.kt,SHARED_OWNER_CANDIDATE_REQUIRES_NODE_REVIEW,core/automation-engine/src/main/java/com/nexaflow/core/engine/BluetoothMonitor.kt|core/automation-engine/src/main/java/com/nexaflow/core/engine/DeviceEventMonitor.kt,NOT_TESTED
DEVICE,import_export,data/src/main/java/com/nexaflow/data/backup/BackupManager.kt,SHARED_OWNER_CANDIDATE_REQUIRES_NODE_REVIEW,core/automation-engine/src/main/java/com/nexaflow/core/engine/BluetoothMonitor.kt|core/automation-engine/src/main/java/com/nexaflow/core/engine/DeviceEventMonitor.kt,NOT_TESTED
DEVICE,identity_version,domain/src/main/java/com/nexaflow/domain/catalog/AutomationNodeCatalog.kt|domain/src/main/java/com/nexaflow/domain/models/Automation.kt,SHARED_OWNER_CANDIDATE_REQUIRES_NODE_REVIEW,core/automation-engine/src/main/java/com/nexaflow/core/engine/BluetoothMonitor.kt|core/automation-engine/src/main/java/com/nexaflow/core/engine/DeviceEventMonitor.kt,NOT_TESTED
CONNECTIVITY,picker,feature/automation-builder/src/main/java/com/nexaflow/feature/builder/TriggerCatalogPresentation.kt|feature/automation-builder/src/main/java/com/nexaflow/feature/builder/BuilderActionCatalog.kt,SHARED_OWNER_CANDIDATE_REQUIRES_NODE_REVIEW,core/automation-engine/src/main/java/com/nexaflow/core/engine/ConnectivityMonitor.kt,NOT_TESTED
CONNECTIVITY,draft,feature/automation-builder/src/main/java/com/nexaflow/feature/builder/AutomationBuilderScreen.kt|feature/automation-builder/src/main/java/com/nexaflow/feature/builder/TriggerEditorCard.kt|feature/automation-builder/src/main/java/com/nexaflow/feature/builder/ActionConfigEditor.kt,SHARED_OWNER_CANDIDATE_REQUIRES_NODE_REVIEW,core/automation-engine/src/main/java/com/nexaflow/core/engine/ConnectivityMonitor.kt,NOT_TESTED
CONNECTIVITY,ui_validation,domain/src/main/java/com/nexaflow/domain/catalog/NodeConfigurationValidator.kt|feature/automation-builder/src/main/java/com/nexaflow/feature/builder/AutomationBuilderViewModel.kt,SHARED_OWNER_CANDIDATE_REQUIRES_NODE_REVIEW,core/automation-engine/src/main/java/com/nexaflow/core/engine/ConnectivityMonitor.kt,NOT_TESTED
CONNECTIVITY,save,feature/automation-builder/src/main/java/com/nexaflow/feature/builder/AutomationBuilderViewModel.kt|data/src/main/java/com/nexaflow/data/repository/AutomationRepositoryImpl.kt,SHARED_OWNER_CANDIDATE_REQUIRES_NODE_REVIEW,core/automation-engine/src/main/java/com/nexaflow/core/engine/ConnectivityMonitor.kt,NOT_TESTED
CONNECTIVITY,room_serialization,core/database/src/main/java/com/nexaflow/core/database/Converters.kt|data/src/main/java/com/nexaflow/data/mapper/AutomationMapper.kt,SHARED_OWNER_CANDIDATE_REQUIRES_NODE_REVIEW,core/automation-engine/src/main/java/com/nexaflow/core/engine/ConnectivityMonitor.kt,NOT_TESTED
CONNECTIVITY,migration,data/src/main/java/com/nexaflow/data/repository/CanonicalWorkflowMigrationRunner.kt,SHARED_OWNER_CANDIDATE_REQUIRES_NODE_REVIEW,core/automation-engine/src/main/java/com/nexaflow/core/engine/ConnectivityMonitor.kt,NOT_TESTED
CONNECTIVITY,reload,data/src/main/java/com/nexaflow/data/mapper/AutomationMapper.kt|data/src/main/java/com/nexaflow/data/repository/AutomationRepositoryImpl.kt,SHARED_OWNER_CANDIDATE_REQUIRES_NODE_REVIEW,core/automation-engine/src/main/java/com/nexaflow/core/engine/ConnectivityMonitor.kt,NOT_TESTED
CONNECTIVITY,admission,core/automation-engine/src/main/java/com/nexaflow/core/engine/TriggerIndex.kt|core/execution/src/main/java/com/nexaflow/core/execution/ExecutionEngine.kt,SHARED_OWNER_CANDIDATE_REQUIRES_NODE_REVIEW,core/automation-engine/src/main/java/com/nexaflow/core/engine/ConnectivityMonitor.kt,NOT_TESTED
CONNECTIVITY,dispatch,core/automation-engine/src/main/java/com/nexaflow/core/engine/TriggerIndex.kt|core/execution/src/main/java/com/nexaflow/core/execution/handler/ActionRegistry.kt|core/execution/src/main/java/com/nexaflow/core/execution/workflow/WorkflowInterpreter.kt,SHARED_OWNER_CANDIDATE_REQUIRES_NODE_REVIEW,core/automation-engine/src/main/java/com/nexaflow/core/engine/ConnectivityMonitor.kt,NOT_TESTED
CONNECTIVITY,read_back,core/execution/src/main/java/com/nexaflow/core/execution/DeviceStateSnapshot.kt|domain/src/main/java/com/nexaflow/domain/models/ExecutionRecord.kt,SHARED_OWNER_CANDIDATE_REQUIRES_NODE_REVIEW,core/automation-engine/src/main/java/com/nexaflow/core/engine/ConnectivityMonitor.kt,NOT_TESTED
CONNECTIVITY,exit,core/execution/src/main/java/com/nexaflow/core/execution/ExecutionEngine.kt,SHARED_OWNER_CANDIDATE_REQUIRES_NODE_REVIEW,core/automation-engine/src/main/java/com/nexaflow/core/engine/ConnectivityMonitor.kt,NOT_TESTED
CONNECTIVITY,history,data/src/main/java/com/nexaflow/data/repository/HistoryRepositoryImpl.kt|core/execution/src/main/java/com/nexaflow/core/execution/ExecutionEngine.kt,SHARED_OWNER_CANDIDATE_REQUIRES_NODE_REVIEW,core/automation-engine/src/main/java/com/nexaflow/core/engine/ConnectivityMonitor.kt,NOT_TESTED
CONNECTIVITY,recovery,core/datastore/src/main/java/com/nexaflow/core/datastore/ActiveExecutionStore.kt|core/execution/src/main/java/com/nexaflow/core/execution/recovery/ExecutionRecoveryCoordinator.kt,SHARED_OWNER_CANDIDATE_REQUIRES_NODE_REVIEW,core/automation-engine/src/main/java/com/nexaflow/core/engine/ConnectivityMonitor.kt,NOT_TESTED
CONNECTIVITY,import_export,data/src/main/java/com/nexaflow/data/backup/BackupManager.kt,SHARED_OWNER_CANDIDATE_REQUIRES_NODE_REVIEW,core/automation-engine/src/main/java/com/nexaflow/core/engine/ConnectivityMonitor.kt,NOT_TESTED
CONNECTIVITY,identity_version,domain/src/main/java/com/nexaflow/domain/catalog/AutomationNodeCatalog.kt|domain/src/main/java/com/nexaflow/domain/models/Automation.kt,SHARED_OWNER_CANDIDATE_REQUIRES_NODE_REVIEW,core/automation-engine/src/main/java/com/nexaflow/core/engine/ConnectivityMonitor.kt,NOT_TESTED
WIFI_CONNECTED,picker,feature/automation-builder/src/main/java/com/nexaflow/feature/builder/TriggerCatalogPresentation.kt|feature/automation-builder/src/main/java/com/nexaflow/feature/builder/BuilderActionCatalog.kt,SHARED_OWNER_CANDIDATE_REQUIRES_NODE_REVIEW,core/automation-engine/src/main/java/com/nexaflow/core/engine/ConnectivityMonitor.kt,NOT_TESTED
WIFI_CONNECTED,draft,feature/automation-builder/src/main/java/com/nexaflow/feature/builder/AutomationBuilderScreen.kt|feature/automation-builder/src/main/java/com/nexaflow/feature/builder/TriggerEditorCard.kt|feature/automation-builder/src/main/java/com/nexaflow/feature/builder/ActionConfigEditor.kt,SHARED_OWNER_CANDIDATE_REQUIRES_NODE_REVIEW,core/automation-engine/src/main/java/com/nexaflow/core/engine/ConnectivityMonitor.kt,NOT_TESTED
WIFI_CONNECTED,ui_validation,domain/src/main/java/com/nexaflow/domain/catalog/NodeConfigurationValidator.kt|feature/automation-builder/src/main/java/com/nexaflow/feature/builder/AutomationBuilderViewModel.kt,SHARED_OWNER_CANDIDATE_REQUIRES_NODE_REVIEW,core/automation-engine/src/main/java/com/nexaflow/core/engine/ConnectivityMonitor.kt,NOT_TESTED
WIFI_CONNECTED,save,feature/automation-builder/src/main/java/com/nexaflow/feature/builder/AutomationBuilderViewModel.kt|data/src/main/java/com/nexaflow/data/repository/AutomationRepositoryImpl.kt,SHARED_OWNER_CANDIDATE_REQUIRES_NODE_REVIEW,core/automation-engine/src/main/java/com/nexaflow/core/engine/ConnectivityMonitor.kt,NOT_TESTED
WIFI_CONNECTED,room_serialization,core/database/src/main/java/com/nexaflow/core/database/Converters.kt|data/src/main/java/com/nexaflow/data/mapper/AutomationMapper.kt,SHARED_OWNER_CANDIDATE_REQUIRES_NODE_REVIEW,core/automation-engine/src/main/java/com/nexaflow/core/engine/ConnectivityMonitor.kt,NOT_TESTED
WIFI_CONNECTED,migration,data/src/main/java/com/nexaflow/data/repository/CanonicalWorkflowMigrationRunner.kt,SHARED_OWNER_CANDIDATE_REQUIRES_NODE_REVIEW,core/automation-engine/src/main/java/com/nexaflow/core/engine/ConnectivityMonitor.kt,NOT_TESTED
WIFI_CONNECTED,reload,data/src/main/java/com/nexaflow/data/mapper/AutomationMapper.kt|data/src/main/java/com/nexaflow/data/repository/AutomationRepositoryImpl.kt,SHARED_OWNER_CANDIDATE_REQUIRES_NODE_REVIEW,core/automation-engine/src/main/java/com/nexaflow/core/engine/ConnectivityMonitor.kt,NOT_TESTED
WIFI_CONNECTED,admission,core/automation-engine/src/main/java/com/nexaflow/core/engine/TriggerIndex.kt|core/execution/src/main/java/com/nexaflow/core/execution/ExecutionEngine.kt,SHARED_OWNER_CANDIDATE_REQUIRES_NODE_REVIEW,core/automation-engine/src/main/java/com/nexaflow/core/engine/ConnectivityMonitor.kt,NOT_TESTED
WIFI_CONNECTED,dispatch,core/automation-engine/src/main/java/com/nexaflow/core/engine/TriggerIndex.kt|core/execution/src/main/java/com/nexaflow/core/execution/handler/ActionRegistry.kt|core/execution/src/main/java/com/nexaflow/core/execution/workflow/WorkflowInterpreter.kt,SHARED_OWNER_CANDIDATE_REQUIRES_NODE_REVIEW,core/automation-engine/src/main/java/com/nexaflow/core/engine/ConnectivityMonitor.kt,NOT_TESTED
WIFI_CONNECTED,read_back,core/execution/src/main/java/com/nexaflow/core/execution/DeviceStateSnapshot.kt|domain/src/main/java/com/nexaflow/domain/models/ExecutionRecord.kt,SHARED_OWNER_CANDIDATE_REQUIRES_NODE_REVIEW,core/automation-engine/src/main/java/com/nexaflow/core/engine/ConnectivityMonitor.kt,NOT_TESTED
WIFI_CONNECTED,exit,core/execution/src/main/java/com/nexaflow/core/execution/ExecutionEngine.kt,SHARED_OWNER_CANDIDATE_REQUIRES_NODE_REVIEW,core/automation-engine/src/main/java/com/nexaflow/core/engine/ConnectivityMonitor.kt,NOT_TESTED
WIFI_CONNECTED,history,data/src/main/java/com/nexaflow/data/repository/HistoryRepositoryImpl.kt|core/execution/src/main/java/com/nexaflow/core/execution/ExecutionEngine.kt,SHARED_OWNER_CANDIDATE_REQUIRES_NODE_REVIEW,core/automation-engine/src/main/java/com/nexaflow/core/engine/ConnectivityMonitor.kt,NOT_TESTED
WIFI_CONNECTED,recovery,core/datastore/src/main/java/com/nexaflow/core/datastore/ActiveExecutionStore.kt|core/execution/src/main/java/com/nexaflow/core/execution/recovery/ExecutionRecoveryCoordinator.kt,SHARED_OWNER_CANDIDATE_REQUIRES_NODE_REVIEW,core/automation-engine/src/main/java/com/nexaflow/core/engine/ConnectivityMonitor.kt,NOT_TESTED
WIFI_CONNECTED,import_export,data/src/main/java/com/nexaflow/data/backup/BackupManager.kt,SHARED_OWNER_CANDIDATE_REQUIRES_NODE_REVIEW,core/automation-engine/src/main/java/com/nexaflow/core/engine/ConnectivityMonitor.kt,NOT_TESTED
WIFI_CONNECTED,identity_version,domain/src/main/java/com/nexaflow/domain/catalog/AutomationNodeCatalog.kt|domain/src/main/java/com/nexaflow/domain/models/Automation.kt,SHARED_OWNER_CANDIDATE_REQUIRES_NODE_REVIEW,core/automation-engine/src/main/java/com/nexaflow/core/engine/ConnectivityMonitor.kt,NOT_TESTED
MOBILE_DATA_CONNECTED,picker,feature/automation-builder/src/main/java/com/nexaflow/feature/builder/TriggerCatalogPresentation.kt|feature/automation-builder/src/main/java/com/nexaflow/feature/builder/BuilderActionCatalog.kt,SHARED_OWNER_CANDIDATE_REQUIRES_NODE_REVIEW,core/automation-engine/src/main/java/com/nexaflow/core/engine/ConnectivityMonitor.kt,NOT_TESTED
MOBILE_DATA_CONNECTED,draft,feature/automation-builder/src/main/java/com/nexaflow/feature/builder/AutomationBuilderScreen.kt|feature/automation-builder/src/main/java/com/nexaflow/feature/builder/TriggerEditorCard.kt|feature/automation-builder/src/main/java/com/nexaflow/feature/builder/ActionConfigEditor.kt,SHARED_OWNER_CANDIDATE_REQUIRES_NODE_REVIEW,core/automation-engine/src/main/java/com/nexaflow/core/engine/ConnectivityMonitor.kt,NOT_TESTED
MOBILE_DATA_CONNECTED,ui_validation,domain/src/main/java/com/nexaflow/domain/catalog/NodeConfigurationValidator.kt|feature/automation-builder/src/main/java/com/nexaflow/feature/builder/AutomationBuilderViewModel.kt,SHARED_OWNER_CANDIDATE_REQUIRES_NODE_REVIEW,core/automation-engine/src/main/java/com/nexaflow/core/engine/ConnectivityMonitor.kt,NOT_TESTED
MOBILE_DATA_CONNECTED,save,feature/automation-builder/src/main/java/com/nexaflow/feature/builder/AutomationBuilderViewModel.kt|data/src/main/java/com/nexaflow/data/repository/AutomationRepositoryImpl.kt,SHARED_OWNER_CANDIDATE_REQUIRES_NODE_REVIEW,core/automation-engine/src/main/java/com/nexaflow/core/engine/ConnectivityMonitor.kt,NOT_TESTED
MOBILE_DATA_CONNECTED,room_serialization,core/database/src/main/java/com/nexaflow/core/database/Converters.kt|data/src/main/java/com/nexaflow/data/mapper/AutomationMapper.kt,SHARED_OWNER_CANDIDATE_REQUIRES_NODE_REVIEW,core/automation-engine/src/main/java/com/nexaflow/core/engine/ConnectivityMonitor.kt,NOT_TESTED
MOBILE_DATA_CONNECTED,migration,data/src/main/java/com/nexaflow/data/repository/CanonicalWorkflowMigrationRunner.kt,SHARED_OWNER_CANDIDATE_REQUIRES_NODE_REVIEW,core/automation-engine/src/main/java/com/nexaflow/core/engine/ConnectivityMonitor.kt,NOT_TESTED
MOBILE_DATA_CONNECTED,reload,data/src/main/java/com/nexaflow/data/mapper/AutomationMapper.kt|data/src/main/java/com/nexaflow/data/repository/AutomationRepositoryImpl.kt,SHARED_OWNER_CANDIDATE_REQUIRES_NODE_REVIEW,core/automation-engine/src/main/java/com/nexaflow/core/engine/ConnectivityMonitor.kt,NOT_TESTED
MOBILE_DATA_CONNECTED,admission,core/automation-engine/src/main/java/com/nexaflow/core/engine/TriggerIndex.kt|core/execution/src/main/java/com/nexaflow/core/execution/ExecutionEngine.kt,SHARED_OWNER_CANDIDATE_REQUIRES_NODE_REVIEW,core/automation-engine/src/main/java/com/nexaflow/core/engine/ConnectivityMonitor.kt,NOT_TESTED
MOBILE_DATA_CONNECTED,dispatch,core/automation-engine/src/main/java/com/nexaflow/core/engine/TriggerIndex.kt|core/execution/src/main/java/com/nexaflow/core/execution/handler/ActionRegistry.kt|core/execution/src/main/java/com/nexaflow/core/execution/workflow/WorkflowInterpreter.kt,SHARED_OWNER_CANDIDATE_REQUIRES_NODE_REVIEW,core/automation-engine/src/main/java/com/nexaflow/core/engine/ConnectivityMonitor.kt,NOT_TESTED
MOBILE_DATA_CONNECTED,read_back,core/execution/src/main/java/com/nexaflow/core/execution/DeviceStateSnapshot.kt|domain/src/main/java/com/nexaflow/domain/models/ExecutionRecord.kt,SHARED_OWNER_CANDIDATE_REQUIRES_NODE_REVIEW,core/automation-engine/src/main/java/com/nexaflow/core/engine/ConnectivityMonitor.kt,NOT_TESTED
MOBILE_DATA_CONNECTED,exit,core/execution/src/main/java/com/nexaflow/core/execution/ExecutionEngine.kt,SHARED_OWNER_CANDIDATE_REQUIRES_NODE_REVIEW,core/automation-engine/src/main/java/com/nexaflow/core/engine/ConnectivityMonitor.kt,NOT_TESTED
MOBILE_DATA_CONNECTED,history,data/src/main/java/com/nexaflow/data/repository/HistoryRepositoryImpl.kt|core/execution/src/main/java/com/nexaflow/core/execution/ExecutionEngine.kt,SHARED_OWNER_CANDIDATE_REQUIRES_NODE_REVIEW,core/automation-engine/src/main/java/com/nexaflow/core/engine/ConnectivityMonitor.kt,NOT_TESTED
MOBILE_DATA_CONNECTED,recovery,core/datastore/src/main/java/com/nexaflow/core/datastore/ActiveExecutionStore.kt|core/execution/src/main/java/com/nexaflow/core/execution/recovery/ExecutionRecoveryCoordinator.kt,SHARED_OWNER_CANDIDATE_REQUIRES_NODE_REVIEW,core/automation-engine/src/main/java/com/nexaflow/core/engine/ConnectivityMonitor.kt,NOT_TESTED
MOBILE_DATA_CONNECTED,import_export,data/src/main/java/com/nexaflow/data/backup/BackupManager.kt,SHARED_OWNER_CANDIDATE_REQUIRES_NODE_REVIEW,core/automation-engine/src/main/java/com/nexaflow/core/engine/ConnectivityMonitor.kt,NOT_TESTED
MOBILE_DATA_CONNECTED,identity_version,domain/src/main/java/com/nexaflow/domain/catalog/AutomationNodeCatalog.kt|domain/src/main/java/com/nexaflow/domain/models/Automation.kt,SHARED_OWNER_CANDIDATE_REQUIRES_NODE_REVIEW,core/automation-engine/src/main/java/com/nexaflow/core/engine/ConnectivityMonitor.kt,NOT_TESTED
HOTSPOT,picker,feature/automation-builder/src/main/java/com/nexaflow/feature/builder/TriggerCatalogPresentation.kt|feature/automation-builder/src/main/java/com/nexaflow/feature/builder/BuilderActionCatalog.kt,SHARED_OWNER_CANDIDATE_REQUIRES_NODE_REVIEW,core/automation-engine/src/main/java/com/nexaflow/core/engine/ConnectivityMonitor.kt,NOT_TESTED
HOTSPOT,draft,feature/automation-builder/src/main/java/com/nexaflow/feature/builder/AutomationBuilderScreen.kt|feature/automation-builder/src/main/java/com/nexaflow/feature/builder/TriggerEditorCard.kt|feature/automation-builder/src/main/java/com/nexaflow/feature/builder/ActionConfigEditor.kt,SHARED_OWNER_CANDIDATE_REQUIRES_NODE_REVIEW,core/automation-engine/src/main/java/com/nexaflow/core/engine/ConnectivityMonitor.kt,NOT_TESTED
HOTSPOT,ui_validation,domain/src/main/java/com/nexaflow/domain/catalog/NodeConfigurationValidator.kt|feature/automation-builder/src/main/java/com/nexaflow/feature/builder/AutomationBuilderViewModel.kt,SHARED_OWNER_CANDIDATE_REQUIRES_NODE_REVIEW,core/automation-engine/src/main/java/com/nexaflow/core/engine/ConnectivityMonitor.kt,NOT_TESTED
HOTSPOT,save,feature/automation-builder/src/main/java/com/nexaflow/feature/builder/AutomationBuilderViewModel.kt|data/src/main/java/com/nexaflow/data/repository/AutomationRepositoryImpl.kt,SHARED_OWNER_CANDIDATE_REQUIRES_NODE_REVIEW,core/automation-engine/src/main/java/com/nexaflow/core/engine/ConnectivityMonitor.kt,NOT_TESTED
HOTSPOT,room_serialization,core/database/src/main/java/com/nexaflow/core/database/Converters.kt|data/src/main/java/com/nexaflow/data/mapper/AutomationMapper.kt,SHARED_OWNER_CANDIDATE_REQUIRES_NODE_REVIEW,core/automation-engine/src/main/java/com/nexaflow/core/engine/ConnectivityMonitor.kt,NOT_TESTED
HOTSPOT,migration,data/src/main/java/com/nexaflow/data/repository/CanonicalWorkflowMigrationRunner.kt,SHARED_OWNER_CANDIDATE_REQUIRES_NODE_REVIEW,core/automation-engine/src/main/java/com/nexaflow/core/engine/ConnectivityMonitor.kt,NOT_TESTED
HOTSPOT,reload,data/src/main/java/com/nexaflow/data/mapper/AutomationMapper.kt|data/src/main/java/com/nexaflow/data/repository/AutomationRepositoryImpl.kt,SHARED_OWNER_CANDIDATE_REQUIRES_NODE_REVIEW,core/automation-engine/src/main/java/com/nexaflow/core/engine/ConnectivityMonitor.kt,NOT_TESTED
HOTSPOT,admission,core/automation-engine/src/main/java/com/nexaflow/core/engine/TriggerIndex.kt|core/execution/src/main/java/com/nexaflow/core/execution/ExecutionEngine.kt,SHARED_OWNER_CANDIDATE_REQUIRES_NODE_REVIEW,core/automation-engine/src/main/java/com/nexaflow/core/engine/ConnectivityMonitor.kt,NOT_TESTED
HOTSPOT,dispatch,core/automation-engine/src/main/java/com/nexaflow/core/engine/TriggerIndex.kt|core/execution/src/main/java/com/nexaflow/core/execution/handler/ActionRegistry.kt|core/execution/src/main/java/com/nexaflow/core/execution/workflow/WorkflowInterpreter.kt,SHARED_OWNER_CANDIDATE_REQUIRES_NODE_REVIEW,core/automation-engine/src/main/java/com/nexaflow/core/engine/ConnectivityMonitor.kt,NOT_TESTED
HOTSPOT,read_back,core/execution/src/main/java/com/nexaflow/core/execution/DeviceStateSnapshot.kt|domain/src/main/java/com/nexaflow/domain/models/ExecutionRecord.kt,SHARED_OWNER_CANDIDATE_REQUIRES_NODE_REVIEW,core/automation-engine/src/main/java/com/nexaflow/core/engine/ConnectivityMonitor.kt,NOT_TESTED
HOTSPOT,exit,core/execution/src/main/java/com/nexaflow/core/execution/ExecutionEngine.kt,SHARED_OWNER_CANDIDATE_REQUIRES_NODE_REVIEW,core/automation-engine/src/main/java/com/nexaflow/core/engine/ConnectivityMonitor.kt,NOT_TESTED
HOTSPOT,history,data/src/main/java/com/nexaflow/data/repository/HistoryRepositoryImpl.kt|core/execution/src/main/java/com/nexaflow/core/execution/ExecutionEngine.kt,SHARED_OWNER_CANDIDATE_REQUIRES_NODE_REVIEW,core/automation-engine/src/main/java/com/nexaflow/core/engine/ConnectivityMonitor.kt,NOT_TESTED
HOTSPOT,recovery,core/datastore/src/main/java/com/nexaflow/core/datastore/ActiveExecutionStore.kt|core/execution/src/main/java/com/nexaflow/core/execution/recovery/ExecutionRecoveryCoordinator.kt,SHARED_OWNER_CANDIDATE_REQUIRES_NODE_REVIEW,core/automation-engine/src/main/java/com/nexaflow/core/engine/ConnectivityMonitor.kt,NOT_TESTED
HOTSPOT,import_export,data/src/main/java/com/nexaflow/data/backup/BackupManager.kt,SHARED_OWNER_CANDIDATE_REQUIRES_NODE_REVIEW,core/automation-engine/src/main/java/com/nexaflow/core/engine/ConnectivityMonitor.kt,NOT_TESTED
HOTSPOT,identity_version,domain/src/main/java/com/nexaflow/domain/catalog/AutomationNodeCatalog.kt|domain/src/main/java/com/nexaflow/domain/models/Automation.kt,SHARED_OWNER_CANDIDATE_REQUIRES_NODE_REVIEW,core/automation-engine/src/main/java/com/nexaflow/core/engine/ConnectivityMonitor.kt,NOT_TESTED
LOCATION,picker,feature/automation-builder/src/main/java/com/nexaflow/feature/builder/TriggerCatalogPresentation.kt|feature/automation-builder/src/main/java/com/nexaflow/feature/builder/BuilderActionCatalog.kt,SHARED_OWNER_CANDIDATE_REQUIRES_NODE_REVIEW,core/automation-engine/src/main/java/com/nexaflow/core/engine/LocationMonitor.kt|core/automation-engine/src/main/java/com/nexaflow/core/engine/LocationTriggerEvidenceEvaluator.kt,NOT_TESTED
LOCATION,draft,feature/automation-builder/src/main/java/com/nexaflow/feature/builder/AutomationBuilderScreen.kt|feature/automation-builder/src/main/java/com/nexaflow/feature/builder/TriggerEditorCard.kt|feature/automation-builder/src/main/java/com/nexaflow/feature/builder/ActionConfigEditor.kt,SHARED_OWNER_CANDIDATE_REQUIRES_NODE_REVIEW,core/automation-engine/src/main/java/com/nexaflow/core/engine/LocationMonitor.kt|core/automation-engine/src/main/java/com/nexaflow/core/engine/LocationTriggerEvidenceEvaluator.kt,NOT_TESTED
LOCATION,ui_validation,domain/src/main/java/com/nexaflow/domain/catalog/NodeConfigurationValidator.kt|feature/automation-builder/src/main/java/com/nexaflow/feature/builder/AutomationBuilderViewModel.kt,SHARED_OWNER_CANDIDATE_REQUIRES_NODE_REVIEW,core/automation-engine/src/main/java/com/nexaflow/core/engine/LocationMonitor.kt|core/automation-engine/src/main/java/com/nexaflow/core/engine/LocationTriggerEvidenceEvaluator.kt,NOT_TESTED
LOCATION,save,feature/automation-builder/src/main/java/com/nexaflow/feature/builder/AutomationBuilderViewModel.kt|data/src/main/java/com/nexaflow/data/repository/AutomationRepositoryImpl.kt,SHARED_OWNER_CANDIDATE_REQUIRES_NODE_REVIEW,core/automation-engine/src/main/java/com/nexaflow/core/engine/LocationMonitor.kt|core/automation-engine/src/main/java/com/nexaflow/core/engine/LocationTriggerEvidenceEvaluator.kt,NOT_TESTED
LOCATION,room_serialization,core/database/src/main/java/com/nexaflow/core/database/Converters.kt|data/src/main/java/com/nexaflow/data/mapper/AutomationMapper.kt,SHARED_OWNER_CANDIDATE_REQUIRES_NODE_REVIEW,core/automation-engine/src/main/java/com/nexaflow/core/engine/LocationMonitor.kt|core/automation-engine/src/main/java/com/nexaflow/core/engine/LocationTriggerEvidenceEvaluator.kt,NOT_TESTED
LOCATION,migration,data/src/main/java/com/nexaflow/data/repository/CanonicalWorkflowMigrationRunner.kt,SHARED_OWNER_CANDIDATE_REQUIRES_NODE_REVIEW,core/automation-engine/src/main/java/com/nexaflow/core/engine/LocationMonitor.kt|core/automation-engine/src/main/java/com/nexaflow/core/engine/LocationTriggerEvidenceEvaluator.kt,NOT_TESTED
LOCATION,reload,data/src/main/java/com/nexaflow/data/mapper/AutomationMapper.kt|data/src/main/java/com/nexaflow/data/repository/AutomationRepositoryImpl.kt,SHARED_OWNER_CANDIDATE_REQUIRES_NODE_REVIEW,core/automation-engine/src/main/java/com/nexaflow/core/engine/LocationMonitor.kt|core/automation-engine/src/main/java/com/nexaflow/core/engine/LocationTriggerEvidenceEvaluator.kt,NOT_TESTED
LOCATION,admission,core/automation-engine/src/main/java/com/nexaflow/core/engine/TriggerIndex.kt|core/execution/src/main/java/com/nexaflow/core/execution/ExecutionEngine.kt,SHARED_OWNER_CANDIDATE_REQUIRES_NODE_REVIEW,core/automation-engine/src/main/java/com/nexaflow/core/engine/LocationMonitor.kt|core/automation-engine/src/main/java/com/nexaflow/core/engine/LocationTriggerEvidenceEvaluator.kt,NOT_TESTED
LOCATION,dispatch,core/automation-engine/src/main/java/com/nexaflow/core/engine/TriggerIndex.kt|core/execution/src/main/java/com/nexaflow/core/execution/handler/ActionRegistry.kt|core/execution/src/main/java/com/nexaflow/core/execution/workflow/WorkflowInterpreter.kt,SHARED_OWNER_CANDIDATE_REQUIRES_NODE_REVIEW,core/automation-engine/src/main/java/com/nexaflow/core/engine/LocationMonitor.kt|core/automation-engine/src/main/java/com/nexaflow/core/engine/LocationTriggerEvidenceEvaluator.kt,NOT_TESTED
LOCATION,read_back,core/execution/src/main/java/com/nexaflow/core/execution/DeviceStateSnapshot.kt|domain/src/main/java/com/nexaflow/domain/models/ExecutionRecord.kt,SHARED_OWNER_CANDIDATE_REQUIRES_NODE_REVIEW,core/automation-engine/src/main/java/com/nexaflow/core/engine/LocationMonitor.kt|core/automation-engine/src/main/java/com/nexaflow/core/engine/LocationTriggerEvidenceEvaluator.kt,NOT_TESTED
LOCATION,exit,core/execution/src/main/java/com/nexaflow/core/execution/ExecutionEngine.kt,SHARED_OWNER_CANDIDATE_REQUIRES_NODE_REVIEW,core/automation-engine/src/main/java/com/nexaflow/core/engine/LocationMonitor.kt|core/automation-engine/src/main/java/com/nexaflow/core/engine/LocationTriggerEvidenceEvaluator.kt,NOT_TESTED
LOCATION,history,data/src/main/java/com/nexaflow/data/repository/HistoryRepositoryImpl.kt|core/execution/src/main/java/com/nexaflow/core/execution/ExecutionEngine.kt,SHARED_OWNER_CANDIDATE_REQUIRES_NODE_REVIEW,core/automation-engine/src/main/java/com/nexaflow/core/engine/LocationMonitor.kt|core/automation-engine/src/main/java/com/nexaflow/core/engine/LocationTriggerEvidenceEvaluator.kt,NOT_TESTED
LOCATION,recovery,core/datastore/src/main/java/com/nexaflow/core/datastore/ActiveExecutionStore.kt|core/execution/src/main/java/com/nexaflow/core/execution/recovery/ExecutionRecoveryCoordinator.kt,SHARED_OWNER_CANDIDATE_REQUIRES_NODE_REVIEW,core/automation-engine/src/main/java/com/nexaflow/core/engine/LocationMonitor.kt|core/automation-engine/src/main/java/com/nexaflow/core/engine/LocationTriggerEvidenceEvaluator.kt,NOT_TESTED
LOCATION,import_export,data/src/main/java/com/nexaflow/data/backup/BackupManager.kt,SHARED_OWNER_CANDIDATE_REQUIRES_NODE_REVIEW,core/automation-engine/src/main/java/com/nexaflow/core/engine/LocationMonitor.kt|core/automation-engine/src/main/java/com/nexaflow/core/engine/LocationTriggerEvidenceEvaluator.kt,NOT_TESTED
LOCATION,identity_version,domain/src/main/java/com/nexaflow/domain/catalog/AutomationNodeCatalog.kt|domain/src/main/java/com/nexaflow/domain/models/Automation.kt,SHARED_OWNER_CANDIDATE_REQUIRES_NODE_REVIEW,core/automation-engine/src/main/java/com/nexaflow/core/engine/LocationMonitor.kt|core/automation-engine/src/main/java/com/nexaflow/core/engine/LocationTriggerEvidenceEvaluator.kt,NOT_TESTED
SMS,picker,feature/automation-builder/src/main/java/com/nexaflow/feature/builder/TriggerCatalogPresentation.kt|feature/automation-builder/src/main/java/com/nexaflow/feature/builder/BuilderActionCatalog.kt,SHARED_OWNER_CANDIDATE_REQUIRES_NODE_REVIEW,core/automation-engine/src/main/java/com/nexaflow/core/engine/CallPolicyEvaluator.kt|core/automation-engine/src/main/java/com/nexaflow/core/engine/MonitoringService.kt|core/automation-engine/src/main/java/com/nexaflow/core/engine/NexaCallScreeningService.kt|core/automation-engine/src/main/java/com/nexaflow/core/engine/SmsConsentManager.kt|core/automation-engine/src/main/java/com/nexaflow/core/engine/SmsConsentReceiver.kt|core/automation-engine/src/main/java/com/nexaflow/core/engine/SmsReceiver.kt|core/automation-engine/src/main/java/com/nexaflow/core/engine/SmsRespondViaMessageService.kt|core/automation-engine/src/main/java/com/nexaflow/core/engine/SmsTriggerMatcher.kt|core/automation-engine/src/main/java/com/nexaflow/core/engine/SmsWapPushReceiver.kt,NOT_TESTED
SMS,draft,feature/automation-builder/src/main/java/com/nexaflow/feature/builder/AutomationBuilderScreen.kt|feature/automation-builder/src/main/java/com/nexaflow/feature/builder/TriggerEditorCard.kt|feature/automation-builder/src/main/java/com/nexaflow/feature/builder/ActionConfigEditor.kt,SHARED_OWNER_CANDIDATE_REQUIRES_NODE_REVIEW,core/automation-engine/src/main/java/com/nexaflow/core/engine/CallPolicyEvaluator.kt|core/automation-engine/src/main/java/com/nexaflow/core/engine/MonitoringService.kt|core/automation-engine/src/main/java/com/nexaflow/core/engine/NexaCallScreeningService.kt|core/automation-engine/src/main/java/com/nexaflow/core/engine/SmsConsentManager.kt|core/automation-engine/src/main/java/com/nexaflow/core/engine/SmsConsentReceiver.kt|core/automation-engine/src/main/java/com/nexaflow/core/engine/SmsReceiver.kt|core/automation-engine/src/main/java/com/nexaflow/core/engine/SmsRespondViaMessageService.kt|core/automation-engine/src/main/java/com/nexaflow/core/engine/SmsTriggerMatcher.kt|core/automation-engine/src/main/java/com/nexaflow/core/engine/SmsWapPushReceiver.kt,NOT_TESTED
SMS,ui_validation,domain/src/main/java/com/nexaflow/domain/catalog/NodeConfigurationValidator.kt|feature/automation-builder/src/main/java/com/nexaflow/feature/builder/AutomationBuilderViewModel.kt,SHARED_OWNER_CANDIDATE_REQUIRES_NODE_REVIEW,core/automation-engine/src/main/java/com/nexaflow/core/engine/CallPolicyEvaluator.kt|core/automation-engine/src/main/java/com/nexaflow/core/engine/MonitoringService.kt|core/automation-engine/src/main/java/com/nexaflow/core/engine/NexaCallScreeningService.kt|core/automation-engine/src/main/java/com/nexaflow/core/engine/SmsConsentManager.kt|core/automation-engine/src/main/java/com/nexaflow/core/engine/SmsConsentReceiver.kt|core/automation-engine/src/main/java/com/nexaflow/core/engine/SmsReceiver.kt|core/automation-engine/src/main/java/com/nexaflow/core/engine/SmsRespondViaMessageService.kt|core/automation-engine/src/main/java/com/nexaflow/core/engine/SmsTriggerMatcher.kt|core/automation-engine/src/main/java/com/nexaflow/core/engine/SmsWapPushReceiver.kt,NOT_TESTED
SMS,save,feature/automation-builder/src/main/java/com/nexaflow/feature/builder/AutomationBuilderViewModel.kt|data/src/main/java/com/nexaflow/data/repository/AutomationRepositoryImpl.kt,SHARED_OWNER_CANDIDATE_REQUIRES_NODE_REVIEW,core/automation-engine/src/main/java/com/nexaflow/core/engine/CallPolicyEvaluator.kt|core/automation-engine/src/main/java/com/nexaflow/core/engine/MonitoringService.kt|core/automation-engine/src/main/java/com/nexaflow/core/engine/NexaCallScreeningService.kt|core/automation-engine/src/main/java/com/nexaflow/core/engine/SmsConsentManager.kt|core/automation-engine/src/main/java/com/nexaflow/core/engine/SmsConsentReceiver.kt|core/automation-engine/src/main/java/com/nexaflow/core/engine/SmsReceiver.kt|core/automation-engine/src/main/java/com/nexaflow/core/engine/SmsRespondViaMessageService.kt|core/automation-engine/src/main/java/com/nexaflow/core/engine/SmsTriggerMatcher.kt|core/automation-engine/src/main/java/com/nexaflow/core/engine/SmsWapPushReceiver.kt,NOT_TESTED
SMS,room_serialization,core/database/src/main/java/com/nexaflow/core/database/Converters.kt|data/src/main/java/com/nexaflow/data/mapper/AutomationMapper.kt,SHARED_OWNER_CANDIDATE_REQUIRES_NODE_REVIEW,core/automation-engine/src/main/java/com/nexaflow/core/engine/CallPolicyEvaluator.kt|core/automation-engine/src/main/java/com/nexaflow/core/engine/MonitoringService.kt|core/automation-engine/src/main/java/com/nexaflow/core/engine/NexaCallScreeningService.kt|core/automation-engine/src/main/java/com/nexaflow/core/engine/SmsConsentManager.kt|core/automation-engine/src/main/java/com/nexaflow/core/engine/SmsConsentReceiver.kt|core/automation-engine/src/main/java/com/nexaflow/core/engine/SmsReceiver.kt|core/automation-engine/src/main/java/com/nexaflow/core/engine/SmsRespondViaMessageService.kt|core/automation-engine/src/main/java/com/nexaflow/core/engine/SmsTriggerMatcher.kt|core/automation-engine/src/main/java/com/nexaflow/core/engine/SmsWapPushReceiver.kt,NOT_TESTED
SMS,migration,data/src/main/java/com/nexaflow/data/repository/CanonicalWorkflowMigrationRunner.kt,SHARED_OWNER_CANDIDATE_REQUIRES_NODE_REVIEW,core/automation-engine/src/main/java/com/nexaflow/core/engine/CallPolicyEvaluator.kt|core/automation-engine/src/main/java/com/nexaflow/core/engine/MonitoringService.kt|core/automation-engine/src/main/java/com/nexaflow/core/engine/NexaCallScreeningService.kt|core/automation-engine/src/main/java/com/nexaflow/core/engine/SmsConsentManager.kt|core/automation-engine/src/main/java/com/nexaflow/core/engine/SmsConsentReceiver.kt|core/automation-engine/src/main/java/com/nexaflow/core/engine/SmsReceiver.kt|core/automation-engine/src/main/java/com/nexaflow/core/engine/SmsRespondViaMessageService.kt|core/automation-engine/src/main/java/com/nexaflow/core/engine/SmsTriggerMatcher.kt|core/automation-engine/src/main/java/com/nexaflow/core/engine/SmsWapPushReceiver.kt,NOT_TESTED
SMS,reload,data/src/main/java/com/nexaflow/data/mapper/AutomationMapper.kt|data/src/main/java/com/nexaflow/data/repository/AutomationRepositoryImpl.kt,SHARED_OWNER_CANDIDATE_REQUIRES_NODE_REVIEW,core/automation-engine/src/main/java/com/nexaflow/core/engine/CallPolicyEvaluator.kt|core/automation-engine/src/main/java/com/nexaflow/core/engine/MonitoringService.kt|core/automation-engine/src/main/java/com/nexaflow/core/engine/NexaCallScreeningService.kt|core/automation-engine/src/main/java/com/nexaflow/core/engine/SmsConsentManager.kt|core/automation-engine/src/main/java/com/nexaflow/core/engine/SmsConsentReceiver.kt|core/automation-engine/src/main/java/com/nexaflow/core/engine/SmsReceiver.kt|core/automation-engine/src/main/java/com/nexaflow/core/engine/SmsRespondViaMessageService.kt|core/automation-engine/src/main/java/com/nexaflow/core/engine/SmsTriggerMatcher.kt|core/automation-engine/src/main/java/com/nexaflow/core/engine/SmsWapPushReceiver.kt,NOT_TESTED
SMS,admission,core/automation-engine/src/main/java/com/nexaflow/core/engine/TriggerIndex.kt|core/execution/src/main/java/com/nexaflow/core/execution/ExecutionEngine.kt,SHARED_OWNER_CANDIDATE_REQUIRES_NODE_REVIEW,core/automation-engine/src/main/java/com/nexaflow/core/engine/CallPolicyEvaluator.kt|core/automation-engine/src/main/java/com/nexaflow/core/engine/MonitoringService.kt|core/automation-engine/src/main/java/com/nexaflow/core/engine/NexaCallScreeningService.kt|core/automation-engine/src/main/java/com/nexaflow/core/engine/SmsConsentManager.kt|core/automation-engine/src/main/java/com/nexaflow/core/engine/SmsConsentReceiver.kt|core/automation-engine/src/main/java/com/nexaflow/core/engine/SmsReceiver.kt|core/automation-engine/src/main/java/com/nexaflow/core/engine/SmsRespondViaMessageService.kt|core/automation-engine/src/main/java/com/nexaflow/core/engine/SmsTriggerMatcher.kt|core/automation-engine/src/main/java/com/nexaflow/core/engine/SmsWapPushReceiver.kt,NOT_TESTED
SMS,dispatch,core/automation-engine/src/main/java/com/nexaflow/core/engine/TriggerIndex.kt|core/execution/src/main/java/com/nexaflow/core/execution/handler/ActionRegistry.kt|core/execution/src/main/java/com/nexaflow/core/execution/workflow/WorkflowInterpreter.kt,SHARED_OWNER_CANDIDATE_REQUIRES_NODE_REVIEW,core/automation-engine/src/main/java/com/nexaflow/core/engine/CallPolicyEvaluator.kt|core/automation-engine/src/main/java/com/nexaflow/core/engine/MonitoringService.kt|core/automation-engine/src/main/java/com/nexaflow/core/engine/NexaCallScreeningService.kt|core/automation-engine/src/main/java/com/nexaflow/core/engine/SmsConsentManager.kt|core/automation-engine/src/main/java/com/nexaflow/core/engine/SmsConsentReceiver.kt|core/automation-engine/src/main/java/com/nexaflow/core/engine/SmsReceiver.kt|core/automation-engine/src/main/java/com/nexaflow/core/engine/SmsRespondViaMessageService.kt|core/automation-engine/src/main/java/com/nexaflow/core/engine/SmsTriggerMatcher.kt|core/automation-engine/src/main/java/com/nexaflow/core/engine/SmsWapPushReceiver.kt,NOT_TESTED
SMS,read_back,core/execution/src/main/java/com/nexaflow/core/execution/DeviceStateSnapshot.kt|domain/src/main/java/com/nexaflow/domain/models/ExecutionRecord.kt,SHARED_OWNER_CANDIDATE_REQUIRES_NODE_REVIEW,core/automation-engine/src/main/java/com/nexaflow/core/engine/CallPolicyEvaluator.kt|core/automation-engine/src/main/java/com/nexaflow/core/engine/MonitoringService.kt|core/automation-engine/src/main/java/com/nexaflow/core/engine/NexaCallScreeningService.kt|core/automation-engine/src/main/java/com/nexaflow/core/engine/SmsConsentManager.kt|core/automation-engine/src/main/java/com/nexaflow/core/engine/SmsConsentReceiver.kt|core/automation-engine/src/main/java/com/nexaflow/core/engine/SmsReceiver.kt|core/automation-engine/src/main/java/com/nexaflow/core/engine/SmsRespondViaMessageService.kt|core/automation-engine/src/main/java/com/nexaflow/core/engine/SmsTriggerMatcher.kt|core/automation-engine/src/main/java/com/nexaflow/core/engine/SmsWapPushReceiver.kt,NOT_TESTED
SMS,exit,core/execution/src/main/java/com/nexaflow/core/execution/ExecutionEngine.kt,SHARED_OWNER_CANDIDATE_REQUIRES_NODE_REVIEW,core/automation-engine/src/main/java/com/nexaflow/core/engine/CallPolicyEvaluator.kt|core/automation-engine/src/main/java/com/nexaflow/core/engine/MonitoringService.kt|core/automation-engine/src/main/java/com/nexaflow/core/engine/NexaCallScreeningService.kt|core/automation-engine/src/main/java/com/nexaflow/core/engine/SmsConsentManager.kt|core/automation-engine/src/main/java/com/nexaflow/core/engine/SmsConsentReceiver.kt|core/automation-engine/src/main/java/com/nexaflow/core/engine/SmsReceiver.kt|core/automation-engine/src/main/java/com/nexaflow/core/engine/SmsRespondViaMessageService.kt|core/automation-engine/src/main/java/com/nexaflow/core/engine/SmsTriggerMatcher.kt|core/automation-engine/src/main/java/com/nexaflow/core/engine/SmsWapPushReceiver.kt,NOT_TESTED
SMS,history,data/src/main/java/com/nexaflow/data/repository/HistoryRepositoryImpl.kt|core/execution/src/main/java/com/nexaflow/core/execution/ExecutionEngine.kt,SHARED_OWNER_CANDIDATE_REQUIRES_NODE_REVIEW,core/automation-engine/src/main/java/com/nexaflow/core/engine/CallPolicyEvaluator.kt|core/automation-engine/src/main/java/com/nexaflow/core/engine/MonitoringService.kt|core/automation-engine/src/main/java/com/nexaflow/core/engine/NexaCallScreeningService.kt|core/automation-engine/src/main/java/com/nexaflow/core/engine/SmsConsentManager.kt|core/automation-engine/src/main/java/com/nexaflow/core/engine/SmsConsentReceiver.kt|core/automation-engine/src/main/java/com/nexaflow/core/engine/SmsReceiver.kt|core/automation-engine/src/main/java/com/nexaflow/core/engine/SmsRespondViaMessageService.kt|core/automation-engine/src/main/java/com/nexaflow/core/engine/SmsTriggerMatcher.kt|core/automation-engine/src/main/java/com/nexaflow/core/engine/SmsWapPushReceiver.kt,NOT_TESTED
SMS,recovery,core/datastore/src/main/java/com/nexaflow/core/datastore/ActiveExecutionStore.kt|core/execution/src/main/java/com/nexaflow/core/execution/recovery/ExecutionRecoveryCoordinator.kt,SHARED_OWNER_CANDIDATE_REQUIRES_NODE_REVIEW,core/automation-engine/src/main/java/com/nexaflow/core/engine/CallPolicyEvaluator.kt|core/automation-engine/src/main/java/com/nexaflow/core/engine/MonitoringService.kt|core/automation-engine/src/main/java/com/nexaflow/core/engine/NexaCallScreeningService.kt|core/automation-engine/src/main/java/com/nexaflow/core/engine/SmsConsentManager.kt|core/automation-engine/src/main/java/com/nexaflow/core/engine/SmsConsentReceiver.kt|core/automation-engine/src/main/java/com/nexaflow/core/engine/SmsReceiver.kt|core/automation-engine/src/main/java/com/nexaflow/core/engine/SmsRespondViaMessageService.kt|core/automation-engine/src/main/java/com/nexaflow/core/engine/SmsTriggerMatcher.kt|core/automation-engine/src/main/java/com/nexaflow/core/engine/SmsWapPushReceiver.kt,NOT_TESTED
SMS,import_export,data/src/main/java/com/nexaflow/data/backup/BackupManager.kt,SHARED_OWNER_CANDIDATE_REQUIRES_NODE_REVIEW,core/automation-engine/src/main/java/com/nexaflow/core/engine/CallPolicyEvaluator.kt|core/automation-engine/src/main/java/com/nexaflow/core/engine/MonitoringService.kt|core/automation-engine/src/main/java/com/nexaflow/core/engine/NexaCallScreeningService.kt|core/automation-engine/src/main/java/com/nexaflow/core/engine/SmsConsentManager.kt|core/automation-engine/src/main/java/com/nexaflow/core/engine/SmsConsentReceiver.kt|core/automation-engine/src/main/java/com/nexaflow/core/engine/SmsReceiver.kt|core/automation-engine/src/main/java/com/nexaflow/core/engine/SmsRespondViaMessageService.kt|core/automation-engine/src/main/java/com/nexaflow/core/engine/SmsTriggerMatcher.kt|core/automation-engine/src/main/java/com/nexaflow/core/engine/SmsWapPushReceiver.kt,NOT_TESTED
SMS,identity_version,domain/src/main/java/com/nexaflow/domain/catalog/AutomationNodeCatalog.kt|domain/src/main/java/com/nexaflow/domain/models/Automation.kt,SHARED_OWNER_CANDIDATE_REQUIRES_NODE_REVIEW,core/automation-engine/src/main/java/com/nexaflow/core/engine/CallPolicyEvaluator.kt|core/automation-engine/src/main/java/com/nexaflow/core/engine/MonitoringService.kt|core/automation-engine/src/main/java/com/nexaflow/core/engine/NexaCallScreeningService.kt|core/automation-engine/src/main/java/com/nexaflow/core/engine/SmsConsentManager.kt|core/automation-engine/src/main/java/com/nexaflow/core/engine/SmsConsentReceiver.kt|core/automation-engine/src/main/java/com/nexaflow/core/engine/SmsReceiver.kt|core/automation-engine/src/main/java/com/nexaflow/core/engine/SmsRespondViaMessageService.kt|core/automation-engine/src/main/java/com/nexaflow/core/engine/SmsTriggerMatcher.kt|core/automation-engine/src/main/java/com/nexaflow/core/engine/SmsWapPushReceiver.kt,NOT_TESTED
BLUETOOTH_DEVICE,picker,feature/automation-builder/src/main/java/com/nexaflow/feature/builder/TriggerCatalogPresentation.kt|feature/automation-builder/src/main/java/com/nexaflow/feature/builder/BuilderActionCatalog.kt,SHARED_OWNER_CANDIDATE_REQUIRES_NODE_REVIEW,core/automation-engine/src/main/java/com/nexaflow/core/engine/BluetoothMonitor.kt,NOT_TESTED
BLUETOOTH_DEVICE,draft,feature/automation-builder/src/main/java/com/nexaflow/feature/builder/AutomationBuilderScreen.kt|feature/automation-builder/src/main/java/com/nexaflow/feature/builder/TriggerEditorCard.kt|feature/automation-builder/src/main/java/com/nexaflow/feature/builder/ActionConfigEditor.kt,SHARED_OWNER_CANDIDATE_REQUIRES_NODE_REVIEW,core/automation-engine/src/main/java/com/nexaflow/core/engine/BluetoothMonitor.kt,NOT_TESTED
BLUETOOTH_DEVICE,ui_validation,domain/src/main/java/com/nexaflow/domain/catalog/NodeConfigurationValidator.kt|feature/automation-builder/src/main/java/com/nexaflow/feature/builder/AutomationBuilderViewModel.kt,SHARED_OWNER_CANDIDATE_REQUIRES_NODE_REVIEW,core/automation-engine/src/main/java/com/nexaflow/core/engine/BluetoothMonitor.kt,NOT_TESTED
BLUETOOTH_DEVICE,save,feature/automation-builder/src/main/java/com/nexaflow/feature/builder/AutomationBuilderViewModel.kt|data/src/main/java/com/nexaflow/data/repository/AutomationRepositoryImpl.kt,SHARED_OWNER_CANDIDATE_REQUIRES_NODE_REVIEW,core/automation-engine/src/main/java/com/nexaflow/core/engine/BluetoothMonitor.kt,NOT_TESTED
BLUETOOTH_DEVICE,room_serialization,core/database/src/main/java/com/nexaflow/core/database/Converters.kt|data/src/main/java/com/nexaflow/data/mapper/AutomationMapper.kt,SHARED_OWNER_CANDIDATE_REQUIRES_NODE_REVIEW,core/automation-engine/src/main/java/com/nexaflow/core/engine/BluetoothMonitor.kt,NOT_TESTED
BLUETOOTH_DEVICE,migration,data/src/main/java/com/nexaflow/data/repository/CanonicalWorkflowMigrationRunner.kt,SHARED_OWNER_CANDIDATE_REQUIRES_NODE_REVIEW,core/automation-engine/src/main/java/com/nexaflow/core/engine/BluetoothMonitor.kt,NOT_TESTED
BLUETOOTH_DEVICE,reload,data/src/main/java/com/nexaflow/data/mapper/AutomationMapper.kt|data/src/main/java/com/nexaflow/data/repository/AutomationRepositoryImpl.kt,SHARED_OWNER_CANDIDATE_REQUIRES_NODE_REVIEW,core/automation-engine/src/main/java/com/nexaflow/core/engine/BluetoothMonitor.kt,NOT_TESTED
BLUETOOTH_DEVICE,admission,core/automation-engine/src/main/java/com/nexaflow/core/engine/TriggerIndex.kt|core/execution/src/main/java/com/nexaflow/core/execution/ExecutionEngine.kt,SHARED_OWNER_CANDIDATE_REQUIRES_NODE_REVIEW,core/automation-engine/src/main/java/com/nexaflow/core/engine/BluetoothMonitor.kt,NOT_TESTED
BLUETOOTH_DEVICE,dispatch,core/automation-engine/src/main/java/com/nexaflow/core/engine/TriggerIndex.kt|core/execution/src/main/java/com/nexaflow/core/execution/handler/ActionRegistry.kt|core/execution/src/main/java/com/nexaflow/core/execution/workflow/WorkflowInterpreter.kt,SHARED_OWNER_CANDIDATE_REQUIRES_NODE_REVIEW,core/automation-engine/src/main/java/com/nexaflow/core/engine/BluetoothMonitor.kt,NOT_TESTED
BLUETOOTH_DEVICE,read_back,core/execution/src/main/java/com/nexaflow/core/execution/DeviceStateSnapshot.kt|domain/src/main/java/com/nexaflow/domain/models/ExecutionRecord.kt,SHARED_OWNER_CANDIDATE_REQUIRES_NODE_REVIEW,core/automation-engine/src/main/java/com/nexaflow/core/engine/BluetoothMonitor.kt,NOT_TESTED
BLUETOOTH_DEVICE,exit,core/execution/src/main/java/com/nexaflow/core/execution/ExecutionEngine.kt,SHARED_OWNER_CANDIDATE_REQUIRES_NODE_REVIEW,core/automation-engine/src/main/java/com/nexaflow/core/engine/BluetoothMonitor.kt,NOT_TESTED
BLUETOOTH_DEVICE,history,data/src/main/java/com/nexaflow/data/repository/HistoryRepositoryImpl.kt|core/execution/src/main/java/com/nexaflow/core/execution/ExecutionEngine.kt,SHARED_OWNER_CANDIDATE_REQUIRES_NODE_REVIEW,core/automation-engine/src/main/java/com/nexaflow/core/engine/BluetoothMonitor.kt,NOT_TESTED
BLUETOOTH_DEVICE,recovery,core/datastore/src/main/java/com/nexaflow/core/datastore/ActiveExecutionStore.kt|core/execution/src/main/java/com/nexaflow/core/execution/recovery/ExecutionRecoveryCoordinator.kt,SHARED_OWNER_CANDIDATE_REQUIRES_NODE_REVIEW,core/automation-engine/src/main/java/com/nexaflow/core/engine/BluetoothMonitor.kt,NOT_TESTED
BLUETOOTH_DEVICE,import_export,data/src/main/java/com/nexaflow/data/backup/BackupManager.kt,SHARED_OWNER_CANDIDATE_REQUIRES_NODE_REVIEW,core/automation-engine/src/main/java/com/nexaflow/core/engine/BluetoothMonitor.kt,NOT_TESTED
BLUETOOTH_DEVICE,identity_version,domain/src/main/java/com/nexaflow/domain/catalog/AutomationNodeCatalog.kt|domain/src/main/java/com/nexaflow/domain/models/Automation.kt,SHARED_OWNER_CANDIDATE_REQUIRES_NODE_REVIEW,core/automation-engine/src/main/java/com/nexaflow/core/engine/BluetoothMonitor.kt,NOT_TESTED
RINGER_MODE,picker,feature/automation-builder/src/main/java/com/nexaflow/feature/builder/TriggerCatalogPresentation.kt|feature/automation-builder/src/main/java/com/nexaflow/feature/builder/BuilderActionCatalog.kt,SHARED_OWNER_CANDIDATE_REQUIRES_NODE_REVIEW,core/automation-engine/src/main/java/com/nexaflow/core/engine/RingerModeMonitor.kt,NOT_TESTED
RINGER_MODE,draft,feature/automation-builder/src/main/java/com/nexaflow/feature/builder/AutomationBuilderScreen.kt|feature/automation-builder/src/main/java/com/nexaflow/feature/builder/TriggerEditorCard.kt|feature/automation-builder/src/main/java/com/nexaflow/feature/builder/ActionConfigEditor.kt,SHARED_OWNER_CANDIDATE_REQUIRES_NODE_REVIEW,core/automation-engine/src/main/java/com/nexaflow/core/engine/RingerModeMonitor.kt,NOT_TESTED
RINGER_MODE,ui_validation,domain/src/main/java/com/nexaflow/domain/catalog/NodeConfigurationValidator.kt|feature/automation-builder/src/main/java/com/nexaflow/feature/builder/AutomationBuilderViewModel.kt,SHARED_OWNER_CANDIDATE_REQUIRES_NODE_REVIEW,core/automation-engine/src/main/java/com/nexaflow/core/engine/RingerModeMonitor.kt,NOT_TESTED
RINGER_MODE,save,feature/automation-builder/src/main/java/com/nexaflow/feature/builder/AutomationBuilderViewModel.kt|data/src/main/java/com/nexaflow/data/repository/AutomationRepositoryImpl.kt,SHARED_OWNER_CANDIDATE_REQUIRES_NODE_REVIEW,core/automation-engine/src/main/java/com/nexaflow/core/engine/RingerModeMonitor.kt,NOT_TESTED
RINGER_MODE,room_serialization,core/database/src/main/java/com/nexaflow/core/database/Converters.kt|data/src/main/java/com/nexaflow/data/mapper/AutomationMapper.kt,SHARED_OWNER_CANDIDATE_REQUIRES_NODE_REVIEW,core/automation-engine/src/main/java/com/nexaflow/core/engine/RingerModeMonitor.kt,NOT_TESTED
RINGER_MODE,migration,data/src/main/java/com/nexaflow/data/repository/CanonicalWorkflowMigrationRunner.kt,SHARED_OWNER_CANDIDATE_REQUIRES_NODE_REVIEW,core/automation-engine/src/main/java/com/nexaflow/core/engine/RingerModeMonitor.kt,NOT_TESTED
RINGER_MODE,reload,data/src/main/java/com/nexaflow/data/mapper/AutomationMapper.kt|data/src/main/java/com/nexaflow/data/repository/AutomationRepositoryImpl.kt,SHARED_OWNER_CANDIDATE_REQUIRES_NODE_REVIEW,core/automation-engine/src/main/java/com/nexaflow/core/engine/RingerModeMonitor.kt,NOT_TESTED
RINGER_MODE,admission,core/automation-engine/src/main/java/com/nexaflow/core/engine/TriggerIndex.kt|core/execution/src/main/java/com/nexaflow/core/execution/ExecutionEngine.kt,SHARED_OWNER_CANDIDATE_REQUIRES_NODE_REVIEW,core/automation-engine/src/main/java/com/nexaflow/core/engine/RingerModeMonitor.kt,NOT_TESTED
RINGER_MODE,dispatch,core/automation-engine/src/main/java/com/nexaflow/core/engine/TriggerIndex.kt|core/execution/src/main/java/com/nexaflow/core/execution/handler/ActionRegistry.kt|core/execution/src/main/java/com/nexaflow/core/execution/workflow/WorkflowInterpreter.kt,SHARED_OWNER_CANDIDATE_REQUIRES_NODE_REVIEW,core/automation-engine/src/main/java/com/nexaflow/core/engine/RingerModeMonitor.kt,NOT_TESTED
RINGER_MODE,read_back,core/execution/src/main/java/com/nexaflow/core/execution/DeviceStateSnapshot.kt|domain/src/main/java/com/nexaflow/domain/models/ExecutionRecord.kt,SHARED_OWNER_CANDIDATE_REQUIRES_NODE_REVIEW,core/automation-engine/src/main/java/com/nexaflow/core/engine/RingerModeMonitor.kt,NOT_TESTED
RINGER_MODE,exit,core/execution/src/main/java/com/nexaflow/core/execution/ExecutionEngine.kt,SHARED_OWNER_CANDIDATE_REQUIRES_NODE_REVIEW,core/automation-engine/src/main/java/com/nexaflow/core/engine/RingerModeMonitor.kt,NOT_TESTED
RINGER_MODE,history,data/src/main/java/com/nexaflow/data/repository/HistoryRepositoryImpl.kt|core/execution/src/main/java/com/nexaflow/core/execution/ExecutionEngine.kt,SHARED_OWNER_CANDIDATE_REQUIRES_NODE_REVIEW,core/automation-engine/src/main/java/com/nexaflow/core/engine/RingerModeMonitor.kt,NOT_TESTED
RINGER_MODE,recovery,core/datastore/src/main/java/com/nexaflow/core/datastore/ActiveExecutionStore.kt|core/execution/src/main/java/com/nexaflow/core/execution/recovery/ExecutionRecoveryCoordinator.kt,SHARED_OWNER_CANDIDATE_REQUIRES_NODE_REVIEW,core/automation-engine/src/main/java/com/nexaflow/core/engine/RingerModeMonitor.kt,NOT_TESTED
RINGER_MODE,import_export,data/src/main/java/com/nexaflow/data/backup/BackupManager.kt,SHARED_OWNER_CANDIDATE_REQUIRES_NODE_REVIEW,core/automation-engine/src/main/java/com/nexaflow/core/engine/RingerModeMonitor.kt,NOT_TESTED
RINGER_MODE,identity_version,domain/src/main/java/com/nexaflow/domain/catalog/AutomationNodeCatalog.kt|domain/src/main/java/com/nexaflow/domain/models/Automation.kt,SHARED_OWNER_CANDIDATE_REQUIRES_NODE_REVIEW,core/automation-engine/src/main/java/com/nexaflow/core/engine/RingerModeMonitor.kt,NOT_TESTED
NETWORK_MODE,picker,feature/automation-builder/src/main/java/com/nexaflow/feature/builder/TriggerCatalogPresentation.kt|feature/automation-builder/src/main/java/com/nexaflow/feature/builder/BuilderActionCatalog.kt,SHARED_OWNER_CANDIDATE_REQUIRES_NODE_REVIEW,core/automation-engine/src/main/java/com/nexaflow/core/engine/ConnectivityMonitor.kt,NOT_TESTED
NETWORK_MODE,draft,feature/automation-builder/src/main/java/com/nexaflow/feature/builder/AutomationBuilderScreen.kt|feature/automation-builder/src/main/java/com/nexaflow/feature/builder/TriggerEditorCard.kt|feature/automation-builder/src/main/java/com/nexaflow/feature/builder/ActionConfigEditor.kt,SHARED_OWNER_CANDIDATE_REQUIRES_NODE_REVIEW,core/automation-engine/src/main/java/com/nexaflow/core/engine/ConnectivityMonitor.kt,NOT_TESTED
NETWORK_MODE,ui_validation,domain/src/main/java/com/nexaflow/domain/catalog/NodeConfigurationValidator.kt|feature/automation-builder/src/main/java/com/nexaflow/feature/builder/AutomationBuilderViewModel.kt,SHARED_OWNER_CANDIDATE_REQUIRES_NODE_REVIEW,core/automation-engine/src/main/java/com/nexaflow/core/engine/ConnectivityMonitor.kt,NOT_TESTED
NETWORK_MODE,save,feature/automation-builder/src/main/java/com/nexaflow/feature/builder/AutomationBuilderViewModel.kt|data/src/main/java/com/nexaflow/data/repository/AutomationRepositoryImpl.kt,SHARED_OWNER_CANDIDATE_REQUIRES_NODE_REVIEW,core/automation-engine/src/main/java/com/nexaflow/core/engine/ConnectivityMonitor.kt,NOT_TESTED
NETWORK_MODE,room_serialization,core/database/src/main/java/com/nexaflow/core/database/Converters.kt|data/src/main/java/com/nexaflow/data/mapper/AutomationMapper.kt,SHARED_OWNER_CANDIDATE_REQUIRES_NODE_REVIEW,core/automation-engine/src/main/java/com/nexaflow/core/engine/ConnectivityMonitor.kt,NOT_TESTED
NETWORK_MODE,migration,data/src/main/java/com/nexaflow/data/repository/CanonicalWorkflowMigrationRunner.kt,SHARED_OWNER_CANDIDATE_REQUIRES_NODE_REVIEW,core/automation-engine/src/main/java/com/nexaflow/core/engine/ConnectivityMonitor.kt,NOT_TESTED
NETWORK_MODE,reload,data/src/main/java/com/nexaflow/data/mapper/AutomationMapper.kt|data/src/main/java/com/nexaflow/data/repository/AutomationRepositoryImpl.kt,SHARED_OWNER_CANDIDATE_REQUIRES_NODE_REVIEW,core/automation-engine/src/main/java/com/nexaflow/core/engine/ConnectivityMonitor.kt,NOT_TESTED
NETWORK_MODE,admission,core/automation-engine/src/main/java/com/nexaflow/core/engine/TriggerIndex.kt|core/execution/src/main/java/com/nexaflow/core/execution/ExecutionEngine.kt,SHARED_OWNER_CANDIDATE_REQUIRES_NODE_REVIEW,core/automation-engine/src/main/java/com/nexaflow/core/engine/ConnectivityMonitor.kt,NOT_TESTED
NETWORK_MODE,dispatch,core/automation-engine/src/main/java/com/nexaflow/core/engine/TriggerIndex.kt|core/execution/src/main/java/com/nexaflow/core/execution/handler/ActionRegistry.kt|core/execution/src/main/java/com/nexaflow/core/execution/workflow/WorkflowInterpreter.kt,SHARED_OWNER_CANDIDATE_REQUIRES_NODE_REVIEW,core/automation-engine/src/main/java/com/nexaflow/core/engine/ConnectivityMonitor.kt,NOT_TESTED
NETWORK_MODE,read_back,core/execution/src/main/java/com/nexaflow/core/execution/DeviceStateSnapshot.kt|domain/src/main/java/com/nexaflow/domain/models/ExecutionRecord.kt,SHARED_OWNER_CANDIDATE_REQUIRES_NODE_REVIEW,core/automation-engine/src/main/java/com/nexaflow/core/engine/ConnectivityMonitor.kt,NOT_TESTED
NETWORK_MODE,exit,core/execution/src/main/java/com/nexaflow/core/execution/ExecutionEngine.kt,SHARED_OWNER_CANDIDATE_REQUIRES_NODE_REVIEW,core/automation-engine/src/main/java/com/nexaflow/core/engine/ConnectivityMonitor.kt,NOT_TESTED
NETWORK_MODE,history,data/src/main/java/com/nexaflow/data/repository/HistoryRepositoryImpl.kt|core/execution/src/main/java/com/nexaflow/core/execution/ExecutionEngine.kt,SHARED_OWNER_CANDIDATE_REQUIRES_NODE_REVIEW,core/automation-engine/src/main/java/com/nexaflow/core/engine/ConnectivityMonitor.kt,NOT_TESTED
NETWORK_MODE,recovery,core/datastore/src/main/java/com/nexaflow/core/datastore/ActiveExecutionStore.kt|core/execution/src/main/java/com/nexaflow/core/execution/recovery/ExecutionRecoveryCoordinator.kt,SHARED_OWNER_CANDIDATE_REQUIRES_NODE_REVIEW,core/automation-engine/src/main/java/com/nexaflow/core/engine/ConnectivityMonitor.kt,NOT_TESTED
NETWORK_MODE,import_export,data/src/main/java/com/nexaflow/data/backup/BackupManager.kt,SHARED_OWNER_CANDIDATE_REQUIRES_NODE_REVIEW,core/automation-engine/src/main/java/com/nexaflow/core/engine/ConnectivityMonitor.kt,NOT_TESTED
NETWORK_MODE,identity_version,domain/src/main/java/com/nexaflow/domain/catalog/AutomationNodeCatalog.kt|domain/src/main/java/com/nexaflow/domain/models/Automation.kt,SHARED_OWNER_CANDIDATE_REQUIRES_NODE_REVIEW,core/automation-engine/src/main/java/com/nexaflow/core/engine/ConnectivityMonitor.kt,NOT_TESTED
NOTIFICATION,picker,feature/automation-builder/src/main/java/com/nexaflow/feature/builder/TriggerCatalogPresentation.kt|feature/automation-builder/src/main/java/com/nexaflow/feature/builder/BuilderActionCatalog.kt,SHARED_OWNER_CANDIDATE_REQUIRES_NODE_REVIEW,core/automation-engine/src/main/java/com/nexaflow/core/engine/NotificationListener.kt|core/automation-engine/src/main/java/com/nexaflow/core/engine/NotificationTriggerMonitor.kt|core/automation-engine/src/main/java/com/nexaflow/core/engine/VolumeMonitor.kt,NOT_TESTED
NOTIFICATION,draft,feature/automation-builder/src/main/java/com/nexaflow/feature/builder/AutomationBuilderScreen.kt|feature/automation-builder/src/main/java/com/nexaflow/feature/builder/TriggerEditorCard.kt|feature/automation-builder/src/main/java/com/nexaflow/feature/builder/ActionConfigEditor.kt,SHARED_OWNER_CANDIDATE_REQUIRES_NODE_REVIEW,core/automation-engine/src/main/java/com/nexaflow/core/engine/NotificationListener.kt|core/automation-engine/src/main/java/com/nexaflow/core/engine/NotificationTriggerMonitor.kt|core/automation-engine/src/main/java/com/nexaflow/core/engine/VolumeMonitor.kt,NOT_TESTED
NOTIFICATION,ui_validation,domain/src/main/java/com/nexaflow/domain/catalog/NodeConfigurationValidator.kt|feature/automation-builder/src/main/java/com/nexaflow/feature/builder/AutomationBuilderViewModel.kt,SHARED_OWNER_CANDIDATE_REQUIRES_NODE_REVIEW,core/automation-engine/src/main/java/com/nexaflow/core/engine/NotificationListener.kt|core/automation-engine/src/main/java/com/nexaflow/core/engine/NotificationTriggerMonitor.kt|core/automation-engine/src/main/java/com/nexaflow/core/engine/VolumeMonitor.kt,NOT_TESTED
NOTIFICATION,save,feature/automation-builder/src/main/java/com/nexaflow/feature/builder/AutomationBuilderViewModel.kt|data/src/main/java/com/nexaflow/data/repository/AutomationRepositoryImpl.kt,SHARED_OWNER_CANDIDATE_REQUIRES_NODE_REVIEW,core/automation-engine/src/main/java/com/nexaflow/core/engine/NotificationListener.kt|core/automation-engine/src/main/java/com/nexaflow/core/engine/NotificationTriggerMonitor.kt|core/automation-engine/src/main/java/com/nexaflow/core/engine/VolumeMonitor.kt,NOT_TESTED
NOTIFICATION,room_serialization,core/database/src/main/java/com/nexaflow/core/database/Converters.kt|data/src/main/java/com/nexaflow/data/mapper/AutomationMapper.kt,SHARED_OWNER_CANDIDATE_REQUIRES_NODE_REVIEW,core/automation-engine/src/main/java/com/nexaflow/core/engine/NotificationListener.kt|core/automation-engine/src/main/java/com/nexaflow/core/engine/NotificationTriggerMonitor.kt|core/automation-engine/src/main/java/com/nexaflow/core/engine/VolumeMonitor.kt,NOT_TESTED
NOTIFICATION,migration,data/src/main/java/com/nexaflow/data/repository/CanonicalWorkflowMigrationRunner.kt,SHARED_OWNER_CANDIDATE_REQUIRES_NODE_REVIEW,core/automation-engine/src/main/java/com/nexaflow/core/engine/NotificationListener.kt|core/automation-engine/src/main/java/com/nexaflow/core/engine/NotificationTriggerMonitor.kt|core/automation-engine/src/main/java/com/nexaflow/core/engine/VolumeMonitor.kt,NOT_TESTED
NOTIFICATION,reload,data/src/main/java/com/nexaflow/data/mapper/AutomationMapper.kt|data/src/main/java/com/nexaflow/data/repository/AutomationRepositoryImpl.kt,SHARED_OWNER_CANDIDATE_REQUIRES_NODE_REVIEW,core/automation-engine/src/main/java/com/nexaflow/core/engine/NotificationListener.kt|core/automation-engine/src/main/java/com/nexaflow/core/engine/NotificationTriggerMonitor.kt|core/automation-engine/src/main/java/com/nexaflow/core/engine/VolumeMonitor.kt,NOT_TESTED
NOTIFICATION,admission,core/automation-engine/src/main/java/com/nexaflow/core/engine/TriggerIndex.kt|core/execution/src/main/java/com/nexaflow/core/execution/ExecutionEngine.kt,SHARED_OWNER_CANDIDATE_REQUIRES_NODE_REVIEW,core/automation-engine/src/main/java/com/nexaflow/core/engine/NotificationListener.kt|core/automation-engine/src/main/java/com/nexaflow/core/engine/NotificationTriggerMonitor.kt|core/automation-engine/src/main/java/com/nexaflow/core/engine/VolumeMonitor.kt,NOT_TESTED
NOTIFICATION,dispatch,core/automation-engine/src/main/java/com/nexaflow/core/engine/TriggerIndex.kt|core/execution/src/main/java/com/nexaflow/core/execution/handler/ActionRegistry.kt|core/execution/src/main/java/com/nexaflow/core/execution/workflow/WorkflowInterpreter.kt,SHARED_OWNER_CANDIDATE_REQUIRES_NODE_REVIEW,core/automation-engine/src/main/java/com/nexaflow/core/engine/NotificationListener.kt|core/automation-engine/src/main/java/com/nexaflow/core/engine/NotificationTriggerMonitor.kt|core/automation-engine/src/main/java/com/nexaflow/core/engine/VolumeMonitor.kt,NOT_TESTED
NOTIFICATION,read_back,core/execution/src/main/java/com/nexaflow/core/execution/DeviceStateSnapshot.kt|domain/src/main/java/com/nexaflow/domain/models/ExecutionRecord.kt,SHARED_OWNER_CANDIDATE_REQUIRES_NODE_REVIEW,core/automation-engine/src/main/java/com/nexaflow/core/engine/NotificationListener.kt|core/automation-engine/src/main/java/com/nexaflow/core/engine/NotificationTriggerMonitor.kt|core/automation-engine/src/main/java/com/nexaflow/core/engine/VolumeMonitor.kt,NOT_TESTED
NOTIFICATION,exit,core/execution/src/main/java/com/nexaflow/core/execution/ExecutionEngine.kt,SHARED_OWNER_CANDIDATE_REQUIRES_NODE_REVIEW,core/automation-engine/src/main/java/com/nexaflow/core/engine/NotificationListener.kt|core/automation-engine/src/main/java/com/nexaflow/core/engine/NotificationTriggerMonitor.kt|core/automation-engine/src/main/java/com/nexaflow/core/engine/VolumeMonitor.kt,NOT_TESTED
NOTIFICATION,history,data/src/main/java/com/nexaflow/data/repository/HistoryRepositoryImpl.kt|core/execution/src/main/java/com/nexaflow/core/execution/ExecutionEngine.kt,SHARED_OWNER_CANDIDATE_REQUIRES_NODE_REVIEW,core/automation-engine/src/main/java/com/nexaflow/core/engine/NotificationListener.kt|core/automation-engine/src/main/java/com/nexaflow/core/engine/NotificationTriggerMonitor.kt|core/automation-engine/src/main/java/com/nexaflow/core/engine/VolumeMonitor.kt,NOT_TESTED
NOTIFICATION,recovery,core/datastore/src/main/java/com/nexaflow/core/datastore/ActiveExecutionStore.kt|core/execution/src/main/java/com/nexaflow/core/execution/recovery/ExecutionRecoveryCoordinator.kt,SHARED_OWNER_CANDIDATE_REQUIRES_NODE_REVIEW,core/automation-engine/src/main/java/com/nexaflow/core/engine/NotificationListener.kt|core/automation-engine/src/main/java/com/nexaflow/core/engine/NotificationTriggerMonitor.kt|core/automation-engine/src/main/java/com/nexaflow/core/engine/VolumeMonitor.kt,NOT_TESTED
NOTIFICATION,import_export,data/src/main/java/com/nexaflow/data/backup/BackupManager.kt,SHARED_OWNER_CANDIDATE_REQUIRES_NODE_REVIEW,core/automation-engine/src/main/java/com/nexaflow/core/engine/NotificationListener.kt|core/automation-engine/src/main/java/com/nexaflow/core/engine/NotificationTriggerMonitor.kt|core/automation-engine/src/main/java/com/nexaflow/core/engine/VolumeMonitor.kt,NOT_TESTED
NOTIFICATION,identity_version,domain/src/main/java/com/nexaflow/domain/catalog/AutomationNodeCatalog.kt|domain/src/main/java/com/nexaflow/domain/models/Automation.kt,SHARED_OWNER_CANDIDATE_REQUIRES_NODE_REVIEW,core/automation-engine/src/main/java/com/nexaflow/core/engine/NotificationListener.kt|core/automation-engine/src/main/java/com/nexaflow/core/engine/NotificationTriggerMonitor.kt|core/automation-engine/src/main/java/com/nexaflow/core/engine/VolumeMonitor.kt,NOT_TESTED
CALENDAR,picker,feature/automation-builder/src/main/java/com/nexaflow/feature/builder/TriggerCatalogPresentation.kt|feature/automation-builder/src/main/java/com/nexaflow/feature/builder/BuilderActionCatalog.kt,SHARED_OWNER_CANDIDATE_REQUIRES_NODE_REVIEW,core/automation-engine/src/main/java/com/nexaflow/core/engine/CalendarMonitor.kt,NOT_TESTED
CALENDAR,draft,feature/automation-builder/src/main/java/com/nexaflow/feature/builder/AutomationBuilderScreen.kt|feature/automation-builder/src/main/java/com/nexaflow/feature/builder/TriggerEditorCard.kt|feature/automation-builder/src/main/java/com/nexaflow/feature/builder/ActionConfigEditor.kt,SHARED_OWNER_CANDIDATE_REQUIRES_NODE_REVIEW,core/automation-engine/src/main/java/com/nexaflow/core/engine/CalendarMonitor.kt,NOT_TESTED
CALENDAR,ui_validation,domain/src/main/java/com/nexaflow/domain/catalog/NodeConfigurationValidator.kt|feature/automation-builder/src/main/java/com/nexaflow/feature/builder/AutomationBuilderViewModel.kt,SHARED_OWNER_CANDIDATE_REQUIRES_NODE_REVIEW,core/automation-engine/src/main/java/com/nexaflow/core/engine/CalendarMonitor.kt,NOT_TESTED
CALENDAR,save,feature/automation-builder/src/main/java/com/nexaflow/feature/builder/AutomationBuilderViewModel.kt|data/src/main/java/com/nexaflow/data/repository/AutomationRepositoryImpl.kt,SHARED_OWNER_CANDIDATE_REQUIRES_NODE_REVIEW,core/automation-engine/src/main/java/com/nexaflow/core/engine/CalendarMonitor.kt,NOT_TESTED
CALENDAR,room_serialization,core/database/src/main/java/com/nexaflow/core/database/Converters.kt|data/src/main/java/com/nexaflow/data/mapper/AutomationMapper.kt,SHARED_OWNER_CANDIDATE_REQUIRES_NODE_REVIEW,core/automation-engine/src/main/java/com/nexaflow/core/engine/CalendarMonitor.kt,NOT_TESTED
CALENDAR,migration,data/src/main/java/com/nexaflow/data/repository/CanonicalWorkflowMigrationRunner.kt,SHARED_OWNER_CANDIDATE_REQUIRES_NODE_REVIEW,core/automation-engine/src/main/java/com/nexaflow/core/engine/CalendarMonitor.kt,NOT_TESTED
CALENDAR,reload,data/src/main/java/com/nexaflow/data/mapper/AutomationMapper.kt|data/src/main/java/com/nexaflow/data/repository/AutomationRepositoryImpl.kt,SHARED_OWNER_CANDIDATE_REQUIRES_NODE_REVIEW,core/automation-engine/src/main/java/com/nexaflow/core/engine/CalendarMonitor.kt,NOT_TESTED
CALENDAR,admission,core/automation-engine/src/main/java/com/nexaflow/core/engine/TriggerIndex.kt|core/execution/src/main/java/com/nexaflow/core/execution/ExecutionEngine.kt,SHARED_OWNER_CANDIDATE_REQUIRES_NODE_REVIEW,core/automation-engine/src/main/java/com/nexaflow/core/engine/CalendarMonitor.kt,NOT_TESTED
CALENDAR,dispatch,core/automation-engine/src/main/java/com/nexaflow/core/engine/TriggerIndex.kt|core/execution/src/main/java/com/nexaflow/core/execution/handler/ActionRegistry.kt|core/execution/src/main/java/com/nexaflow/core/execution/workflow/WorkflowInterpreter.kt,SHARED_OWNER_CANDIDATE_REQUIRES_NODE_REVIEW,core/automation-engine/src/main/java/com/nexaflow/core/engine/CalendarMonitor.kt,NOT_TESTED
CALENDAR,read_back,core/execution/src/main/java/com/nexaflow/core/execution/DeviceStateSnapshot.kt|domain/src/main/java/com/nexaflow/domain/models/ExecutionRecord.kt,SHARED_OWNER_CANDIDATE_REQUIRES_NODE_REVIEW,core/automation-engine/src/main/java/com/nexaflow/core/engine/CalendarMonitor.kt,NOT_TESTED
CALENDAR,exit,core/execution/src/main/java/com/nexaflow/core/execution/ExecutionEngine.kt,SHARED_OWNER_CANDIDATE_REQUIRES_NODE_REVIEW,core/automation-engine/src/main/java/com/nexaflow/core/engine/CalendarMonitor.kt,NOT_TESTED
CALENDAR,history,data/src/main/java/com/nexaflow/data/repository/HistoryRepositoryImpl.kt|core/execution/src/main/java/com/nexaflow/core/execution/ExecutionEngine.kt,SHARED_OWNER_CANDIDATE_REQUIRES_NODE_REVIEW,core/automation-engine/src/main/java/com/nexaflow/core/engine/CalendarMonitor.kt,NOT_TESTED
CALENDAR,recovery,core/datastore/src/main/java/com/nexaflow/core/datastore/ActiveExecutionStore.kt|core/execution/src/main/java/com/nexaflow/core/execution/recovery/ExecutionRecoveryCoordinator.kt,SHARED_OWNER_CANDIDATE_REQUIRES_NODE_REVIEW,core/automation-engine/src/main/java/com/nexaflow/core/engine/CalendarMonitor.kt,NOT_TESTED
CALENDAR,import_export,data/src/main/java/com/nexaflow/data/backup/BackupManager.kt,SHARED_OWNER_CANDIDATE_REQUIRES_NODE_REVIEW,core/automation-engine/src/main/java/com/nexaflow/core/engine/CalendarMonitor.kt,NOT_TESTED
CALENDAR,identity_version,domain/src/main/java/com/nexaflow/domain/catalog/AutomationNodeCatalog.kt|domain/src/main/java/com/nexaflow/domain/models/Automation.kt,SHARED_OWNER_CANDIDATE_REQUIRES_NODE_REVIEW,core/automation-engine/src/main/java/com/nexaflow/core/engine/CalendarMonitor.kt,NOT_TESTED
SENSOR,picker,feature/automation-builder/src/main/java/com/nexaflow/feature/builder/TriggerCatalogPresentation.kt|feature/automation-builder/src/main/java/com/nexaflow/feature/builder/BuilderActionCatalog.kt,SHARED_OWNER_CANDIDATE_REQUIRES_NODE_REVIEW,core/automation-engine/src/main/java/com/nexaflow/core/engine/SensorMonitor.kt|core/automation-engine/src/main/java/com/nexaflow/core/engine/SensorTriggerMatcher.kt,NOT_TESTED
SENSOR,draft,feature/automation-builder/src/main/java/com/nexaflow/feature/builder/AutomationBuilderScreen.kt|feature/automation-builder/src/main/java/com/nexaflow/feature/builder/TriggerEditorCard.kt|feature/automation-builder/src/main/java/com/nexaflow/feature/builder/ActionConfigEditor.kt,SHARED_OWNER_CANDIDATE_REQUIRES_NODE_REVIEW,core/automation-engine/src/main/java/com/nexaflow/core/engine/SensorMonitor.kt|core/automation-engine/src/main/java/com/nexaflow/core/engine/SensorTriggerMatcher.kt,NOT_TESTED
SENSOR,ui_validation,domain/src/main/java/com/nexaflow/domain/catalog/NodeConfigurationValidator.kt|feature/automation-builder/src/main/java/com/nexaflow/feature/builder/AutomationBuilderViewModel.kt,SHARED_OWNER_CANDIDATE_REQUIRES_NODE_REVIEW,core/automation-engine/src/main/java/com/nexaflow/core/engine/SensorMonitor.kt|core/automation-engine/src/main/java/com/nexaflow/core/engine/SensorTriggerMatcher.kt,NOT_TESTED
SENSOR,save,feature/automation-builder/src/main/java/com/nexaflow/feature/builder/AutomationBuilderViewModel.kt|data/src/main/java/com/nexaflow/data/repository/AutomationRepositoryImpl.kt,SHARED_OWNER_CANDIDATE_REQUIRES_NODE_REVIEW,core/automation-engine/src/main/java/com/nexaflow/core/engine/SensorMonitor.kt|core/automation-engine/src/main/java/com/nexaflow/core/engine/SensorTriggerMatcher.kt,NOT_TESTED
SENSOR,room_serialization,core/database/src/main/java/com/nexaflow/core/database/Converters.kt|data/src/main/java/com/nexaflow/data/mapper/AutomationMapper.kt,SHARED_OWNER_CANDIDATE_REQUIRES_NODE_REVIEW,core/automation-engine/src/main/java/com/nexaflow/core/engine/SensorMonitor.kt|core/automation-engine/src/main/java/com/nexaflow/core/engine/SensorTriggerMatcher.kt,NOT_TESTED
SENSOR,migration,data/src/main/java/com/nexaflow/data/repository/CanonicalWorkflowMigrationRunner.kt,SHARED_OWNER_CANDIDATE_REQUIRES_NODE_REVIEW,core/automation-engine/src/main/java/com/nexaflow/core/engine/SensorMonitor.kt|core/automation-engine/src/main/java/com/nexaflow/core/engine/SensorTriggerMatcher.kt,NOT_TESTED
SENSOR,reload,data/src/main/java/com/nexaflow/data/mapper/AutomationMapper.kt|data/src/main/java/com/nexaflow/data/repository/AutomationRepositoryImpl.kt,SHARED_OWNER_CANDIDATE_REQUIRES_NODE_REVIEW,core/automation-engine/src/main/java/com/nexaflow/core/engine/SensorMonitor.kt|core/automation-engine/src/main/java/com/nexaflow/core/engine/SensorTriggerMatcher.kt,NOT_TESTED
SENSOR,admission,core/automation-engine/src/main/java/com/nexaflow/core/engine/TriggerIndex.kt|core/execution/src/main/java/com/nexaflow/core/execution/ExecutionEngine.kt,SHARED_OWNER_CANDIDATE_REQUIRES_NODE_REVIEW,core/automation-engine/src/main/java/com/nexaflow/core/engine/SensorMonitor.kt|core/automation-engine/src/main/java/com/nexaflow/core/engine/SensorTriggerMatcher.kt,NOT_TESTED
SENSOR,dispatch,core/automation-engine/src/main/java/com/nexaflow/core/engine/TriggerIndex.kt|core/execution/src/main/java/com/nexaflow/core/execution/handler/ActionRegistry.kt|core/execution/src/main/java/com/nexaflow/core/execution/workflow/WorkflowInterpreter.kt,SHARED_OWNER_CANDIDATE_REQUIRES_NODE_REVIEW,core/automation-engine/src/main/java/com/nexaflow/core/engine/SensorMonitor.kt|core/automation-engine/src/main/java/com/nexaflow/core/engine/SensorTriggerMatcher.kt,NOT_TESTED
SENSOR,read_back,core/execution/src/main/java/com/nexaflow/core/execution/DeviceStateSnapshot.kt|domain/src/main/java/com/nexaflow/domain/models/ExecutionRecord.kt,SHARED_OWNER_CANDIDATE_REQUIRES_NODE_REVIEW,core/automation-engine/src/main/java/com/nexaflow/core/engine/SensorMonitor.kt|core/automation-engine/src/main/java/com/nexaflow/core/engine/SensorTriggerMatcher.kt,NOT_TESTED
SENSOR,exit,core/execution/src/main/java/com/nexaflow/core/execution/ExecutionEngine.kt,SHARED_OWNER_CANDIDATE_REQUIRES_NODE_REVIEW,core/automation-engine/src/main/java/com/nexaflow/core/engine/SensorMonitor.kt|core/automation-engine/src/main/java/com/nexaflow/core/engine/SensorTriggerMatcher.kt,NOT_TESTED
SENSOR,history,data/src/main/java/com/nexaflow/data/repository/HistoryRepositoryImpl.kt|core/execution/src/main/java/com/nexaflow/core/execution/ExecutionEngine.kt,SHARED_OWNER_CANDIDATE_REQUIRES_NODE_REVIEW,core/automation-engine/src/main/java/com/nexaflow/core/engine/SensorMonitor.kt|core/automation-engine/src/main/java/com/nexaflow/core/engine/SensorTriggerMatcher.kt,NOT_TESTED
SENSOR,recovery,core/datastore/src/main/java/com/nexaflow/core/datastore/ActiveExecutionStore.kt|core/execution/src/main/java/com/nexaflow/core/execution/recovery/ExecutionRecoveryCoordinator.kt,SHARED_OWNER_CANDIDATE_REQUIRES_NODE_REVIEW,core/automation-engine/src/main/java/com/nexaflow/core/engine/SensorMonitor.kt|core/automation-engine/src/main/java/com/nexaflow/core/engine/SensorTriggerMatcher.kt,NOT_TESTED
SENSOR,import_export,data/src/main/java/com/nexaflow/data/backup/BackupManager.kt,SHARED_OWNER_CANDIDATE_REQUIRES_NODE_REVIEW,core/automation-engine/src/main/java/com/nexaflow/core/engine/SensorMonitor.kt|core/automation-engine/src/main/java/com/nexaflow/core/engine/SensorTriggerMatcher.kt,NOT_TESTED
SENSOR,identity_version,domain/src/main/java/com/nexaflow/domain/catalog/AutomationNodeCatalog.kt|domain/src/main/java/com/nexaflow/domain/models/Automation.kt,SHARED_OWNER_CANDIDATE_REQUIRES_NODE_REVIEW,core/automation-engine/src/main/java/com/nexaflow/core/engine/SensorMonitor.kt|core/automation-engine/src/main/java/com/nexaflow/core/engine/SensorTriggerMatcher.kt,NOT_TESTED
WEBHOOK,picker,feature/automation-builder/src/main/java/com/nexaflow/feature/builder/TriggerCatalogPresentation.kt|feature/automation-builder/src/main/java/com/nexaflow/feature/builder/BuilderActionCatalog.kt,SHARED_OWNER_CANDIDATE_REQUIRES_NODE_REVIEW,core/automation-engine/src/main/java/com/nexaflow/core/engine/WebhookServer.kt|core/automation-engine/src/main/java/com/nexaflow/core/engine/WebhookTriggerMatcher.kt,NOT_TESTED
WEBHOOK,draft,feature/automation-builder/src/main/java/com/nexaflow/feature/builder/AutomationBuilderScreen.kt|feature/automation-builder/src/main/java/com/nexaflow/feature/builder/TriggerEditorCard.kt|feature/automation-builder/src/main/java/com/nexaflow/feature/builder/ActionConfigEditor.kt,SHARED_OWNER_CANDIDATE_REQUIRES_NODE_REVIEW,core/automation-engine/src/main/java/com/nexaflow/core/engine/WebhookServer.kt|core/automation-engine/src/main/java/com/nexaflow/core/engine/WebhookTriggerMatcher.kt,NOT_TESTED
WEBHOOK,ui_validation,domain/src/main/java/com/nexaflow/domain/catalog/NodeConfigurationValidator.kt|feature/automation-builder/src/main/java/com/nexaflow/feature/builder/AutomationBuilderViewModel.kt,SHARED_OWNER_CANDIDATE_REQUIRES_NODE_REVIEW,core/automation-engine/src/main/java/com/nexaflow/core/engine/WebhookServer.kt|core/automation-engine/src/main/java/com/nexaflow/core/engine/WebhookTriggerMatcher.kt,NOT_TESTED
WEBHOOK,save,feature/automation-builder/src/main/java/com/nexaflow/feature/builder/AutomationBuilderViewModel.kt|data/src/main/java/com/nexaflow/data/repository/AutomationRepositoryImpl.kt,SHARED_OWNER_CANDIDATE_REQUIRES_NODE_REVIEW,core/automation-engine/src/main/java/com/nexaflow/core/engine/WebhookServer.kt|core/automation-engine/src/main/java/com/nexaflow/core/engine/WebhookTriggerMatcher.kt,NOT_TESTED
WEBHOOK,room_serialization,core/database/src/main/java/com/nexaflow/core/database/Converters.kt|data/src/main/java/com/nexaflow/data/mapper/AutomationMapper.kt,SHARED_OWNER_CANDIDATE_REQUIRES_NODE_REVIEW,core/automation-engine/src/main/java/com/nexaflow/core/engine/WebhookServer.kt|core/automation-engine/src/main/java/com/nexaflow/core/engine/WebhookTriggerMatcher.kt,NOT_TESTED
WEBHOOK,migration,data/src/main/java/com/nexaflow/data/repository/CanonicalWorkflowMigrationRunner.kt,SHARED_OWNER_CANDIDATE_REQUIRES_NODE_REVIEW,core/automation-engine/src/main/java/com/nexaflow/core/engine/WebhookServer.kt|core/automation-engine/src/main/java/com/nexaflow/core/engine/WebhookTriggerMatcher.kt,NOT_TESTED
WEBHOOK,reload,data/src/main/java/com/nexaflow/data/mapper/AutomationMapper.kt|data/src/main/java/com/nexaflow/data/repository/AutomationRepositoryImpl.kt,SHARED_OWNER_CANDIDATE_REQUIRES_NODE_REVIEW,core/automation-engine/src/main/java/com/nexaflow/core/engine/WebhookServer.kt|core/automation-engine/src/main/java/com/nexaflow/core/engine/WebhookTriggerMatcher.kt,NOT_TESTED
WEBHOOK,admission,core/automation-engine/src/main/java/com/nexaflow/core/engine/TriggerIndex.kt|core/execution/src/main/java/com/nexaflow/core/execution/ExecutionEngine.kt,SHARED_OWNER_CANDIDATE_REQUIRES_NODE_REVIEW,core/automation-engine/src/main/java/com/nexaflow/core/engine/WebhookServer.kt|core/automation-engine/src/main/java/com/nexaflow/core/engine/WebhookTriggerMatcher.kt,NOT_TESTED
WEBHOOK,dispatch,core/automation-engine/src/main/java/com/nexaflow/core/engine/TriggerIndex.kt|core/execution/src/main/java/com/nexaflow/core/execution/handler/ActionRegistry.kt|core/execution/src/main/java/com/nexaflow/core/execution/workflow/WorkflowInterpreter.kt,SHARED_OWNER_CANDIDATE_REQUIRES_NODE_REVIEW,core/automation-engine/src/main/java/com/nexaflow/core/engine/WebhookServer.kt|core/automation-engine/src/main/java/com/nexaflow/core/engine/WebhookTriggerMatcher.kt,NOT_TESTED
WEBHOOK,read_back,core/execution/src/main/java/com/nexaflow/core/execution/DeviceStateSnapshot.kt|domain/src/main/java/com/nexaflow/domain/models/ExecutionRecord.kt,SHARED_OWNER_CANDIDATE_REQUIRES_NODE_REVIEW,core/automation-engine/src/main/java/com/nexaflow/core/engine/WebhookServer.kt|core/automation-engine/src/main/java/com/nexaflow/core/engine/WebhookTriggerMatcher.kt,NOT_TESTED
WEBHOOK,exit,core/execution/src/main/java/com/nexaflow/core/execution/ExecutionEngine.kt,SHARED_OWNER_CANDIDATE_REQUIRES_NODE_REVIEW,core/automation-engine/src/main/java/com/nexaflow/core/engine/WebhookServer.kt|core/automation-engine/src/main/java/com/nexaflow/core/engine/WebhookTriggerMatcher.kt,NOT_TESTED
WEBHOOK,history,data/src/main/java/com/nexaflow/data/repository/HistoryRepositoryImpl.kt|core/execution/src/main/java/com/nexaflow/core/execution/ExecutionEngine.kt,SHARED_OWNER_CANDIDATE_REQUIRES_NODE_REVIEW,core/automation-engine/src/main/java/com/nexaflow/core/engine/WebhookServer.kt|core/automation-engine/src/main/java/com/nexaflow/core/engine/WebhookTriggerMatcher.kt,NOT_TESTED
WEBHOOK,recovery,core/datastore/src/main/java/com/nexaflow/core/datastore/ActiveExecutionStore.kt|core/execution/src/main/java/com/nexaflow/core/execution/recovery/ExecutionRecoveryCoordinator.kt,SHARED_OWNER_CANDIDATE_REQUIRES_NODE_REVIEW,core/automation-engine/src/main/java/com/nexaflow/core/engine/WebhookServer.kt|core/automation-engine/src/main/java/com/nexaflow/core/engine/WebhookTriggerMatcher.kt,NOT_TESTED
WEBHOOK,import_export,data/src/main/java/com/nexaflow/data/backup/BackupManager.kt,SHARED_OWNER_CANDIDATE_REQUIRES_NODE_REVIEW,core/automation-engine/src/main/java/com/nexaflow/core/engine/WebhookServer.kt|core/automation-engine/src/main/java/com/nexaflow/core/engine/WebhookTriggerMatcher.kt,NOT_TESTED
WEBHOOK,identity_version,domain/src/main/java/com/nexaflow/domain/catalog/AutomationNodeCatalog.kt|domain/src/main/java/com/nexaflow/domain/models/Automation.kt,SHARED_OWNER_CANDIDATE_REQUIRES_NODE_REVIEW,core/automation-engine/src/main/java/com/nexaflow/core/engine/WebhookServer.kt|core/automation-engine/src/main/java/com/nexaflow/core/engine/WebhookTriggerMatcher.kt,NOT_TESTED
ROM_SETTING,picker,feature/automation-builder/src/main/java/com/nexaflow/feature/builder/TriggerCatalogPresentation.kt|feature/automation-builder/src/main/java/com/nexaflow/feature/builder/BuilderActionCatalog.kt,SHARED_OWNER_CANDIDATE_REQUIRES_NODE_REVIEW,core/automation-engine/src/main/java/com/nexaflow/core/engine/RomSettingMonitor.kt,NOT_TESTED
ROM_SETTING,draft,feature/automation-builder/src/main/java/com/nexaflow/feature/builder/AutomationBuilderScreen.kt|feature/automation-builder/src/main/java/com/nexaflow/feature/builder/TriggerEditorCard.kt|feature/automation-builder/src/main/java/com/nexaflow/feature/builder/ActionConfigEditor.kt,SHARED_OWNER_CANDIDATE_REQUIRES_NODE_REVIEW,core/automation-engine/src/main/java/com/nexaflow/core/engine/RomSettingMonitor.kt,NOT_TESTED
ROM_SETTING,ui_validation,domain/src/main/java/com/nexaflow/domain/catalog/NodeConfigurationValidator.kt|feature/automation-builder/src/main/java/com/nexaflow/feature/builder/AutomationBuilderViewModel.kt,SHARED_OWNER_CANDIDATE_REQUIRES_NODE_REVIEW,core/automation-engine/src/main/java/com/nexaflow/core/engine/RomSettingMonitor.kt,NOT_TESTED
ROM_SETTING,save,feature/automation-builder/src/main/java/com/nexaflow/feature/builder/AutomationBuilderViewModel.kt|data/src/main/java/com/nexaflow/data/repository/AutomationRepositoryImpl.kt,SHARED_OWNER_CANDIDATE_REQUIRES_NODE_REVIEW,core/automation-engine/src/main/java/com/nexaflow/core/engine/RomSettingMonitor.kt,NOT_TESTED
ROM_SETTING,room_serialization,core/database/src/main/java/com/nexaflow/core/database/Converters.kt|data/src/main/java/com/nexaflow/data/mapper/AutomationMapper.kt,SHARED_OWNER_CANDIDATE_REQUIRES_NODE_REVIEW,core/automation-engine/src/main/java/com/nexaflow/core/engine/RomSettingMonitor.kt,NOT_TESTED
ROM_SETTING,migration,data/src/main/java/com/nexaflow/data/repository/CanonicalWorkflowMigrationRunner.kt,SHARED_OWNER_CANDIDATE_REQUIRES_NODE_REVIEW,core/automation-engine/src/main/java/com/nexaflow/core/engine/RomSettingMonitor.kt,NOT_TESTED
ROM_SETTING,reload,data/src/main/java/com/nexaflow/data/mapper/AutomationMapper.kt|data/src/main/java/com/nexaflow/data/repository/AutomationRepositoryImpl.kt,SHARED_OWNER_CANDIDATE_REQUIRES_NODE_REVIEW,core/automation-engine/src/main/java/com/nexaflow/core/engine/RomSettingMonitor.kt,NOT_TESTED
ROM_SETTING,admission,core/automation-engine/src/main/java/com/nexaflow/core/engine/TriggerIndex.kt|core/execution/src/main/java/com/nexaflow/core/execution/ExecutionEngine.kt,SHARED_OWNER_CANDIDATE_REQUIRES_NODE_REVIEW,core/automation-engine/src/main/java/com/nexaflow/core/engine/RomSettingMonitor.kt,NOT_TESTED
ROM_SETTING,dispatch,core/automation-engine/src/main/java/com/nexaflow/core/engine/TriggerIndex.kt|core/execution/src/main/java/com/nexaflow/core/execution/handler/ActionRegistry.kt|core/execution/src/main/java/com/nexaflow/core/execution/workflow/WorkflowInterpreter.kt,SHARED_OWNER_CANDIDATE_REQUIRES_NODE_REVIEW,core/automation-engine/src/main/java/com/nexaflow/core/engine/RomSettingMonitor.kt,NOT_TESTED
ROM_SETTING,read_back,core/execution/src/main/java/com/nexaflow/core/execution/DeviceStateSnapshot.kt|domain/src/main/java/com/nexaflow/domain/models/ExecutionRecord.kt,SHARED_OWNER_CANDIDATE_REQUIRES_NODE_REVIEW,core/automation-engine/src/main/java/com/nexaflow/core/engine/RomSettingMonitor.kt,NOT_TESTED
ROM_SETTING,exit,core/execution/src/main/java/com/nexaflow/core/execution/ExecutionEngine.kt,SHARED_OWNER_CANDIDATE_REQUIRES_NODE_REVIEW,core/automation-engine/src/main/java/com/nexaflow/core/engine/RomSettingMonitor.kt,NOT_TESTED
ROM_SETTING,history,data/src/main/java/com/nexaflow/data/repository/HistoryRepositoryImpl.kt|core/execution/src/main/java/com/nexaflow/core/execution/ExecutionEngine.kt,SHARED_OWNER_CANDIDATE_REQUIRES_NODE_REVIEW,core/automation-engine/src/main/java/com/nexaflow/core/engine/RomSettingMonitor.kt,NOT_TESTED
ROM_SETTING,recovery,core/datastore/src/main/java/com/nexaflow/core/datastore/ActiveExecutionStore.kt|core/execution/src/main/java/com/nexaflow/core/execution/recovery/ExecutionRecoveryCoordinator.kt,SHARED_OWNER_CANDIDATE_REQUIRES_NODE_REVIEW,core/automation-engine/src/main/java/com/nexaflow/core/engine/RomSettingMonitor.kt,NOT_TESTED
ROM_SETTING,import_export,data/src/main/java/com/nexaflow/data/backup/BackupManager.kt,SHARED_OWNER_CANDIDATE_REQUIRES_NODE_REVIEW,core/automation-engine/src/main/java/com/nexaflow/core/engine/RomSettingMonitor.kt,NOT_TESTED
ROM_SETTING,identity_version,domain/src/main/java/com/nexaflow/domain/catalog/AutomationNodeCatalog.kt|domain/src/main/java/com/nexaflow/domain/models/Automation.kt,SHARED_OWNER_CANDIDATE_REQUIRES_NODE_REVIEW,core/automation-engine/src/main/java/com/nexaflow/core/engine/RomSettingMonitor.kt,NOT_TESTED
HEADPHONE,picker,feature/automation-builder/src/main/java/com/nexaflow/feature/builder/TriggerCatalogPresentation.kt|feature/automation-builder/src/main/java/com/nexaflow/feature/builder/BuilderActionCatalog.kt,SHARED_OWNER_CANDIDATE_REQUIRES_NODE_REVIEW,core/automation-engine/src/main/java/com/nexaflow/core/engine/DeviceEventMonitor.kt,NOT_TESTED
HEADPHONE,draft,feature/automation-builder/src/main/java/com/nexaflow/feature/builder/AutomationBuilderScreen.kt|feature/automation-builder/src/main/java/com/nexaflow/feature/builder/TriggerEditorCard.kt|feature/automation-builder/src/main/java/com/nexaflow/feature/builder/ActionConfigEditor.kt,SHARED_OWNER_CANDIDATE_REQUIRES_NODE_REVIEW,core/automation-engine/src/main/java/com/nexaflow/core/engine/DeviceEventMonitor.kt,NOT_TESTED
HEADPHONE,ui_validation,domain/src/main/java/com/nexaflow/domain/catalog/NodeConfigurationValidator.kt|feature/automation-builder/src/main/java/com/nexaflow/feature/builder/AutomationBuilderViewModel.kt,SHARED_OWNER_CANDIDATE_REQUIRES_NODE_REVIEW,core/automation-engine/src/main/java/com/nexaflow/core/engine/DeviceEventMonitor.kt,NOT_TESTED
HEADPHONE,save,feature/automation-builder/src/main/java/com/nexaflow/feature/builder/AutomationBuilderViewModel.kt|data/src/main/java/com/nexaflow/data/repository/AutomationRepositoryImpl.kt,SHARED_OWNER_CANDIDATE_REQUIRES_NODE_REVIEW,core/automation-engine/src/main/java/com/nexaflow/core/engine/DeviceEventMonitor.kt,NOT_TESTED
HEADPHONE,room_serialization,core/database/src/main/java/com/nexaflow/core/database/Converters.kt|data/src/main/java/com/nexaflow/data/mapper/AutomationMapper.kt,SHARED_OWNER_CANDIDATE_REQUIRES_NODE_REVIEW,core/automation-engine/src/main/java/com/nexaflow/core/engine/DeviceEventMonitor.kt,NOT_TESTED
HEADPHONE,migration,data/src/main/java/com/nexaflow/data/repository/CanonicalWorkflowMigrationRunner.kt,SHARED_OWNER_CANDIDATE_REQUIRES_NODE_REVIEW,core/automation-engine/src/main/java/com/nexaflow/core/engine/DeviceEventMonitor.kt,NOT_TESTED
HEADPHONE,reload,data/src/main/java/com/nexaflow/data/mapper/AutomationMapper.kt|data/src/main/java/com/nexaflow/data/repository/AutomationRepositoryImpl.kt,SHARED_OWNER_CANDIDATE_REQUIRES_NODE_REVIEW,core/automation-engine/src/main/java/com/nexaflow/core/engine/DeviceEventMonitor.kt,NOT_TESTED
HEADPHONE,admission,core/automation-engine/src/main/java/com/nexaflow/core/engine/TriggerIndex.kt|core/execution/src/main/java/com/nexaflow/core/execution/ExecutionEngine.kt,SHARED_OWNER_CANDIDATE_REQUIRES_NODE_REVIEW,core/automation-engine/src/main/java/com/nexaflow/core/engine/DeviceEventMonitor.kt,NOT_TESTED
HEADPHONE,dispatch,core/automation-engine/src/main/java/com/nexaflow/core/engine/TriggerIndex.kt|core/execution/src/main/java/com/nexaflow/core/execution/handler/ActionRegistry.kt|core/execution/src/main/java/com/nexaflow/core/execution/workflow/WorkflowInterpreter.kt,SHARED_OWNER_CANDIDATE_REQUIRES_NODE_REVIEW,core/automation-engine/src/main/java/com/nexaflow/core/engine/DeviceEventMonitor.kt,NOT_TESTED
HEADPHONE,read_back,core/execution/src/main/java/com/nexaflow/core/execution/DeviceStateSnapshot.kt|domain/src/main/java/com/nexaflow/domain/models/ExecutionRecord.kt,SHARED_OWNER_CANDIDATE_REQUIRES_NODE_REVIEW,core/automation-engine/src/main/java/com/nexaflow/core/engine/DeviceEventMonitor.kt,NOT_TESTED
HEADPHONE,exit,core/execution/src/main/java/com/nexaflow/core/execution/ExecutionEngine.kt,SHARED_OWNER_CANDIDATE_REQUIRES_NODE_REVIEW,core/automation-engine/src/main/java/com/nexaflow/core/engine/DeviceEventMonitor.kt,NOT_TESTED
HEADPHONE,history,data/src/main/java/com/nexaflow/data/repository/HistoryRepositoryImpl.kt|core/execution/src/main/java/com/nexaflow/core/execution/ExecutionEngine.kt,SHARED_OWNER_CANDIDATE_REQUIRES_NODE_REVIEW,core/automation-engine/src/main/java/com/nexaflow/core/engine/DeviceEventMonitor.kt,NOT_TESTED
HEADPHONE,recovery,core/datastore/src/main/java/com/nexaflow/core/datastore/ActiveExecutionStore.kt|core/execution/src/main/java/com/nexaflow/core/execution/recovery/ExecutionRecoveryCoordinator.kt,SHARED_OWNER_CANDIDATE_REQUIRES_NODE_REVIEW,core/automation-engine/src/main/java/com/nexaflow/core/engine/DeviceEventMonitor.kt,NOT_TESTED
HEADPHONE,import_export,data/src/main/java/com/nexaflow/data/backup/BackupManager.kt,SHARED_OWNER_CANDIDATE_REQUIRES_NODE_REVIEW,core/automation-engine/src/main/java/com/nexaflow/core/engine/DeviceEventMonitor.kt,NOT_TESTED
HEADPHONE,identity_version,domain/src/main/java/com/nexaflow/domain/catalog/AutomationNodeCatalog.kt|domain/src/main/java/com/nexaflow/domain/models/Automation.kt,SHARED_OWNER_CANDIDATE_REQUIRES_NODE_REVIEW,core/automation-engine/src/main/java/com/nexaflow/core/engine/DeviceEventMonitor.kt,NOT_TESTED
CHARGER,picker,feature/automation-builder/src/main/java/com/nexaflow/feature/builder/TriggerCatalogPresentation.kt|feature/automation-builder/src/main/java/com/nexaflow/feature/builder/BuilderActionCatalog.kt,SHARED_OWNER_CANDIDATE_REQUIRES_NODE_REVIEW,core/automation-engine/src/main/java/com/nexaflow/core/engine/BatteryMonitor.kt,NOT_TESTED
CHARGER,draft,feature/automation-builder/src/main/java/com/nexaflow/feature/builder/AutomationBuilderScreen.kt|feature/automation-builder/src/main/java/com/nexaflow/feature/builder/TriggerEditorCard.kt|feature/automation-builder/src/main/java/com/nexaflow/feature/builder/ActionConfigEditor.kt,SHARED_OWNER_CANDIDATE_REQUIRES_NODE_REVIEW,core/automation-engine/src/main/java/com/nexaflow/core/engine/BatteryMonitor.kt,NOT_TESTED
CHARGER,ui_validation,domain/src/main/java/com/nexaflow/domain/catalog/NodeConfigurationValidator.kt|feature/automation-builder/src/main/java/com/nexaflow/feature/builder/AutomationBuilderViewModel.kt,SHARED_OWNER_CANDIDATE_REQUIRES_NODE_REVIEW,core/automation-engine/src/main/java/com/nexaflow/core/engine/BatteryMonitor.kt,NOT_TESTED
CHARGER,save,feature/automation-builder/src/main/java/com/nexaflow/feature/builder/AutomationBuilderViewModel.kt|data/src/main/java/com/nexaflow/data/repository/AutomationRepositoryImpl.kt,SHARED_OWNER_CANDIDATE_REQUIRES_NODE_REVIEW,core/automation-engine/src/main/java/com/nexaflow/core/engine/BatteryMonitor.kt,NOT_TESTED
CHARGER,room_serialization,core/database/src/main/java/com/nexaflow/core/database/Converters.kt|data/src/main/java/com/nexaflow/data/mapper/AutomationMapper.kt,SHARED_OWNER_CANDIDATE_REQUIRES_NODE_REVIEW,core/automation-engine/src/main/java/com/nexaflow/core/engine/BatteryMonitor.kt,NOT_TESTED
CHARGER,migration,data/src/main/java/com/nexaflow/data/repository/CanonicalWorkflowMigrationRunner.kt,SHARED_OWNER_CANDIDATE_REQUIRES_NODE_REVIEW,core/automation-engine/src/main/java/com/nexaflow/core/engine/BatteryMonitor.kt,NOT_TESTED
CHARGER,reload,data/src/main/java/com/nexaflow/data/mapper/AutomationMapper.kt|data/src/main/java/com/nexaflow/data/repository/AutomationRepositoryImpl.kt,SHARED_OWNER_CANDIDATE_REQUIRES_NODE_REVIEW,core/automation-engine/src/main/java/com/nexaflow/core/engine/BatteryMonitor.kt,NOT_TESTED
CHARGER,admission,core/automation-engine/src/main/java/com/nexaflow/core/engine/TriggerIndex.kt|core/execution/src/main/java/com/nexaflow/core/execution/ExecutionEngine.kt,SHARED_OWNER_CANDIDATE_REQUIRES_NODE_REVIEW,core/automation-engine/src/main/java/com/nexaflow/core/engine/BatteryMonitor.kt,NOT_TESTED
CHARGER,dispatch,core/automation-engine/src/main/java/com/nexaflow/core/engine/TriggerIndex.kt|core/execution/src/main/java/com/nexaflow/core/execution/handler/ActionRegistry.kt|core/execution/src/main/java/com/nexaflow/core/execution/workflow/WorkflowInterpreter.kt,SHARED_OWNER_CANDIDATE_REQUIRES_NODE_REVIEW,core/automation-engine/src/main/java/com/nexaflow/core/engine/BatteryMonitor.kt,NOT_TESTED
CHARGER,read_back,core/execution/src/main/java/com/nexaflow/core/execution/DeviceStateSnapshot.kt|domain/src/main/java/com/nexaflow/domain/models/ExecutionRecord.kt,SHARED_OWNER_CANDIDATE_REQUIRES_NODE_REVIEW,core/automation-engine/src/main/java/com/nexaflow/core/engine/BatteryMonitor.kt,NOT_TESTED
CHARGER,exit,core/execution/src/main/java/com/nexaflow/core/execution/ExecutionEngine.kt,SHARED_OWNER_CANDIDATE_REQUIRES_NODE_REVIEW,core/automation-engine/src/main/java/com/nexaflow/core/engine/BatteryMonitor.kt,NOT_TESTED
CHARGER,history,data/src/main/java/com/nexaflow/data/repository/HistoryRepositoryImpl.kt|core/execution/src/main/java/com/nexaflow/core/execution/ExecutionEngine.kt,SHARED_OWNER_CANDIDATE_REQUIRES_NODE_REVIEW,core/automation-engine/src/main/java/com/nexaflow/core/engine/BatteryMonitor.kt,NOT_TESTED
CHARGER,recovery,core/datastore/src/main/java/com/nexaflow/core/datastore/ActiveExecutionStore.kt|core/execution/src/main/java/com/nexaflow/core/execution/recovery/ExecutionRecoveryCoordinator.kt,SHARED_OWNER_CANDIDATE_REQUIRES_NODE_REVIEW,core/automation-engine/src/main/java/com/nexaflow/core/engine/BatteryMonitor.kt,NOT_TESTED
CHARGER,import_export,data/src/main/java/com/nexaflow/data/backup/BackupManager.kt,SHARED_OWNER_CANDIDATE_REQUIRES_NODE_REVIEW,core/automation-engine/src/main/java/com/nexaflow/core/engine/BatteryMonitor.kt,NOT_TESTED
CHARGER,identity_version,domain/src/main/java/com/nexaflow/domain/catalog/AutomationNodeCatalog.kt|domain/src/main/java/com/nexaflow/domain/models/Automation.kt,SHARED_OWNER_CANDIDATE_REQUIRES_NODE_REVIEW,core/automation-engine/src/main/java/com/nexaflow/core/engine/BatteryMonitor.kt,NOT_TESTED
AIRPLANE_MODE,picker,feature/automation-builder/src/main/java/com/nexaflow/feature/builder/TriggerCatalogPresentation.kt|feature/automation-builder/src/main/java/com/nexaflow/feature/builder/BuilderActionCatalog.kt,SHARED_OWNER_CANDIDATE_REQUIRES_NODE_REVIEW,core/automation-engine/src/main/java/com/nexaflow/core/engine/AirplaneModeMonitor.kt,NOT_TESTED
AIRPLANE_MODE,draft,feature/automation-builder/src/main/java/com/nexaflow/feature/builder/AutomationBuilderScreen.kt|feature/automation-builder/src/main/java/com/nexaflow/feature/builder/TriggerEditorCard.kt|feature/automation-builder/src/main/java/com/nexaflow/feature/builder/ActionConfigEditor.kt,SHARED_OWNER_CANDIDATE_REQUIRES_NODE_REVIEW,core/automation-engine/src/main/java/com/nexaflow/core/engine/AirplaneModeMonitor.kt,NOT_TESTED
AIRPLANE_MODE,ui_validation,domain/src/main/java/com/nexaflow/domain/catalog/NodeConfigurationValidator.kt|feature/automation-builder/src/main/java/com/nexaflow/feature/builder/AutomationBuilderViewModel.kt,SHARED_OWNER_CANDIDATE_REQUIRES_NODE_REVIEW,core/automation-engine/src/main/java/com/nexaflow/core/engine/AirplaneModeMonitor.kt,NOT_TESTED
AIRPLANE_MODE,save,feature/automation-builder/src/main/java/com/nexaflow/feature/builder/AutomationBuilderViewModel.kt|data/src/main/java/com/nexaflow/data/repository/AutomationRepositoryImpl.kt,SHARED_OWNER_CANDIDATE_REQUIRES_NODE_REVIEW,core/automation-engine/src/main/java/com/nexaflow/core/engine/AirplaneModeMonitor.kt,NOT_TESTED
AIRPLANE_MODE,room_serialization,core/database/src/main/java/com/nexaflow/core/database/Converters.kt|data/src/main/java/com/nexaflow/data/mapper/AutomationMapper.kt,SHARED_OWNER_CANDIDATE_REQUIRES_NODE_REVIEW,core/automation-engine/src/main/java/com/nexaflow/core/engine/AirplaneModeMonitor.kt,NOT_TESTED
AIRPLANE_MODE,migration,data/src/main/java/com/nexaflow/data/repository/CanonicalWorkflowMigrationRunner.kt,SHARED_OWNER_CANDIDATE_REQUIRES_NODE_REVIEW,core/automation-engine/src/main/java/com/nexaflow/core/engine/AirplaneModeMonitor.kt,NOT_TESTED
AIRPLANE_MODE,reload,data/src/main/java/com/nexaflow/data/mapper/AutomationMapper.kt|data/src/main/java/com/nexaflow/data/repository/AutomationRepositoryImpl.kt,SHARED_OWNER_CANDIDATE_REQUIRES_NODE_REVIEW,core/automation-engine/src/main/java/com/nexaflow/core/engine/AirplaneModeMonitor.kt,NOT_TESTED
AIRPLANE_MODE,admission,core/automation-engine/src/main/java/com/nexaflow/core/engine/TriggerIndex.kt|core/execution/src/main/java/com/nexaflow/core/execution/ExecutionEngine.kt,SHARED_OWNER_CANDIDATE_REQUIRES_NODE_REVIEW,core/automation-engine/src/main/java/com/nexaflow/core/engine/AirplaneModeMonitor.kt,NOT_TESTED
AIRPLANE_MODE,dispatch,core/automation-engine/src/main/java/com/nexaflow/core/engine/TriggerIndex.kt|core/execution/src/main/java/com/nexaflow/core/execution/handler/ActionRegistry.kt|core/execution/src/main/java/com/nexaflow/core/execution/workflow/WorkflowInterpreter.kt,SHARED_OWNER_CANDIDATE_REQUIRES_NODE_REVIEW,core/automation-engine/src/main/java/com/nexaflow/core/engine/AirplaneModeMonitor.kt,NOT_TESTED
AIRPLANE_MODE,read_back,core/execution/src/main/java/com/nexaflow/core/execution/DeviceStateSnapshot.kt|domain/src/main/java/com/nexaflow/domain/models/ExecutionRecord.kt,SHARED_OWNER_CANDIDATE_REQUIRES_NODE_REVIEW,core/automation-engine/src/main/java/com/nexaflow/core/engine/AirplaneModeMonitor.kt,NOT_TESTED
AIRPLANE_MODE,exit,core/execution/src/main/java/com/nexaflow/core/execution/ExecutionEngine.kt,SHARED_OWNER_CANDIDATE_REQUIRES_NODE_REVIEW,core/automation-engine/src/main/java/com/nexaflow/core/engine/AirplaneModeMonitor.kt,NOT_TESTED
AIRPLANE_MODE,history,data/src/main/java/com/nexaflow/data/repository/HistoryRepositoryImpl.kt|core/execution/src/main/java/com/nexaflow/core/execution/ExecutionEngine.kt,SHARED_OWNER_CANDIDATE_REQUIRES_NODE_REVIEW,core/automation-engine/src/main/java/com/nexaflow/core/engine/AirplaneModeMonitor.kt,NOT_TESTED
AIRPLANE_MODE,recovery,core/datastore/src/main/java/com/nexaflow/core/datastore/ActiveExecutionStore.kt|core/execution/src/main/java/com/nexaflow/core/execution/recovery/ExecutionRecoveryCoordinator.kt,SHARED_OWNER_CANDIDATE_REQUIRES_NODE_REVIEW,core/automation-engine/src/main/java/com/nexaflow/core/engine/AirplaneModeMonitor.kt,NOT_TESTED
AIRPLANE_MODE,import_export,data/src/main/java/com/nexaflow/data/backup/BackupManager.kt,SHARED_OWNER_CANDIDATE_REQUIRES_NODE_REVIEW,core/automation-engine/src/main/java/com/nexaflow/core/engine/AirplaneModeMonitor.kt,NOT_TESTED
AIRPLANE_MODE,identity_version,domain/src/main/java/com/nexaflow/domain/catalog/AutomationNodeCatalog.kt|domain/src/main/java/com/nexaflow/domain/models/Automation.kt,SHARED_OWNER_CANDIDATE_REQUIRES_NODE_REVIEW,core/automation-engine/src/main/java/com/nexaflow/core/engine/AirplaneModeMonitor.kt,NOT_TESTED
DARK_MODE,picker,feature/automation-builder/src/main/java/com/nexaflow/feature/builder/TriggerCatalogPresentation.kt|feature/automation-builder/src/main/java/com/nexaflow/feature/builder/BuilderActionCatalog.kt,SHARED_OWNER_CANDIDATE_REQUIRES_NODE_REVIEW,core/automation-engine/src/main/java/com/nexaflow/core/engine/DarkModeMonitor.kt,NOT_TESTED
DARK_MODE,draft,feature/automation-builder/src/main/java/com/nexaflow/feature/builder/AutomationBuilderScreen.kt|feature/automation-builder/src/main/java/com/nexaflow/feature/builder/TriggerEditorCard.kt|feature/automation-builder/src/main/java/com/nexaflow/feature/builder/ActionConfigEditor.kt,SHARED_OWNER_CANDIDATE_REQUIRES_NODE_REVIEW,core/automation-engine/src/main/java/com/nexaflow/core/engine/DarkModeMonitor.kt,NOT_TESTED
DARK_MODE,ui_validation,domain/src/main/java/com/nexaflow/domain/catalog/NodeConfigurationValidator.kt|feature/automation-builder/src/main/java/com/nexaflow/feature/builder/AutomationBuilderViewModel.kt,SHARED_OWNER_CANDIDATE_REQUIRES_NODE_REVIEW,core/automation-engine/src/main/java/com/nexaflow/core/engine/DarkModeMonitor.kt,NOT_TESTED
DARK_MODE,save,feature/automation-builder/src/main/java/com/nexaflow/feature/builder/AutomationBuilderViewModel.kt|data/src/main/java/com/nexaflow/data/repository/AutomationRepositoryImpl.kt,SHARED_OWNER_CANDIDATE_REQUIRES_NODE_REVIEW,core/automation-engine/src/main/java/com/nexaflow/core/engine/DarkModeMonitor.kt,NOT_TESTED
DARK_MODE,room_serialization,core/database/src/main/java/com/nexaflow/core/database/Converters.kt|data/src/main/java/com/nexaflow/data/mapper/AutomationMapper.kt,SHARED_OWNER_CANDIDATE_REQUIRES_NODE_REVIEW,core/automation-engine/src/main/java/com/nexaflow/core/engine/DarkModeMonitor.kt,NOT_TESTED
DARK_MODE,migration,data/src/main/java/com/nexaflow/data/repository/CanonicalWorkflowMigrationRunner.kt,SHARED_OWNER_CANDIDATE_REQUIRES_NODE_REVIEW,core/automation-engine/src/main/java/com/nexaflow/core/engine/DarkModeMonitor.kt,NOT_TESTED
DARK_MODE,reload,data/src/main/java/com/nexaflow/data/mapper/AutomationMapper.kt|data/src/main/java/com/nexaflow/data/repository/AutomationRepositoryImpl.kt,SHARED_OWNER_CANDIDATE_REQUIRES_NODE_REVIEW,core/automation-engine/src/main/java/com/nexaflow/core/engine/DarkModeMonitor.kt,NOT_TESTED
DARK_MODE,admission,core/automation-engine/src/main/java/com/nexaflow/core/engine/TriggerIndex.kt|core/execution/src/main/java/com/nexaflow/core/execution/ExecutionEngine.kt,SHARED_OWNER_CANDIDATE_REQUIRES_NODE_REVIEW,core/automation-engine/src/main/java/com/nexaflow/core/engine/DarkModeMonitor.kt,NOT_TESTED
DARK_MODE,dispatch,core/automation-engine/src/main/java/com/nexaflow/core/engine/TriggerIndex.kt|core/execution/src/main/java/com/nexaflow/core/execution/handler/ActionRegistry.kt|core/execution/src/main/java/com/nexaflow/core/execution/workflow/WorkflowInterpreter.kt,SHARED_OWNER_CANDIDATE_REQUIRES_NODE_REVIEW,core/automation-engine/src/main/java/com/nexaflow/core/engine/DarkModeMonitor.kt,NOT_TESTED
DARK_MODE,read_back,core/execution/src/main/java/com/nexaflow/core/execution/DeviceStateSnapshot.kt|domain/src/main/java/com/nexaflow/domain/models/ExecutionRecord.kt,SHARED_OWNER_CANDIDATE_REQUIRES_NODE_REVIEW,core/automation-engine/src/main/java/com/nexaflow/core/engine/DarkModeMonitor.kt,NOT_TESTED
DARK_MODE,exit,core/execution/src/main/java/com/nexaflow/core/execution/ExecutionEngine.kt,SHARED_OWNER_CANDIDATE_REQUIRES_NODE_REVIEW,core/automation-engine/src/main/java/com/nexaflow/core/engine/DarkModeMonitor.kt,NOT_TESTED
DARK_MODE,history,data/src/main/java/com/nexaflow/data/repository/HistoryRepositoryImpl.kt|core/execution/src/main/java/com/nexaflow/core/execution/ExecutionEngine.kt,SHARED_OWNER_CANDIDATE_REQUIRES_NODE_REVIEW,core/automation-engine/src/main/java/com/nexaflow/core/engine/DarkModeMonitor.kt,NOT_TESTED
DARK_MODE,recovery,core/datastore/src/main/java/com/nexaflow/core/datastore/ActiveExecutionStore.kt|core/execution/src/main/java/com/nexaflow/core/execution/recovery/ExecutionRecoveryCoordinator.kt,SHARED_OWNER_CANDIDATE_REQUIRES_NODE_REVIEW,core/automation-engine/src/main/java/com/nexaflow/core/engine/DarkModeMonitor.kt,NOT_TESTED
DARK_MODE,import_export,data/src/main/java/com/nexaflow/data/backup/BackupManager.kt,SHARED_OWNER_CANDIDATE_REQUIRES_NODE_REVIEW,core/automation-engine/src/main/java/com/nexaflow/core/engine/DarkModeMonitor.kt,NOT_TESTED
DARK_MODE,identity_version,domain/src/main/java/com/nexaflow/domain/catalog/AutomationNodeCatalog.kt|domain/src/main/java/com/nexaflow/domain/models/Automation.kt,SHARED_OWNER_CANDIDATE_REQUIRES_NODE_REVIEW,core/automation-engine/src/main/java/com/nexaflow/core/engine/DarkModeMonitor.kt,NOT_TESTED
CALL_STATE,picker,feature/automation-builder/src/main/java/com/nexaflow/feature/builder/TriggerCatalogPresentation.kt|feature/automation-builder/src/main/java/com/nexaflow/feature/builder/BuilderActionCatalog.kt,SHARED_OWNER_CANDIDATE_REQUIRES_NODE_REVIEW,core/automation-engine/src/main/java/com/nexaflow/core/engine/CallStateMonitor.kt|core/automation-engine/src/main/java/com/nexaflow/core/engine/NexaCallScreeningService.kt,NOT_TESTED
CALL_STATE,draft,feature/automation-builder/src/main/java/com/nexaflow/feature/builder/AutomationBuilderScreen.kt|feature/automation-builder/src/main/java/com/nexaflow/feature/builder/TriggerEditorCard.kt|feature/automation-builder/src/main/java/com/nexaflow/feature/builder/ActionConfigEditor.kt,SHARED_OWNER_CANDIDATE_REQUIRES_NODE_REVIEW,core/automation-engine/src/main/java/com/nexaflow/core/engine/CallStateMonitor.kt|core/automation-engine/src/main/java/com/nexaflow/core/engine/NexaCallScreeningService.kt,NOT_TESTED
CALL_STATE,ui_validation,domain/src/main/java/com/nexaflow/domain/catalog/NodeConfigurationValidator.kt|feature/automation-builder/src/main/java/com/nexaflow/feature/builder/AutomationBuilderViewModel.kt,SHARED_OWNER_CANDIDATE_REQUIRES_NODE_REVIEW,core/automation-engine/src/main/java/com/nexaflow/core/engine/CallStateMonitor.kt|core/automation-engine/src/main/java/com/nexaflow/core/engine/NexaCallScreeningService.kt,NOT_TESTED
CALL_STATE,save,feature/automation-builder/src/main/java/com/nexaflow/feature/builder/AutomationBuilderViewModel.kt|data/src/main/java/com/nexaflow/data/repository/AutomationRepositoryImpl.kt,SHARED_OWNER_CANDIDATE_REQUIRES_NODE_REVIEW,core/automation-engine/src/main/java/com/nexaflow/core/engine/CallStateMonitor.kt|core/automation-engine/src/main/java/com/nexaflow/core/engine/NexaCallScreeningService.kt,NOT_TESTED
CALL_STATE,room_serialization,core/database/src/main/java/com/nexaflow/core/database/Converters.kt|data/src/main/java/com/nexaflow/data/mapper/AutomationMapper.kt,SHARED_OWNER_CANDIDATE_REQUIRES_NODE_REVIEW,core/automation-engine/src/main/java/com/nexaflow/core/engine/CallStateMonitor.kt|core/automation-engine/src/main/java/com/nexaflow/core/engine/NexaCallScreeningService.kt,NOT_TESTED
CALL_STATE,migration,data/src/main/java/com/nexaflow/data/repository/CanonicalWorkflowMigrationRunner.kt,SHARED_OWNER_CANDIDATE_REQUIRES_NODE_REVIEW,core/automation-engine/src/main/java/com/nexaflow/core/engine/CallStateMonitor.kt|core/automation-engine/src/main/java/com/nexaflow/core/engine/NexaCallScreeningService.kt,NOT_TESTED
CALL_STATE,reload,data/src/main/java/com/nexaflow/data/mapper/AutomationMapper.kt|data/src/main/java/com/nexaflow/data/repository/AutomationRepositoryImpl.kt,SHARED_OWNER_CANDIDATE_REQUIRES_NODE_REVIEW,core/automation-engine/src/main/java/com/nexaflow/core/engine/CallStateMonitor.kt|core/automation-engine/src/main/java/com/nexaflow/core/engine/NexaCallScreeningService.kt,NOT_TESTED
CALL_STATE,admission,core/automation-engine/src/main/java/com/nexaflow/core/engine/TriggerIndex.kt|core/execution/src/main/java/com/nexaflow/core/execution/ExecutionEngine.kt,SHARED_OWNER_CANDIDATE_REQUIRES_NODE_REVIEW,core/automation-engine/src/main/java/com/nexaflow/core/engine/CallStateMonitor.kt|core/automation-engine/src/main/java/com/nexaflow/core/engine/NexaCallScreeningService.kt,NOT_TESTED
CALL_STATE,dispatch,core/automation-engine/src/main/java/com/nexaflow/core/engine/TriggerIndex.kt|core/execution/src/main/java/com/nexaflow/core/execution/handler/ActionRegistry.kt|core/execution/src/main/java/com/nexaflow/core/execution/workflow/WorkflowInterpreter.kt,SHARED_OWNER_CANDIDATE_REQUIRES_NODE_REVIEW,core/automation-engine/src/main/java/com/nexaflow/core/engine/CallStateMonitor.kt|core/automation-engine/src/main/java/com/nexaflow/core/engine/NexaCallScreeningService.kt,NOT_TESTED
CALL_STATE,read_back,core/execution/src/main/java/com/nexaflow/core/execution/DeviceStateSnapshot.kt|domain/src/main/java/com/nexaflow/domain/models/ExecutionRecord.kt,SHARED_OWNER_CANDIDATE_REQUIRES_NODE_REVIEW,core/automation-engine/src/main/java/com/nexaflow/core/engine/CallStateMonitor.kt|core/automation-engine/src/main/java/com/nexaflow/core/engine/NexaCallScreeningService.kt,NOT_TESTED
CALL_STATE,exit,core/execution/src/main/java/com/nexaflow/core/execution/ExecutionEngine.kt,SHARED_OWNER_CANDIDATE_REQUIRES_NODE_REVIEW,core/automation-engine/src/main/java/com/nexaflow/core/engine/CallStateMonitor.kt|core/automation-engine/src/main/java/com/nexaflow/core/engine/NexaCallScreeningService.kt,NOT_TESTED
CALL_STATE,history,data/src/main/java/com/nexaflow/data/repository/HistoryRepositoryImpl.kt|core/execution/src/main/java/com/nexaflow/core/execution/ExecutionEngine.kt,SHARED_OWNER_CANDIDATE_REQUIRES_NODE_REVIEW,core/automation-engine/src/main/java/com/nexaflow/core/engine/CallStateMonitor.kt|core/automation-engine/src/main/java/com/nexaflow/core/engine/NexaCallScreeningService.kt,NOT_TESTED
CALL_STATE,recovery,core/datastore/src/main/java/com/nexaflow/core/datastore/ActiveExecutionStore.kt|core/execution/src/main/java/com/nexaflow/core/execution/recovery/ExecutionRecoveryCoordinator.kt,SHARED_OWNER_CANDIDATE_REQUIRES_NODE_REVIEW,core/automation-engine/src/main/java/com/nexaflow/core/engine/CallStateMonitor.kt|core/automation-engine/src/main/java/com/nexaflow/core/engine/NexaCallScreeningService.kt,NOT_TESTED
CALL_STATE,import_export,data/src/main/java/com/nexaflow/data/backup/BackupManager.kt,SHARED_OWNER_CANDIDATE_REQUIRES_NODE_REVIEW,core/automation-engine/src/main/java/com/nexaflow/core/engine/CallStateMonitor.kt|core/automation-engine/src/main/java/com/nexaflow/core/engine/NexaCallScreeningService.kt,NOT_TESTED
CALL_STATE,identity_version,domain/src/main/java/com/nexaflow/domain/catalog/AutomationNodeCatalog.kt|domain/src/main/java/com/nexaflow/domain/models/Automation.kt,SHARED_OWNER_CANDIDATE_REQUIRES_NODE_REVIEW,core/automation-engine/src/main/java/com/nexaflow/core/engine/CallStateMonitor.kt|core/automation-engine/src/main/java/com/nexaflow/core/engine/NexaCallScreeningService.kt,NOT_TESTED
INCOMING_CALL,picker,feature/automation-builder/src/main/java/com/nexaflow/feature/builder/TriggerCatalogPresentation.kt|feature/automation-builder/src/main/java/com/nexaflow/feature/builder/BuilderActionCatalog.kt,SHARED_OWNER_CANDIDATE_REQUIRES_NODE_REVIEW,core/automation-engine/src/main/java/com/nexaflow/core/engine/CallPolicyEvaluator.kt|core/automation-engine/src/main/java/com/nexaflow/core/engine/NexaCallScreeningService.kt,NOT_TESTED
INCOMING_CALL,draft,feature/automation-builder/src/main/java/com/nexaflow/feature/builder/AutomationBuilderScreen.kt|feature/automation-builder/src/main/java/com/nexaflow/feature/builder/TriggerEditorCard.kt|feature/automation-builder/src/main/java/com/nexaflow/feature/builder/ActionConfigEditor.kt,SHARED_OWNER_CANDIDATE_REQUIRES_NODE_REVIEW,core/automation-engine/src/main/java/com/nexaflow/core/engine/CallPolicyEvaluator.kt|core/automation-engine/src/main/java/com/nexaflow/core/engine/NexaCallScreeningService.kt,NOT_TESTED
INCOMING_CALL,ui_validation,domain/src/main/java/com/nexaflow/domain/catalog/NodeConfigurationValidator.kt|feature/automation-builder/src/main/java/com/nexaflow/feature/builder/AutomationBuilderViewModel.kt,SHARED_OWNER_CANDIDATE_REQUIRES_NODE_REVIEW,core/automation-engine/src/main/java/com/nexaflow/core/engine/CallPolicyEvaluator.kt|core/automation-engine/src/main/java/com/nexaflow/core/engine/NexaCallScreeningService.kt,NOT_TESTED
INCOMING_CALL,save,feature/automation-builder/src/main/java/com/nexaflow/feature/builder/AutomationBuilderViewModel.kt|data/src/main/java/com/nexaflow/data/repository/AutomationRepositoryImpl.kt,SHARED_OWNER_CANDIDATE_REQUIRES_NODE_REVIEW,core/automation-engine/src/main/java/com/nexaflow/core/engine/CallPolicyEvaluator.kt|core/automation-engine/src/main/java/com/nexaflow/core/engine/NexaCallScreeningService.kt,NOT_TESTED
INCOMING_CALL,room_serialization,core/database/src/main/java/com/nexaflow/core/database/Converters.kt|data/src/main/java/com/nexaflow/data/mapper/AutomationMapper.kt,SHARED_OWNER_CANDIDATE_REQUIRES_NODE_REVIEW,core/automation-engine/src/main/java/com/nexaflow/core/engine/CallPolicyEvaluator.kt|core/automation-engine/src/main/java/com/nexaflow/core/engine/NexaCallScreeningService.kt,NOT_TESTED
INCOMING_CALL,migration,data/src/main/java/com/nexaflow/data/repository/CanonicalWorkflowMigrationRunner.kt,SHARED_OWNER_CANDIDATE_REQUIRES_NODE_REVIEW,core/automation-engine/src/main/java/com/nexaflow/core/engine/CallPolicyEvaluator.kt|core/automation-engine/src/main/java/com/nexaflow/core/engine/NexaCallScreeningService.kt,NOT_TESTED
INCOMING_CALL,reload,data/src/main/java/com/nexaflow/data/mapper/AutomationMapper.kt|data/src/main/java/com/nexaflow/data/repository/AutomationRepositoryImpl.kt,SHARED_OWNER_CANDIDATE_REQUIRES_NODE_REVIEW,core/automation-engine/src/main/java/com/nexaflow/core/engine/CallPolicyEvaluator.kt|core/automation-engine/src/main/java/com/nexaflow/core/engine/NexaCallScreeningService.kt,NOT_TESTED
INCOMING_CALL,admission,core/automation-engine/src/main/java/com/nexaflow/core/engine/TriggerIndex.kt|core/execution/src/main/java/com/nexaflow/core/execution/ExecutionEngine.kt,SHARED_OWNER_CANDIDATE_REQUIRES_NODE_REVIEW,core/automation-engine/src/main/java/com/nexaflow/core/engine/CallPolicyEvaluator.kt|core/automation-engine/src/main/java/com/nexaflow/core/engine/NexaCallScreeningService.kt,NOT_TESTED
INCOMING_CALL,dispatch,core/automation-engine/src/main/java/com/nexaflow/core/engine/TriggerIndex.kt|core/execution/src/main/java/com/nexaflow/core/execution/handler/ActionRegistry.kt|core/execution/src/main/java/com/nexaflow/core/execution/workflow/WorkflowInterpreter.kt,SHARED_OWNER_CANDIDATE_REQUIRES_NODE_REVIEW,core/automation-engine/src/main/java/com/nexaflow/core/engine/CallPolicyEvaluator.kt|core/automation-engine/src/main/java/com/nexaflow/core/engine/NexaCallScreeningService.kt,NOT_TESTED
INCOMING_CALL,read_back,core/execution/src/main/java/com/nexaflow/core/execution/DeviceStateSnapshot.kt|domain/src/main/java/com/nexaflow/domain/models/ExecutionRecord.kt,SHARED_OWNER_CANDIDATE_REQUIRES_NODE_REVIEW,core/automation-engine/src/main/java/com/nexaflow/core/engine/CallPolicyEvaluator.kt|core/automation-engine/src/main/java/com/nexaflow/core/engine/NexaCallScreeningService.kt,NOT_TESTED
INCOMING_CALL,exit,core/execution/src/main/java/com/nexaflow/core/execution/ExecutionEngine.kt,SHARED_OWNER_CANDIDATE_REQUIRES_NODE_REVIEW,core/automation-engine/src/main/java/com/nexaflow/core/engine/CallPolicyEvaluator.kt|core/automation-engine/src/main/java/com/nexaflow/core/engine/NexaCallScreeningService.kt,NOT_TESTED
INCOMING_CALL,history,data/src/main/java/com/nexaflow/data/repository/HistoryRepositoryImpl.kt|core/execution/src/main/java/com/nexaflow/core/execution/ExecutionEngine.kt,SHARED_OWNER_CANDIDATE_REQUIRES_NODE_REVIEW,core/automation-engine/src/main/java/com/nexaflow/core/engine/CallPolicyEvaluator.kt|core/automation-engine/src/main/java/com/nexaflow/core/engine/NexaCallScreeningService.kt,NOT_TESTED
INCOMING_CALL,recovery,core/datastore/src/main/java/com/nexaflow/core/datastore/ActiveExecutionStore.kt|core/execution/src/main/java/com/nexaflow/core/execution/recovery/ExecutionRecoveryCoordinator.kt,SHARED_OWNER_CANDIDATE_REQUIRES_NODE_REVIEW,core/automation-engine/src/main/java/com/nexaflow/core/engine/CallPolicyEvaluator.kt|core/automation-engine/src/main/java/com/nexaflow/core/engine/NexaCallScreeningService.kt,NOT_TESTED
INCOMING_CALL,import_export,data/src/main/java/com/nexaflow/data/backup/BackupManager.kt,SHARED_OWNER_CANDIDATE_REQUIRES_NODE_REVIEW,core/automation-engine/src/main/java/com/nexaflow/core/engine/CallPolicyEvaluator.kt|core/automation-engine/src/main/java/com/nexaflow/core/engine/NexaCallScreeningService.kt,NOT_TESTED
INCOMING_CALL,identity_version,domain/src/main/java/com/nexaflow/domain/catalog/AutomationNodeCatalog.kt|domain/src/main/java/com/nexaflow/domain/models/Automation.kt,SHARED_OWNER_CANDIDATE_REQUIRES_NODE_REVIEW,core/automation-engine/src/main/java/com/nexaflow/core/engine/CallPolicyEvaluator.kt|core/automation-engine/src/main/java/com/nexaflow/core/engine/NexaCallScreeningService.kt,NOT_TESTED
APP_INSTALLED,picker,feature/automation-builder/src/main/java/com/nexaflow/feature/builder/TriggerCatalogPresentation.kt|feature/automation-builder/src/main/java/com/nexaflow/feature/builder/BuilderActionCatalog.kt,SHARED_OWNER_CANDIDATE_REQUIRES_NODE_REVIEW,core/automation-engine/src/main/java/com/nexaflow/core/engine/PackageMonitor.kt,NOT_TESTED
APP_INSTALLED,draft,feature/automation-builder/src/main/java/com/nexaflow/feature/builder/AutomationBuilderScreen.kt|feature/automation-builder/src/main/java/com/nexaflow/feature/builder/TriggerEditorCard.kt|feature/automation-builder/src/main/java/com/nexaflow/feature/builder/ActionConfigEditor.kt,SHARED_OWNER_CANDIDATE_REQUIRES_NODE_REVIEW,core/automation-engine/src/main/java/com/nexaflow/core/engine/PackageMonitor.kt,NOT_TESTED
APP_INSTALLED,ui_validation,domain/src/main/java/com/nexaflow/domain/catalog/NodeConfigurationValidator.kt|feature/automation-builder/src/main/java/com/nexaflow/feature/builder/AutomationBuilderViewModel.kt,SHARED_OWNER_CANDIDATE_REQUIRES_NODE_REVIEW,core/automation-engine/src/main/java/com/nexaflow/core/engine/PackageMonitor.kt,NOT_TESTED
APP_INSTALLED,save,feature/automation-builder/src/main/java/com/nexaflow/feature/builder/AutomationBuilderViewModel.kt|data/src/main/java/com/nexaflow/data/repository/AutomationRepositoryImpl.kt,SHARED_OWNER_CANDIDATE_REQUIRES_NODE_REVIEW,core/automation-engine/src/main/java/com/nexaflow/core/engine/PackageMonitor.kt,NOT_TESTED
APP_INSTALLED,room_serialization,core/database/src/main/java/com/nexaflow/core/database/Converters.kt|data/src/main/java/com/nexaflow/data/mapper/AutomationMapper.kt,SHARED_OWNER_CANDIDATE_REQUIRES_NODE_REVIEW,core/automation-engine/src/main/java/com/nexaflow/core/engine/PackageMonitor.kt,NOT_TESTED
APP_INSTALLED,migration,data/src/main/java/com/nexaflow/data/repository/CanonicalWorkflowMigrationRunner.kt,SHARED_OWNER_CANDIDATE_REQUIRES_NODE_REVIEW,core/automation-engine/src/main/java/com/nexaflow/core/engine/PackageMonitor.kt,NOT_TESTED
APP_INSTALLED,reload,data/src/main/java/com/nexaflow/data/mapper/AutomationMapper.kt|data/src/main/java/com/nexaflow/data/repository/AutomationRepositoryImpl.kt,SHARED_OWNER_CANDIDATE_REQUIRES_NODE_REVIEW,core/automation-engine/src/main/java/com/nexaflow/core/engine/PackageMonitor.kt,NOT_TESTED
APP_INSTALLED,admission,core/automation-engine/src/main/java/com/nexaflow/core/engine/TriggerIndex.kt|core/execution/src/main/java/com/nexaflow/core/execution/ExecutionEngine.kt,SHARED_OWNER_CANDIDATE_REQUIRES_NODE_REVIEW,core/automation-engine/src/main/java/com/nexaflow/core/engine/PackageMonitor.kt,NOT_TESTED
APP_INSTALLED,dispatch,core/automation-engine/src/main/java/com/nexaflow/core/engine/TriggerIndex.kt|core/execution/src/main/java/com/nexaflow/core/execution/handler/ActionRegistry.kt|core/execution/src/main/java/com/nexaflow/core/execution/workflow/WorkflowInterpreter.kt,SHARED_OWNER_CANDIDATE_REQUIRES_NODE_REVIEW,core/automation-engine/src/main/java/com/nexaflow/core/engine/PackageMonitor.kt,NOT_TESTED
APP_INSTALLED,read_back,core/execution/src/main/java/com/nexaflow/core/execution/DeviceStateSnapshot.kt|domain/src/main/java/com/nexaflow/domain/models/ExecutionRecord.kt,SHARED_OWNER_CANDIDATE_REQUIRES_NODE_REVIEW,core/automation-engine/src/main/java/com/nexaflow/core/engine/PackageMonitor.kt,NOT_TESTED
APP_INSTALLED,exit,core/execution/src/main/java/com/nexaflow/core/execution/ExecutionEngine.kt,SHARED_OWNER_CANDIDATE_REQUIRES_NODE_REVIEW,core/automation-engine/src/main/java/com/nexaflow/core/engine/PackageMonitor.kt,NOT_TESTED
APP_INSTALLED,history,data/src/main/java/com/nexaflow/data/repository/HistoryRepositoryImpl.kt|core/execution/src/main/java/com/nexaflow/core/execution/ExecutionEngine.kt,SHARED_OWNER_CANDIDATE_REQUIRES_NODE_REVIEW,core/automation-engine/src/main/java/com/nexaflow/core/engine/PackageMonitor.kt,NOT_TESTED
APP_INSTALLED,recovery,core/datastore/src/main/java/com/nexaflow/core/datastore/ActiveExecutionStore.kt|core/execution/src/main/java/com/nexaflow/core/execution/recovery/ExecutionRecoveryCoordinator.kt,SHARED_OWNER_CANDIDATE_REQUIRES_NODE_REVIEW,core/automation-engine/src/main/java/com/nexaflow/core/engine/PackageMonitor.kt,NOT_TESTED
APP_INSTALLED,import_export,data/src/main/java/com/nexaflow/data/backup/BackupManager.kt,SHARED_OWNER_CANDIDATE_REQUIRES_NODE_REVIEW,core/automation-engine/src/main/java/com/nexaflow/core/engine/PackageMonitor.kt,NOT_TESTED
APP_INSTALLED,identity_version,domain/src/main/java/com/nexaflow/domain/catalog/AutomationNodeCatalog.kt|domain/src/main/java/com/nexaflow/domain/models/Automation.kt,SHARED_OWNER_CANDIDATE_REQUIRES_NODE_REVIEW,core/automation-engine/src/main/java/com/nexaflow/core/engine/PackageMonitor.kt,NOT_TESTED
MEDIA_PLAYING,picker,feature/automation-builder/src/main/java/com/nexaflow/feature/builder/TriggerCatalogPresentation.kt|feature/automation-builder/src/main/java/com/nexaflow/feature/builder/BuilderActionCatalog.kt,SHARED_OWNER_CANDIDATE_REQUIRES_NODE_REVIEW,core/automation-engine/src/main/java/com/nexaflow/core/engine/MediaMonitor.kt,NOT_TESTED
MEDIA_PLAYING,draft,feature/automation-builder/src/main/java/com/nexaflow/feature/builder/AutomationBuilderScreen.kt|feature/automation-builder/src/main/java/com/nexaflow/feature/builder/TriggerEditorCard.kt|feature/automation-builder/src/main/java/com/nexaflow/feature/builder/ActionConfigEditor.kt,SHARED_OWNER_CANDIDATE_REQUIRES_NODE_REVIEW,core/automation-engine/src/main/java/com/nexaflow/core/engine/MediaMonitor.kt,NOT_TESTED
MEDIA_PLAYING,ui_validation,domain/src/main/java/com/nexaflow/domain/catalog/NodeConfigurationValidator.kt|feature/automation-builder/src/main/java/com/nexaflow/feature/builder/AutomationBuilderViewModel.kt,SHARED_OWNER_CANDIDATE_REQUIRES_NODE_REVIEW,core/automation-engine/src/main/java/com/nexaflow/core/engine/MediaMonitor.kt,NOT_TESTED
MEDIA_PLAYING,save,feature/automation-builder/src/main/java/com/nexaflow/feature/builder/AutomationBuilderViewModel.kt|data/src/main/java/com/nexaflow/data/repository/AutomationRepositoryImpl.kt,SHARED_OWNER_CANDIDATE_REQUIRES_NODE_REVIEW,core/automation-engine/src/main/java/com/nexaflow/core/engine/MediaMonitor.kt,NOT_TESTED
MEDIA_PLAYING,room_serialization,core/database/src/main/java/com/nexaflow/core/database/Converters.kt|data/src/main/java/com/nexaflow/data/mapper/AutomationMapper.kt,SHARED_OWNER_CANDIDATE_REQUIRES_NODE_REVIEW,core/automation-engine/src/main/java/com/nexaflow/core/engine/MediaMonitor.kt,NOT_TESTED
MEDIA_PLAYING,migration,data/src/main/java/com/nexaflow/data/repository/CanonicalWorkflowMigrationRunner.kt,SHARED_OWNER_CANDIDATE_REQUIRES_NODE_REVIEW,core/automation-engine/src/main/java/com/nexaflow/core/engine/MediaMonitor.kt,NOT_TESTED
MEDIA_PLAYING,reload,data/src/main/java/com/nexaflow/data/mapper/AutomationMapper.kt|data/src/main/java/com/nexaflow/data/repository/AutomationRepositoryImpl.kt,SHARED_OWNER_CANDIDATE_REQUIRES_NODE_REVIEW,core/automation-engine/src/main/java/com/nexaflow/core/engine/MediaMonitor.kt,NOT_TESTED
MEDIA_PLAYING,admission,core/automation-engine/src/main/java/com/nexaflow/core/engine/TriggerIndex.kt|core/execution/src/main/java/com/nexaflow/core/execution/ExecutionEngine.kt,SHARED_OWNER_CANDIDATE_REQUIRES_NODE_REVIEW,core/automation-engine/src/main/java/com/nexaflow/core/engine/MediaMonitor.kt,NOT_TESTED
MEDIA_PLAYING,dispatch,core/automation-engine/src/main/java/com/nexaflow/core/engine/TriggerIndex.kt|core/execution/src/main/java/com/nexaflow/core/execution/handler/ActionRegistry.kt|core/execution/src/main/java/com/nexaflow/core/execution/workflow/WorkflowInterpreter.kt,SHARED_OWNER_CANDIDATE_REQUIRES_NODE_REVIEW,core/automation-engine/src/main/java/com/nexaflow/core/engine/MediaMonitor.kt,NOT_TESTED
MEDIA_PLAYING,read_back,core/execution/src/main/java/com/nexaflow/core/execution/DeviceStateSnapshot.kt|domain/src/main/java/com/nexaflow/domain/models/ExecutionRecord.kt,SHARED_OWNER_CANDIDATE_REQUIRES_NODE_REVIEW,core/automation-engine/src/main/java/com/nexaflow/core/engine/MediaMonitor.kt,NOT_TESTED
MEDIA_PLAYING,exit,core/execution/src/main/java/com/nexaflow/core/execution/ExecutionEngine.kt,SHARED_OWNER_CANDIDATE_REQUIRES_NODE_REVIEW,core/automation-engine/src/main/java/com/nexaflow/core/engine/MediaMonitor.kt,NOT_TESTED
MEDIA_PLAYING,history,data/src/main/java/com/nexaflow/data/repository/HistoryRepositoryImpl.kt|core/execution/src/main/java/com/nexaflow/core/execution/ExecutionEngine.kt,SHARED_OWNER_CANDIDATE_REQUIRES_NODE_REVIEW,core/automation-engine/src/main/java/com/nexaflow/core/engine/MediaMonitor.kt,NOT_TESTED
MEDIA_PLAYING,recovery,core/datastore/src/main/java/com/nexaflow/core/datastore/ActiveExecutionStore.kt|core/execution/src/main/java/com/nexaflow/core/execution/recovery/ExecutionRecoveryCoordinator.kt,SHARED_OWNER_CANDIDATE_REQUIRES_NODE_REVIEW,core/automation-engine/src/main/java/com/nexaflow/core/engine/MediaMonitor.kt,NOT_TESTED
MEDIA_PLAYING,import_export,data/src/main/java/com/nexaflow/data/backup/BackupManager.kt,SHARED_OWNER_CANDIDATE_REQUIRES_NODE_REVIEW,core/automation-engine/src/main/java/com/nexaflow/core/engine/MediaMonitor.kt,NOT_TESTED
MEDIA_PLAYING,identity_version,domain/src/main/java/com/nexaflow/domain/catalog/AutomationNodeCatalog.kt|domain/src/main/java/com/nexaflow/domain/models/Automation.kt,SHARED_OWNER_CANDIDATE_REQUIRES_NODE_REVIEW,core/automation-engine/src/main/java/com/nexaflow/core/engine/MediaMonitor.kt,NOT_TESTED
VOLUME_CHANGED,picker,feature/automation-builder/src/main/java/com/nexaflow/feature/builder/TriggerCatalogPresentation.kt|feature/automation-builder/src/main/java/com/nexaflow/feature/builder/BuilderActionCatalog.kt,SHARED_OWNER_CANDIDATE_REQUIRES_NODE_REVIEW,core/automation-engine/src/main/java/com/nexaflow/core/engine/VolumeMonitor.kt,NOT_TESTED
VOLUME_CHANGED,draft,feature/automation-builder/src/main/java/com/nexaflow/feature/builder/AutomationBuilderScreen.kt|feature/automation-builder/src/main/java/com/nexaflow/feature/builder/TriggerEditorCard.kt|feature/automation-builder/src/main/java/com/nexaflow/feature/builder/ActionConfigEditor.kt,SHARED_OWNER_CANDIDATE_REQUIRES_NODE_REVIEW,core/automation-engine/src/main/java/com/nexaflow/core/engine/VolumeMonitor.kt,NOT_TESTED
VOLUME_CHANGED,ui_validation,domain/src/main/java/com/nexaflow/domain/catalog/NodeConfigurationValidator.kt|feature/automation-builder/src/main/java/com/nexaflow/feature/builder/AutomationBuilderViewModel.kt,SHARED_OWNER_CANDIDATE_REQUIRES_NODE_REVIEW,core/automation-engine/src/main/java/com/nexaflow/core/engine/VolumeMonitor.kt,NOT_TESTED
VOLUME_CHANGED,save,feature/automation-builder/src/main/java/com/nexaflow/feature/builder/AutomationBuilderViewModel.kt|data/src/main/java/com/nexaflow/data/repository/AutomationRepositoryImpl.kt,SHARED_OWNER_CANDIDATE_REQUIRES_NODE_REVIEW,core/automation-engine/src/main/java/com/nexaflow/core/engine/VolumeMonitor.kt,NOT_TESTED
VOLUME_CHANGED,room_serialization,core/database/src/main/java/com/nexaflow/core/database/Converters.kt|data/src/main/java/com/nexaflow/data/mapper/AutomationMapper.kt,SHARED_OWNER_CANDIDATE_REQUIRES_NODE_REVIEW,core/automation-engine/src/main/java/com/nexaflow/core/engine/VolumeMonitor.kt,NOT_TESTED
VOLUME_CHANGED,migration,data/src/main/java/com/nexaflow/data/repository/CanonicalWorkflowMigrationRunner.kt,SHARED_OWNER_CANDIDATE_REQUIRES_NODE_REVIEW,core/automation-engine/src/main/java/com/nexaflow/core/engine/VolumeMonitor.kt,NOT_TESTED
VOLUME_CHANGED,reload,data/src/main/java/com/nexaflow/data/mapper/AutomationMapper.kt|data/src/main/java/com/nexaflow/data/repository/AutomationRepositoryImpl.kt,SHARED_OWNER_CANDIDATE_REQUIRES_NODE_REVIEW,core/automation-engine/src/main/java/com/nexaflow/core/engine/VolumeMonitor.kt,NOT_TESTED
VOLUME_CHANGED,admission,core/automation-engine/src/main/java/com/nexaflow/core/engine/TriggerIndex.kt|core/execution/src/main/java/com/nexaflow/core/execution/ExecutionEngine.kt,SHARED_OWNER_CANDIDATE_REQUIRES_NODE_REVIEW,core/automation-engine/src/main/java/com/nexaflow/core/engine/VolumeMonitor.kt,NOT_TESTED
VOLUME_CHANGED,dispatch,core/automation-engine/src/main/java/com/nexaflow/core/engine/TriggerIndex.kt|core/execution/src/main/java/com/nexaflow/core/execution/handler/ActionRegistry.kt|core/execution/src/main/java/com/nexaflow/core/execution/workflow/WorkflowInterpreter.kt,SHARED_OWNER_CANDIDATE_REQUIRES_NODE_REVIEW,core/automation-engine/src/main/java/com/nexaflow/core/engine/VolumeMonitor.kt,NOT_TESTED
VOLUME_CHANGED,read_back,core/execution/src/main/java/com/nexaflow/core/execution/DeviceStateSnapshot.kt|domain/src/main/java/com/nexaflow/domain/models/ExecutionRecord.kt,SHARED_OWNER_CANDIDATE_REQUIRES_NODE_REVIEW,core/automation-engine/src/main/java/com/nexaflow/core/engine/VolumeMonitor.kt,NOT_TESTED
VOLUME_CHANGED,exit,core/execution/src/main/java/com/nexaflow/core/execution/ExecutionEngine.kt,SHARED_OWNER_CANDIDATE_REQUIRES_NODE_REVIEW,core/automation-engine/src/main/java/com/nexaflow/core/engine/VolumeMonitor.kt,NOT_TESTED
VOLUME_CHANGED,history,data/src/main/java/com/nexaflow/data/repository/HistoryRepositoryImpl.kt|core/execution/src/main/java/com/nexaflow/core/execution/ExecutionEngine.kt,SHARED_OWNER_CANDIDATE_REQUIRES_NODE_REVIEW,core/automation-engine/src/main/java/com/nexaflow/core/engine/VolumeMonitor.kt,NOT_TESTED
VOLUME_CHANGED,recovery,core/datastore/src/main/java/com/nexaflow/core/datastore/ActiveExecutionStore.kt|core/execution/src/main/java/com/nexaflow/core/execution/recovery/ExecutionRecoveryCoordinator.kt,SHARED_OWNER_CANDIDATE_REQUIRES_NODE_REVIEW,core/automation-engine/src/main/java/com/nexaflow/core/engine/VolumeMonitor.kt,NOT_TESTED
VOLUME_CHANGED,import_export,data/src/main/java/com/nexaflow/data/backup/BackupManager.kt,SHARED_OWNER_CANDIDATE_REQUIRES_NODE_REVIEW,core/automation-engine/src/main/java/com/nexaflow/core/engine/VolumeMonitor.kt,NOT_TESTED
VOLUME_CHANGED,identity_version,domain/src/main/java/com/nexaflow/domain/catalog/AutomationNodeCatalog.kt|domain/src/main/java/com/nexaflow/domain/models/Automation.kt,SHARED_OWNER_CANDIDATE_REQUIRES_NODE_REVIEW,core/automation-engine/src/main/java/com/nexaflow/core/engine/VolumeMonitor.kt,NOT_TESTED
POWER_SAVER,picker,feature/automation-builder/src/main/java/com/nexaflow/feature/builder/TriggerCatalogPresentation.kt|feature/automation-builder/src/main/java/com/nexaflow/feature/builder/BuilderActionCatalog.kt,SHARED_OWNER_CANDIDATE_REQUIRES_NODE_REVIEW,core/automation-engine/src/main/java/com/nexaflow/core/engine/SettingsStateMonitor.kt,NOT_TESTED
POWER_SAVER,draft,feature/automation-builder/src/main/java/com/nexaflow/feature/builder/AutomationBuilderScreen.kt|feature/automation-builder/src/main/java/com/nexaflow/feature/builder/TriggerEditorCard.kt|feature/automation-builder/src/main/java/com/nexaflow/feature/builder/ActionConfigEditor.kt,SHARED_OWNER_CANDIDATE_REQUIRES_NODE_REVIEW,core/automation-engine/src/main/java/com/nexaflow/core/engine/SettingsStateMonitor.kt,NOT_TESTED
POWER_SAVER,ui_validation,domain/src/main/java/com/nexaflow/domain/catalog/NodeConfigurationValidator.kt|feature/automation-builder/src/main/java/com/nexaflow/feature/builder/AutomationBuilderViewModel.kt,SHARED_OWNER_CANDIDATE_REQUIRES_NODE_REVIEW,core/automation-engine/src/main/java/com/nexaflow/core/engine/SettingsStateMonitor.kt,NOT_TESTED
POWER_SAVER,save,feature/automation-builder/src/main/java/com/nexaflow/feature/builder/AutomationBuilderViewModel.kt|data/src/main/java/com/nexaflow/data/repository/AutomationRepositoryImpl.kt,SHARED_OWNER_CANDIDATE_REQUIRES_NODE_REVIEW,core/automation-engine/src/main/java/com/nexaflow/core/engine/SettingsStateMonitor.kt,NOT_TESTED
POWER_SAVER,room_serialization,core/database/src/main/java/com/nexaflow/core/database/Converters.kt|data/src/main/java/com/nexaflow/data/mapper/AutomationMapper.kt,SHARED_OWNER_CANDIDATE_REQUIRES_NODE_REVIEW,core/automation-engine/src/main/java/com/nexaflow/core/engine/SettingsStateMonitor.kt,NOT_TESTED
POWER_SAVER,migration,data/src/main/java/com/nexaflow/data/repository/CanonicalWorkflowMigrationRunner.kt,SHARED_OWNER_CANDIDATE_REQUIRES_NODE_REVIEW,core/automation-engine/src/main/java/com/nexaflow/core/engine/SettingsStateMonitor.kt,NOT_TESTED
POWER_SAVER,reload,data/src/main/java/com/nexaflow/data/mapper/AutomationMapper.kt|data/src/main/java/com/nexaflow/data/repository/AutomationRepositoryImpl.kt,SHARED_OWNER_CANDIDATE_REQUIRES_NODE_REVIEW,core/automation-engine/src/main/java/com/nexaflow/core/engine/SettingsStateMonitor.kt,NOT_TESTED
POWER_SAVER,admission,core/automation-engine/src/main/java/com/nexaflow/core/engine/TriggerIndex.kt|core/execution/src/main/java/com/nexaflow/core/execution/ExecutionEngine.kt,SHARED_OWNER_CANDIDATE_REQUIRES_NODE_REVIEW,core/automation-engine/src/main/java/com/nexaflow/core/engine/SettingsStateMonitor.kt,NOT_TESTED
POWER_SAVER,dispatch,core/automation-engine/src/main/java/com/nexaflow/core/engine/TriggerIndex.kt|core/execution/src/main/java/com/nexaflow/core/execution/handler/ActionRegistry.kt|core/execution/src/main/java/com/nexaflow/core/execution/workflow/WorkflowInterpreter.kt,SHARED_OWNER_CANDIDATE_REQUIRES_NODE_REVIEW,core/automation-engine/src/main/java/com/nexaflow/core/engine/SettingsStateMonitor.kt,NOT_TESTED
POWER_SAVER,read_back,core/execution/src/main/java/com/nexaflow/core/execution/DeviceStateSnapshot.kt|domain/src/main/java/com/nexaflow/domain/models/ExecutionRecord.kt,SHARED_OWNER_CANDIDATE_REQUIRES_NODE_REVIEW,core/automation-engine/src/main/java/com/nexaflow/core/engine/SettingsStateMonitor.kt,NOT_TESTED
POWER_SAVER,exit,core/execution/src/main/java/com/nexaflow/core/execution/ExecutionEngine.kt,SHARED_OWNER_CANDIDATE_REQUIRES_NODE_REVIEW,core/automation-engine/src/main/java/com/nexaflow/core/engine/SettingsStateMonitor.kt,NOT_TESTED
POWER_SAVER,history,data/src/main/java/com/nexaflow/data/repository/HistoryRepositoryImpl.kt|core/execution/src/main/java/com/nexaflow/core/execution/ExecutionEngine.kt,SHARED_OWNER_CANDIDATE_REQUIRES_NODE_REVIEW,core/automation-engine/src/main/java/com/nexaflow/core/engine/SettingsStateMonitor.kt,NOT_TESTED
POWER_SAVER,recovery,core/datastore/src/main/java/com/nexaflow/core/datastore/ActiveExecutionStore.kt|core/execution/src/main/java/com/nexaflow/core/execution/recovery/ExecutionRecoveryCoordinator.kt,SHARED_OWNER_CANDIDATE_REQUIRES_NODE_REVIEW,core/automation-engine/src/main/java/com/nexaflow/core/engine/SettingsStateMonitor.kt,NOT_TESTED
POWER_SAVER,import_export,data/src/main/java/com/nexaflow/data/backup/BackupManager.kt,SHARED_OWNER_CANDIDATE_REQUIRES_NODE_REVIEW,core/automation-engine/src/main/java/com/nexaflow/core/engine/SettingsStateMonitor.kt,NOT_TESTED
POWER_SAVER,identity_version,domain/src/main/java/com/nexaflow/domain/catalog/AutomationNodeCatalog.kt|domain/src/main/java/com/nexaflow/domain/models/Automation.kt,SHARED_OWNER_CANDIDATE_REQUIRES_NODE_REVIEW,core/automation-engine/src/main/java/com/nexaflow/core/engine/SettingsStateMonitor.kt,NOT_TESTED
BLUETOOTH_STATE,picker,feature/automation-builder/src/main/java/com/nexaflow/feature/builder/TriggerCatalogPresentation.kt|feature/automation-builder/src/main/java/com/nexaflow/feature/builder/BuilderActionCatalog.kt,SHARED_OWNER_CANDIDATE_REQUIRES_NODE_REVIEW,core/automation-engine/src/main/java/com/nexaflow/core/engine/SettingsStateMonitor.kt,NOT_TESTED
BLUETOOTH_STATE,draft,feature/automation-builder/src/main/java/com/nexaflow/feature/builder/AutomationBuilderScreen.kt|feature/automation-builder/src/main/java/com/nexaflow/feature/builder/TriggerEditorCard.kt|feature/automation-builder/src/main/java/com/nexaflow/feature/builder/ActionConfigEditor.kt,SHARED_OWNER_CANDIDATE_REQUIRES_NODE_REVIEW,core/automation-engine/src/main/java/com/nexaflow/core/engine/SettingsStateMonitor.kt,NOT_TESTED
BLUETOOTH_STATE,ui_validation,domain/src/main/java/com/nexaflow/domain/catalog/NodeConfigurationValidator.kt|feature/automation-builder/src/main/java/com/nexaflow/feature/builder/AutomationBuilderViewModel.kt,SHARED_OWNER_CANDIDATE_REQUIRES_NODE_REVIEW,core/automation-engine/src/main/java/com/nexaflow/core/engine/SettingsStateMonitor.kt,NOT_TESTED
BLUETOOTH_STATE,save,feature/automation-builder/src/main/java/com/nexaflow/feature/builder/AutomationBuilderViewModel.kt|data/src/main/java/com/nexaflow/data/repository/AutomationRepositoryImpl.kt,SHARED_OWNER_CANDIDATE_REQUIRES_NODE_REVIEW,core/automation-engine/src/main/java/com/nexaflow/core/engine/SettingsStateMonitor.kt,NOT_TESTED
BLUETOOTH_STATE,room_serialization,core/database/src/main/java/com/nexaflow/core/database/Converters.kt|data/src/main/java/com/nexaflow/data/mapper/AutomationMapper.kt,SHARED_OWNER_CANDIDATE_REQUIRES_NODE_REVIEW,core/automation-engine/src/main/java/com/nexaflow/core/engine/SettingsStateMonitor.kt,NOT_TESTED
BLUETOOTH_STATE,migration,data/src/main/java/com/nexaflow/data/repository/CanonicalWorkflowMigrationRunner.kt,SHARED_OWNER_CANDIDATE_REQUIRES_NODE_REVIEW,core/automation-engine/src/main/java/com/nexaflow/core/engine/SettingsStateMonitor.kt,NOT_TESTED
BLUETOOTH_STATE,reload,data/src/main/java/com/nexaflow/data/mapper/AutomationMapper.kt|data/src/main/java/com/nexaflow/data/repository/AutomationRepositoryImpl.kt,SHARED_OWNER_CANDIDATE_REQUIRES_NODE_REVIEW,core/automation-engine/src/main/java/com/nexaflow/core/engine/SettingsStateMonitor.kt,NOT_TESTED
BLUETOOTH_STATE,admission,core/automation-engine/src/main/java/com/nexaflow/core/engine/TriggerIndex.kt|core/execution/src/main/java/com/nexaflow/core/execution/ExecutionEngine.kt,SHARED_OWNER_CANDIDATE_REQUIRES_NODE_REVIEW,core/automation-engine/src/main/java/com/nexaflow/core/engine/SettingsStateMonitor.kt,NOT_TESTED
BLUETOOTH_STATE,dispatch,core/automation-engine/src/main/java/com/nexaflow/core/engine/TriggerIndex.kt|core/execution/src/main/java/com/nexaflow/core/execution/handler/ActionRegistry.kt|core/execution/src/main/java/com/nexaflow/core/execution/workflow/WorkflowInterpreter.kt,SHARED_OWNER_CANDIDATE_REQUIRES_NODE_REVIEW,core/automation-engine/src/main/java/com/nexaflow/core/engine/SettingsStateMonitor.kt,NOT_TESTED
BLUETOOTH_STATE,read_back,core/execution/src/main/java/com/nexaflow/core/execution/DeviceStateSnapshot.kt|domain/src/main/java/com/nexaflow/domain/models/ExecutionRecord.kt,SHARED_OWNER_CANDIDATE_REQUIRES_NODE_REVIEW,core/automation-engine/src/main/java/com/nexaflow/core/engine/SettingsStateMonitor.kt,NOT_TESTED
BLUETOOTH_STATE,exit,core/execution/src/main/java/com/nexaflow/core/execution/ExecutionEngine.kt,SHARED_OWNER_CANDIDATE_REQUIRES_NODE_REVIEW,core/automation-engine/src/main/java/com/nexaflow/core/engine/SettingsStateMonitor.kt,NOT_TESTED
BLUETOOTH_STATE,history,data/src/main/java/com/nexaflow/data/repository/HistoryRepositoryImpl.kt|core/execution/src/main/java/com/nexaflow/core/execution/ExecutionEngine.kt,SHARED_OWNER_CANDIDATE_REQUIRES_NODE_REVIEW,core/automation-engine/src/main/java/com/nexaflow/core/engine/SettingsStateMonitor.kt,NOT_TESTED
BLUETOOTH_STATE,recovery,core/datastore/src/main/java/com/nexaflow/core/datastore/ActiveExecutionStore.kt|core/execution/src/main/java/com/nexaflow/core/execution/recovery/ExecutionRecoveryCoordinator.kt,SHARED_OWNER_CANDIDATE_REQUIRES_NODE_REVIEW,core/automation-engine/src/main/java/com/nexaflow/core/engine/SettingsStateMonitor.kt,NOT_TESTED
BLUETOOTH_STATE,import_export,data/src/main/java/com/nexaflow/data/backup/BackupManager.kt,SHARED_OWNER_CANDIDATE_REQUIRES_NODE_REVIEW,core/automation-engine/src/main/java/com/nexaflow/core/engine/SettingsStateMonitor.kt,NOT_TESTED
BLUETOOTH_STATE,identity_version,domain/src/main/java/com/nexaflow/domain/catalog/AutomationNodeCatalog.kt|domain/src/main/java/com/nexaflow/domain/models/Automation.kt,SHARED_OWNER_CANDIDATE_REQUIRES_NODE_REVIEW,core/automation-engine/src/main/java/com/nexaflow/core/engine/SettingsStateMonitor.kt,NOT_TESTED
BRIGHTNESS_LEVEL,picker,feature/automation-builder/src/main/java/com/nexaflow/feature/builder/TriggerCatalogPresentation.kt|feature/automation-builder/src/main/java/com/nexaflow/feature/builder/BuilderActionCatalog.kt,SHARED_OWNER_CANDIDATE_REQUIRES_NODE_REVIEW,core/automation-engine/src/main/java/com/nexaflow/core/engine/SettingsStateMonitor.kt,NOT_TESTED
BRIGHTNESS_LEVEL,draft,feature/automation-builder/src/main/java/com/nexaflow/feature/builder/AutomationBuilderScreen.kt|feature/automation-builder/src/main/java/com/nexaflow/feature/builder/TriggerEditorCard.kt|feature/automation-builder/src/main/java/com/nexaflow/feature/builder/ActionConfigEditor.kt,SHARED_OWNER_CANDIDATE_REQUIRES_NODE_REVIEW,core/automation-engine/src/main/java/com/nexaflow/core/engine/SettingsStateMonitor.kt,NOT_TESTED
BRIGHTNESS_LEVEL,ui_validation,domain/src/main/java/com/nexaflow/domain/catalog/NodeConfigurationValidator.kt|feature/automation-builder/src/main/java/com/nexaflow/feature/builder/AutomationBuilderViewModel.kt,SHARED_OWNER_CANDIDATE_REQUIRES_NODE_REVIEW,core/automation-engine/src/main/java/com/nexaflow/core/engine/SettingsStateMonitor.kt,NOT_TESTED
BRIGHTNESS_LEVEL,save,feature/automation-builder/src/main/java/com/nexaflow/feature/builder/AutomationBuilderViewModel.kt|data/src/main/java/com/nexaflow/data/repository/AutomationRepositoryImpl.kt,SHARED_OWNER_CANDIDATE_REQUIRES_NODE_REVIEW,core/automation-engine/src/main/java/com/nexaflow/core/engine/SettingsStateMonitor.kt,NOT_TESTED
BRIGHTNESS_LEVEL,room_serialization,core/database/src/main/java/com/nexaflow/core/database/Converters.kt|data/src/main/java/com/nexaflow/data/mapper/AutomationMapper.kt,SHARED_OWNER_CANDIDATE_REQUIRES_NODE_REVIEW,core/automation-engine/src/main/java/com/nexaflow/core/engine/SettingsStateMonitor.kt,NOT_TESTED
BRIGHTNESS_LEVEL,migration,data/src/main/java/com/nexaflow/data/repository/CanonicalWorkflowMigrationRunner.kt,SHARED_OWNER_CANDIDATE_REQUIRES_NODE_REVIEW,core/automation-engine/src/main/java/com/nexaflow/core/engine/SettingsStateMonitor.kt,NOT_TESTED
BRIGHTNESS_LEVEL,reload,data/src/main/java/com/nexaflow/data/mapper/AutomationMapper.kt|data/src/main/java/com/nexaflow/data/repository/AutomationRepositoryImpl.kt,SHARED_OWNER_CANDIDATE_REQUIRES_NODE_REVIEW,core/automation-engine/src/main/java/com/nexaflow/core/engine/SettingsStateMonitor.kt,NOT_TESTED
BRIGHTNESS_LEVEL,admission,core/automation-engine/src/main/java/com/nexaflow/core/engine/TriggerIndex.kt|core/execution/src/main/java/com/nexaflow/core/execution/ExecutionEngine.kt,SHARED_OWNER_CANDIDATE_REQUIRES_NODE_REVIEW,core/automation-engine/src/main/java/com/nexaflow/core/engine/SettingsStateMonitor.kt,NOT_TESTED
BRIGHTNESS_LEVEL,dispatch,core/automation-engine/src/main/java/com/nexaflow/core/engine/TriggerIndex.kt|core/execution/src/main/java/com/nexaflow/core/execution/handler/ActionRegistry.kt|core/execution/src/main/java/com/nexaflow/core/execution/workflow/WorkflowInterpreter.kt,SHARED_OWNER_CANDIDATE_REQUIRES_NODE_REVIEW,core/automation-engine/src/main/java/com/nexaflow/core/engine/SettingsStateMonitor.kt,NOT_TESTED
BRIGHTNESS_LEVEL,read_back,core/execution/src/main/java/com/nexaflow/core/execution/DeviceStateSnapshot.kt|domain/src/main/java/com/nexaflow/domain/models/ExecutionRecord.kt,SHARED_OWNER_CANDIDATE_REQUIRES_NODE_REVIEW,core/automation-engine/src/main/java/com/nexaflow/core/engine/SettingsStateMonitor.kt,NOT_TESTED
BRIGHTNESS_LEVEL,exit,core/execution/src/main/java/com/nexaflow/core/execution/ExecutionEngine.kt,SHARED_OWNER_CANDIDATE_REQUIRES_NODE_REVIEW,core/automation-engine/src/main/java/com/nexaflow/core/engine/SettingsStateMonitor.kt,NOT_TESTED
BRIGHTNESS_LEVEL,history,data/src/main/java/com/nexaflow/data/repository/HistoryRepositoryImpl.kt|core/execution/src/main/java/com/nexaflow/core/execution/ExecutionEngine.kt,SHARED_OWNER_CANDIDATE_REQUIRES_NODE_REVIEW,core/automation-engine/src/main/java/com/nexaflow/core/engine/SettingsStateMonitor.kt,NOT_TESTED
BRIGHTNESS_LEVEL,recovery,core/datastore/src/main/java/com/nexaflow/core/datastore/ActiveExecutionStore.kt|core/execution/src/main/java/com/nexaflow/core/execution/recovery/ExecutionRecoveryCoordinator.kt,SHARED_OWNER_CANDIDATE_REQUIRES_NODE_REVIEW,core/automation-engine/src/main/java/com/nexaflow/core/engine/SettingsStateMonitor.kt,NOT_TESTED
BRIGHTNESS_LEVEL,import_export,data/src/main/java/com/nexaflow/data/backup/BackupManager.kt,SHARED_OWNER_CANDIDATE_REQUIRES_NODE_REVIEW,core/automation-engine/src/main/java/com/nexaflow/core/engine/SettingsStateMonitor.kt,NOT_TESTED
BRIGHTNESS_LEVEL,identity_version,domain/src/main/java/com/nexaflow/domain/catalog/AutomationNodeCatalog.kt|domain/src/main/java/com/nexaflow/domain/models/Automation.kt,SHARED_OWNER_CANDIDATE_REQUIRES_NODE_REVIEW,core/automation-engine/src/main/java/com/nexaflow/core/engine/SettingsStateMonitor.kt,NOT_TESTED
STORAGE_LOW,picker,feature/automation-builder/src/main/java/com/nexaflow/feature/builder/TriggerCatalogPresentation.kt|feature/automation-builder/src/main/java/com/nexaflow/feature/builder/BuilderActionCatalog.kt,SHARED_OWNER_CANDIDATE_REQUIRES_NODE_REVIEW,core/automation-engine/src/main/java/com/nexaflow/core/engine/SettingsStateMonitor.kt,NOT_TESTED
STORAGE_LOW,draft,feature/automation-builder/src/main/java/com/nexaflow/feature/builder/AutomationBuilderScreen.kt|feature/automation-builder/src/main/java/com/nexaflow/feature/builder/TriggerEditorCard.kt|feature/automation-builder/src/main/java/com/nexaflow/feature/builder/ActionConfigEditor.kt,SHARED_OWNER_CANDIDATE_REQUIRES_NODE_REVIEW,core/automation-engine/src/main/java/com/nexaflow/core/engine/SettingsStateMonitor.kt,NOT_TESTED
STORAGE_LOW,ui_validation,domain/src/main/java/com/nexaflow/domain/catalog/NodeConfigurationValidator.kt|feature/automation-builder/src/main/java/com/nexaflow/feature/builder/AutomationBuilderViewModel.kt,SHARED_OWNER_CANDIDATE_REQUIRES_NODE_REVIEW,core/automation-engine/src/main/java/com/nexaflow/core/engine/SettingsStateMonitor.kt,NOT_TESTED
STORAGE_LOW,save,feature/automation-builder/src/main/java/com/nexaflow/feature/builder/AutomationBuilderViewModel.kt|data/src/main/java/com/nexaflow/data/repository/AutomationRepositoryImpl.kt,SHARED_OWNER_CANDIDATE_REQUIRES_NODE_REVIEW,core/automation-engine/src/main/java/com/nexaflow/core/engine/SettingsStateMonitor.kt,NOT_TESTED
STORAGE_LOW,room_serialization,core/database/src/main/java/com/nexaflow/core/database/Converters.kt|data/src/main/java/com/nexaflow/data/mapper/AutomationMapper.kt,SHARED_OWNER_CANDIDATE_REQUIRES_NODE_REVIEW,core/automation-engine/src/main/java/com/nexaflow/core/engine/SettingsStateMonitor.kt,NOT_TESTED
STORAGE_LOW,migration,data/src/main/java/com/nexaflow/data/repository/CanonicalWorkflowMigrationRunner.kt,SHARED_OWNER_CANDIDATE_REQUIRES_NODE_REVIEW,core/automation-engine/src/main/java/com/nexaflow/core/engine/SettingsStateMonitor.kt,NOT_TESTED
STORAGE_LOW,reload,data/src/main/java/com/nexaflow/data/mapper/AutomationMapper.kt|data/src/main/java/com/nexaflow/data/repository/AutomationRepositoryImpl.kt,SHARED_OWNER_CANDIDATE_REQUIRES_NODE_REVIEW,core/automation-engine/src/main/java/com/nexaflow/core/engine/SettingsStateMonitor.kt,NOT_TESTED
STORAGE_LOW,admission,core/automation-engine/src/main/java/com/nexaflow/core/engine/TriggerIndex.kt|core/execution/src/main/java/com/nexaflow/core/execution/ExecutionEngine.kt,SHARED_OWNER_CANDIDATE_REQUIRES_NODE_REVIEW,core/automation-engine/src/main/java/com/nexaflow/core/engine/SettingsStateMonitor.kt,NOT_TESTED
STORAGE_LOW,dispatch,core/automation-engine/src/main/java/com/nexaflow/core/engine/TriggerIndex.kt|core/execution/src/main/java/com/nexaflow/core/execution/handler/ActionRegistry.kt|core/execution/src/main/java/com/nexaflow/core/execution/workflow/WorkflowInterpreter.kt,SHARED_OWNER_CANDIDATE_REQUIRES_NODE_REVIEW,core/automation-engine/src/main/java/com/nexaflow/core/engine/SettingsStateMonitor.kt,NOT_TESTED
STORAGE_LOW,read_back,core/execution/src/main/java/com/nexaflow/core/execution/DeviceStateSnapshot.kt|domain/src/main/java/com/nexaflow/domain/models/ExecutionRecord.kt,SHARED_OWNER_CANDIDATE_REQUIRES_NODE_REVIEW,core/automation-engine/src/main/java/com/nexaflow/core/engine/SettingsStateMonitor.kt,NOT_TESTED
STORAGE_LOW,exit,core/execution/src/main/java/com/nexaflow/core/execution/ExecutionEngine.kt,SHARED_OWNER_CANDIDATE_REQUIRES_NODE_REVIEW,core/automation-engine/src/main/java/com/nexaflow/core/engine/SettingsStateMonitor.kt,NOT_TESTED
STORAGE_LOW,history,data/src/main/java/com/nexaflow/data/repository/HistoryRepositoryImpl.kt|core/execution/src/main/java/com/nexaflow/core/execution/ExecutionEngine.kt,SHARED_OWNER_CANDIDATE_REQUIRES_NODE_REVIEW,core/automation-engine/src/main/java/com/nexaflow/core/engine/SettingsStateMonitor.kt,NOT_TESTED
STORAGE_LOW,recovery,core/datastore/src/main/java/com/nexaflow/core/datastore/ActiveExecutionStore.kt|core/execution/src/main/java/com/nexaflow/core/execution/recovery/ExecutionRecoveryCoordinator.kt,SHARED_OWNER_CANDIDATE_REQUIRES_NODE_REVIEW,core/automation-engine/src/main/java/com/nexaflow/core/engine/SettingsStateMonitor.kt,NOT_TESTED
STORAGE_LOW,import_export,data/src/main/java/com/nexaflow/data/backup/BackupManager.kt,SHARED_OWNER_CANDIDATE_REQUIRES_NODE_REVIEW,core/automation-engine/src/main/java/com/nexaflow/core/engine/SettingsStateMonitor.kt,NOT_TESTED
STORAGE_LOW,identity_version,domain/src/main/java/com/nexaflow/domain/catalog/AutomationNodeCatalog.kt|domain/src/main/java/com/nexaflow/domain/models/Automation.kt,SHARED_OWNER_CANDIDATE_REQUIRES_NODE_REVIEW,core/automation-engine/src/main/java/com/nexaflow/core/engine/SettingsStateMonitor.kt,NOT_TESTED
AUTO_ROTATE,picker,feature/automation-builder/src/main/java/com/nexaflow/feature/builder/TriggerCatalogPresentation.kt|feature/automation-builder/src/main/java/com/nexaflow/feature/builder/BuilderActionCatalog.kt,SHARED_OWNER_CANDIDATE_REQUIRES_NODE_REVIEW,core/automation-engine/src/main/java/com/nexaflow/core/engine/SettingsStateMonitor.kt,NOT_TESTED
AUTO_ROTATE,draft,feature/automation-builder/src/main/java/com/nexaflow/feature/builder/AutomationBuilderScreen.kt|feature/automation-builder/src/main/java/com/nexaflow/feature/builder/TriggerEditorCard.kt|feature/automation-builder/src/main/java/com/nexaflow/feature/builder/ActionConfigEditor.kt,SHARED_OWNER_CANDIDATE_REQUIRES_NODE_REVIEW,core/automation-engine/src/main/java/com/nexaflow/core/engine/SettingsStateMonitor.kt,NOT_TESTED
AUTO_ROTATE,ui_validation,domain/src/main/java/com/nexaflow/domain/catalog/NodeConfigurationValidator.kt|feature/automation-builder/src/main/java/com/nexaflow/feature/builder/AutomationBuilderViewModel.kt,SHARED_OWNER_CANDIDATE_REQUIRES_NODE_REVIEW,core/automation-engine/src/main/java/com/nexaflow/core/engine/SettingsStateMonitor.kt,NOT_TESTED
AUTO_ROTATE,save,feature/automation-builder/src/main/java/com/nexaflow/feature/builder/AutomationBuilderViewModel.kt|data/src/main/java/com/nexaflow/data/repository/AutomationRepositoryImpl.kt,SHARED_OWNER_CANDIDATE_REQUIRES_NODE_REVIEW,core/automation-engine/src/main/java/com/nexaflow/core/engine/SettingsStateMonitor.kt,NOT_TESTED
AUTO_ROTATE,room_serialization,core/database/src/main/java/com/nexaflow/core/database/Converters.kt|data/src/main/java/com/nexaflow/data/mapper/AutomationMapper.kt,SHARED_OWNER_CANDIDATE_REQUIRES_NODE_REVIEW,core/automation-engine/src/main/java/com/nexaflow/core/engine/SettingsStateMonitor.kt,NOT_TESTED
AUTO_ROTATE,migration,data/src/main/java/com/nexaflow/data/repository/CanonicalWorkflowMigrationRunner.kt,SHARED_OWNER_CANDIDATE_REQUIRES_NODE_REVIEW,core/automation-engine/src/main/java/com/nexaflow/core/engine/SettingsStateMonitor.kt,NOT_TESTED
AUTO_ROTATE,reload,data/src/main/java/com/nexaflow/data/mapper/AutomationMapper.kt|data/src/main/java/com/nexaflow/data/repository/AutomationRepositoryImpl.kt,SHARED_OWNER_CANDIDATE_REQUIRES_NODE_REVIEW,core/automation-engine/src/main/java/com/nexaflow/core/engine/SettingsStateMonitor.kt,NOT_TESTED
AUTO_ROTATE,admission,core/automation-engine/src/main/java/com/nexaflow/core/engine/TriggerIndex.kt|core/execution/src/main/java/com/nexaflow/core/execution/ExecutionEngine.kt,SHARED_OWNER_CANDIDATE_REQUIRES_NODE_REVIEW,core/automation-engine/src/main/java/com/nexaflow/core/engine/SettingsStateMonitor.kt,NOT_TESTED
AUTO_ROTATE,dispatch,core/automation-engine/src/main/java/com/nexaflow/core/engine/TriggerIndex.kt|core/execution/src/main/java/com/nexaflow/core/execution/handler/ActionRegistry.kt|core/execution/src/main/java/com/nexaflow/core/execution/workflow/WorkflowInterpreter.kt,SHARED_OWNER_CANDIDATE_REQUIRES_NODE_REVIEW,core/automation-engine/src/main/java/com/nexaflow/core/engine/SettingsStateMonitor.kt,NOT_TESTED
AUTO_ROTATE,read_back,core/execution/src/main/java/com/nexaflow/core/execution/DeviceStateSnapshot.kt|domain/src/main/java/com/nexaflow/domain/models/ExecutionRecord.kt,SHARED_OWNER_CANDIDATE_REQUIRES_NODE_REVIEW,core/automation-engine/src/main/java/com/nexaflow/core/engine/SettingsStateMonitor.kt,NOT_TESTED
AUTO_ROTATE,exit,core/execution/src/main/java/com/nexaflow/core/execution/ExecutionEngine.kt,SHARED_OWNER_CANDIDATE_REQUIRES_NODE_REVIEW,core/automation-engine/src/main/java/com/nexaflow/core/engine/SettingsStateMonitor.kt,NOT_TESTED
AUTO_ROTATE,history,data/src/main/java/com/nexaflow/data/repository/HistoryRepositoryImpl.kt|core/execution/src/main/java/com/nexaflow/core/execution/ExecutionEngine.kt,SHARED_OWNER_CANDIDATE_REQUIRES_NODE_REVIEW,core/automation-engine/src/main/java/com/nexaflow/core/engine/SettingsStateMonitor.kt,NOT_TESTED
AUTO_ROTATE,recovery,core/datastore/src/main/java/com/nexaflow/core/datastore/ActiveExecutionStore.kt|core/execution/src/main/java/com/nexaflow/core/execution/recovery/ExecutionRecoveryCoordinator.kt,SHARED_OWNER_CANDIDATE_REQUIRES_NODE_REVIEW,core/automation-engine/src/main/java/com/nexaflow/core/engine/SettingsStateMonitor.kt,NOT_TESTED
AUTO_ROTATE,import_export,data/src/main/java/com/nexaflow/data/backup/BackupManager.kt,SHARED_OWNER_CANDIDATE_REQUIRES_NODE_REVIEW,core/automation-engine/src/main/java/com/nexaflow/core/engine/SettingsStateMonitor.kt,NOT_TESTED
AUTO_ROTATE,identity_version,domain/src/main/java/com/nexaflow/domain/catalog/AutomationNodeCatalog.kt|domain/src/main/java/com/nexaflow/domain/models/Automation.kt,SHARED_OWNER_CANDIDATE_REQUIRES_NODE_REVIEW,core/automation-engine/src/main/java/com/nexaflow/core/engine/SettingsStateMonitor.kt,NOT_TESTED
DATA_SAVER_STATE,picker,feature/automation-builder/src/main/java/com/nexaflow/feature/builder/TriggerCatalogPresentation.kt|feature/automation-builder/src/main/java/com/nexaflow/feature/builder/BuilderActionCatalog.kt,SHARED_OWNER_CANDIDATE_REQUIRES_NODE_REVIEW,core/automation-engine/src/main/java/com/nexaflow/core/engine/SettingsStateMonitor.kt,NOT_TESTED
DATA_SAVER_STATE,draft,feature/automation-builder/src/main/java/com/nexaflow/feature/builder/AutomationBuilderScreen.kt|feature/automation-builder/src/main/java/com/nexaflow/feature/builder/TriggerEditorCard.kt|feature/automation-builder/src/main/java/com/nexaflow/feature/builder/ActionConfigEditor.kt,SHARED_OWNER_CANDIDATE_REQUIRES_NODE_REVIEW,core/automation-engine/src/main/java/com/nexaflow/core/engine/SettingsStateMonitor.kt,NOT_TESTED
DATA_SAVER_STATE,ui_validation,domain/src/main/java/com/nexaflow/domain/catalog/NodeConfigurationValidator.kt|feature/automation-builder/src/main/java/com/nexaflow/feature/builder/AutomationBuilderViewModel.kt,SHARED_OWNER_CANDIDATE_REQUIRES_NODE_REVIEW,core/automation-engine/src/main/java/com/nexaflow/core/engine/SettingsStateMonitor.kt,NOT_TESTED
DATA_SAVER_STATE,save,feature/automation-builder/src/main/java/com/nexaflow/feature/builder/AutomationBuilderViewModel.kt|data/src/main/java/com/nexaflow/data/repository/AutomationRepositoryImpl.kt,SHARED_OWNER_CANDIDATE_REQUIRES_NODE_REVIEW,core/automation-engine/src/main/java/com/nexaflow/core/engine/SettingsStateMonitor.kt,NOT_TESTED
DATA_SAVER_STATE,room_serialization,core/database/src/main/java/com/nexaflow/core/database/Converters.kt|data/src/main/java/com/nexaflow/data/mapper/AutomationMapper.kt,SHARED_OWNER_CANDIDATE_REQUIRES_NODE_REVIEW,core/automation-engine/src/main/java/com/nexaflow/core/engine/SettingsStateMonitor.kt,NOT_TESTED
DATA_SAVER_STATE,migration,data/src/main/java/com/nexaflow/data/repository/CanonicalWorkflowMigrationRunner.kt,SHARED_OWNER_CANDIDATE_REQUIRES_NODE_REVIEW,core/automation-engine/src/main/java/com/nexaflow/core/engine/SettingsStateMonitor.kt,NOT_TESTED
DATA_SAVER_STATE,reload,data/src/main/java/com/nexaflow/data/mapper/AutomationMapper.kt|data/src/main/java/com/nexaflow/data/repository/AutomationRepositoryImpl.kt,SHARED_OWNER_CANDIDATE_REQUIRES_NODE_REVIEW,core/automation-engine/src/main/java/com/nexaflow/core/engine/SettingsStateMonitor.kt,NOT_TESTED
DATA_SAVER_STATE,admission,core/automation-engine/src/main/java/com/nexaflow/core/engine/TriggerIndex.kt|core/execution/src/main/java/com/nexaflow/core/execution/ExecutionEngine.kt,SHARED_OWNER_CANDIDATE_REQUIRES_NODE_REVIEW,core/automation-engine/src/main/java/com/nexaflow/core/engine/SettingsStateMonitor.kt,NOT_TESTED
DATA_SAVER_STATE,dispatch,core/automation-engine/src/main/java/com/nexaflow/core/engine/TriggerIndex.kt|core/execution/src/main/java/com/nexaflow/core/execution/handler/ActionRegistry.kt|core/execution/src/main/java/com/nexaflow/core/execution/workflow/WorkflowInterpreter.kt,SHARED_OWNER_CANDIDATE_REQUIRES_NODE_REVIEW,core/automation-engine/src/main/java/com/nexaflow/core/engine/SettingsStateMonitor.kt,NOT_TESTED
DATA_SAVER_STATE,read_back,core/execution/src/main/java/com/nexaflow/core/execution/DeviceStateSnapshot.kt|domain/src/main/java/com/nexaflow/domain/models/ExecutionRecord.kt,SHARED_OWNER_CANDIDATE_REQUIRES_NODE_REVIEW,core/automation-engine/src/main/java/com/nexaflow/core/engine/SettingsStateMonitor.kt,NOT_TESTED
DATA_SAVER_STATE,exit,core/execution/src/main/java/com/nexaflow/core/execution/ExecutionEngine.kt,SHARED_OWNER_CANDIDATE_REQUIRES_NODE_REVIEW,core/automation-engine/src/main/java/com/nexaflow/core/engine/SettingsStateMonitor.kt,NOT_TESTED
DATA_SAVER_STATE,history,data/src/main/java/com/nexaflow/data/repository/HistoryRepositoryImpl.kt|core/execution/src/main/java/com/nexaflow/core/execution/ExecutionEngine.kt,SHARED_OWNER_CANDIDATE_REQUIRES_NODE_REVIEW,core/automation-engine/src/main/java/com/nexaflow/core/engine/SettingsStateMonitor.kt,NOT_TESTED
DATA_SAVER_STATE,recovery,core/datastore/src/main/java/com/nexaflow/core/datastore/ActiveExecutionStore.kt|core/execution/src/main/java/com/nexaflow/core/execution/recovery/ExecutionRecoveryCoordinator.kt,SHARED_OWNER_CANDIDATE_REQUIRES_NODE_REVIEW,core/automation-engine/src/main/java/com/nexaflow/core/engine/SettingsStateMonitor.kt,NOT_TESTED
DATA_SAVER_STATE,import_export,data/src/main/java/com/nexaflow/data/backup/BackupManager.kt,SHARED_OWNER_CANDIDATE_REQUIRES_NODE_REVIEW,core/automation-engine/src/main/java/com/nexaflow/core/engine/SettingsStateMonitor.kt,NOT_TESTED
DATA_SAVER_STATE,identity_version,domain/src/main/java/com/nexaflow/domain/catalog/AutomationNodeCatalog.kt|domain/src/main/java/com/nexaflow/domain/models/Automation.kt,SHARED_OWNER_CANDIDATE_REQUIRES_NODE_REVIEW,core/automation-engine/src/main/java/com/nexaflow/core/engine/SettingsStateMonitor.kt,NOT_TESTED
DEVICE_LOCKED,picker,feature/automation-builder/src/main/java/com/nexaflow/feature/builder/TriggerCatalogPresentation.kt|feature/automation-builder/src/main/java/com/nexaflow/feature/builder/BuilderActionCatalog.kt,SHARED_OWNER_CANDIDATE_REQUIRES_NODE_REVIEW,core/automation-engine/src/main/java/com/nexaflow/core/engine/SettingsStateMonitor.kt,NOT_TESTED
DEVICE_LOCKED,draft,feature/automation-builder/src/main/java/com/nexaflow/feature/builder/AutomationBuilderScreen.kt|feature/automation-builder/src/main/java/com/nexaflow/feature/builder/TriggerEditorCard.kt|feature/automation-builder/src/main/java/com/nexaflow/feature/builder/ActionConfigEditor.kt,SHARED_OWNER_CANDIDATE_REQUIRES_NODE_REVIEW,core/automation-engine/src/main/java/com/nexaflow/core/engine/SettingsStateMonitor.kt,NOT_TESTED
DEVICE_LOCKED,ui_validation,domain/src/main/java/com/nexaflow/domain/catalog/NodeConfigurationValidator.kt|feature/automation-builder/src/main/java/com/nexaflow/feature/builder/AutomationBuilderViewModel.kt,SHARED_OWNER_CANDIDATE_REQUIRES_NODE_REVIEW,core/automation-engine/src/main/java/com/nexaflow/core/engine/SettingsStateMonitor.kt,NOT_TESTED
DEVICE_LOCKED,save,feature/automation-builder/src/main/java/com/nexaflow/feature/builder/AutomationBuilderViewModel.kt|data/src/main/java/com/nexaflow/data/repository/AutomationRepositoryImpl.kt,SHARED_OWNER_CANDIDATE_REQUIRES_NODE_REVIEW,core/automation-engine/src/main/java/com/nexaflow/core/engine/SettingsStateMonitor.kt,NOT_TESTED
DEVICE_LOCKED,room_serialization,core/database/src/main/java/com/nexaflow/core/database/Converters.kt|data/src/main/java/com/nexaflow/data/mapper/AutomationMapper.kt,SHARED_OWNER_CANDIDATE_REQUIRES_NODE_REVIEW,core/automation-engine/src/main/java/com/nexaflow/core/engine/SettingsStateMonitor.kt,NOT_TESTED
DEVICE_LOCKED,migration,data/src/main/java/com/nexaflow/data/repository/CanonicalWorkflowMigrationRunner.kt,SHARED_OWNER_CANDIDATE_REQUIRES_NODE_REVIEW,core/automation-engine/src/main/java/com/nexaflow/core/engine/SettingsStateMonitor.kt,NOT_TESTED
DEVICE_LOCKED,reload,data/src/main/java/com/nexaflow/data/mapper/AutomationMapper.kt|data/src/main/java/com/nexaflow/data/repository/AutomationRepositoryImpl.kt,SHARED_OWNER_CANDIDATE_REQUIRES_NODE_REVIEW,core/automation-engine/src/main/java/com/nexaflow/core/engine/SettingsStateMonitor.kt,NOT_TESTED
DEVICE_LOCKED,admission,core/automation-engine/src/main/java/com/nexaflow/core/engine/TriggerIndex.kt|core/execution/src/main/java/com/nexaflow/core/execution/ExecutionEngine.kt,SHARED_OWNER_CANDIDATE_REQUIRES_NODE_REVIEW,core/automation-engine/src/main/java/com/nexaflow/core/engine/SettingsStateMonitor.kt,NOT_TESTED
DEVICE_LOCKED,dispatch,core/automation-engine/src/main/java/com/nexaflow/core/engine/TriggerIndex.kt|core/execution/src/main/java/com/nexaflow/core/execution/handler/ActionRegistry.kt|core/execution/src/main/java/com/nexaflow/core/execution/workflow/WorkflowInterpreter.kt,SHARED_OWNER_CANDIDATE_REQUIRES_NODE_REVIEW,core/automation-engine/src/main/java/com/nexaflow/core/engine/SettingsStateMonitor.kt,NOT_TESTED
DEVICE_LOCKED,read_back,core/execution/src/main/java/com/nexaflow/core/execution/DeviceStateSnapshot.kt|domain/src/main/java/com/nexaflow/domain/models/ExecutionRecord.kt,SHARED_OWNER_CANDIDATE_REQUIRES_NODE_REVIEW,core/automation-engine/src/main/java/com/nexaflow/core/engine/SettingsStateMonitor.kt,NOT_TESTED
DEVICE_LOCKED,exit,core/execution/src/main/java/com/nexaflow/core/execution/ExecutionEngine.kt,SHARED_OWNER_CANDIDATE_REQUIRES_NODE_REVIEW,core/automation-engine/src/main/java/com/nexaflow/core/engine/SettingsStateMonitor.kt,NOT_TESTED
DEVICE_LOCKED,history,data/src/main/java/com/nexaflow/data/repository/HistoryRepositoryImpl.kt|core/execution/src/main/java/com/nexaflow/core/execution/ExecutionEngine.kt,SHARED_OWNER_CANDIDATE_REQUIRES_NODE_REVIEW,core/automation-engine/src/main/java/com/nexaflow/core/engine/SettingsStateMonitor.kt,NOT_TESTED
DEVICE_LOCKED,recovery,core/datastore/src/main/java/com/nexaflow/core/datastore/ActiveExecutionStore.kt|core/execution/src/main/java/com/nexaflow/core/execution/recovery/ExecutionRecoveryCoordinator.kt,SHARED_OWNER_CANDIDATE_REQUIRES_NODE_REVIEW,core/automation-engine/src/main/java/com/nexaflow/core/engine/SettingsStateMonitor.kt,NOT_TESTED
DEVICE_LOCKED,import_export,data/src/main/java/com/nexaflow/data/backup/BackupManager.kt,SHARED_OWNER_CANDIDATE_REQUIRES_NODE_REVIEW,core/automation-engine/src/main/java/com/nexaflow/core/engine/SettingsStateMonitor.kt,NOT_TESTED
DEVICE_LOCKED,identity_version,domain/src/main/java/com/nexaflow/domain/catalog/AutomationNodeCatalog.kt|domain/src/main/java/com/nexaflow/domain/models/Automation.kt,SHARED_OWNER_CANDIDATE_REQUIRES_NODE_REVIEW,core/automation-engine/src/main/java/com/nexaflow/core/engine/SettingsStateMonitor.kt,NOT_TESTED
WIFI_STATE,picker,feature/automation-builder/src/main/java/com/nexaflow/feature/builder/TriggerCatalogPresentation.kt|feature/automation-builder/src/main/java/com/nexaflow/feature/builder/BuilderActionCatalog.kt,SHARED_OWNER_CANDIDATE_REQUIRES_NODE_REVIEW,core/automation-engine/src/main/java/com/nexaflow/core/engine/SettingsStateMonitor.kt,NOT_TESTED
WIFI_STATE,draft,feature/automation-builder/src/main/java/com/nexaflow/feature/builder/AutomationBuilderScreen.kt|feature/automation-builder/src/main/java/com/nexaflow/feature/builder/TriggerEditorCard.kt|feature/automation-builder/src/main/java/com/nexaflow/feature/builder/ActionConfigEditor.kt,SHARED_OWNER_CANDIDATE_REQUIRES_NODE_REVIEW,core/automation-engine/src/main/java/com/nexaflow/core/engine/SettingsStateMonitor.kt,NOT_TESTED
WIFI_STATE,ui_validation,domain/src/main/java/com/nexaflow/domain/catalog/NodeConfigurationValidator.kt|feature/automation-builder/src/main/java/com/nexaflow/feature/builder/AutomationBuilderViewModel.kt,SHARED_OWNER_CANDIDATE_REQUIRES_NODE_REVIEW,core/automation-engine/src/main/java/com/nexaflow/core/engine/SettingsStateMonitor.kt,NOT_TESTED
WIFI_STATE,save,feature/automation-builder/src/main/java/com/nexaflow/feature/builder/AutomationBuilderViewModel.kt|data/src/main/java/com/nexaflow/data/repository/AutomationRepositoryImpl.kt,SHARED_OWNER_CANDIDATE_REQUIRES_NODE_REVIEW,core/automation-engine/src/main/java/com/nexaflow/core/engine/SettingsStateMonitor.kt,NOT_TESTED
WIFI_STATE,room_serialization,core/database/src/main/java/com/nexaflow/core/database/Converters.kt|data/src/main/java/com/nexaflow/data/mapper/AutomationMapper.kt,SHARED_OWNER_CANDIDATE_REQUIRES_NODE_REVIEW,core/automation-engine/src/main/java/com/nexaflow/core/engine/SettingsStateMonitor.kt,NOT_TESTED
WIFI_STATE,migration,data/src/main/java/com/nexaflow/data/repository/CanonicalWorkflowMigrationRunner.kt,SHARED_OWNER_CANDIDATE_REQUIRES_NODE_REVIEW,core/automation-engine/src/main/java/com/nexaflow/core/engine/SettingsStateMonitor.kt,NOT_TESTED
WIFI_STATE,reload,data/src/main/java/com/nexaflow/data/mapper/AutomationMapper.kt|data/src/main/java/com/nexaflow/data/repository/AutomationRepositoryImpl.kt,SHARED_OWNER_CANDIDATE_REQUIRES_NODE_REVIEW,core/automation-engine/src/main/java/com/nexaflow/core/engine/SettingsStateMonitor.kt,NOT_TESTED
WIFI_STATE,admission,core/automation-engine/src/main/java/com/nexaflow/core/engine/TriggerIndex.kt|core/execution/src/main/java/com/nexaflow/core/execution/ExecutionEngine.kt,SHARED_OWNER_CANDIDATE_REQUIRES_NODE_REVIEW,core/automation-engine/src/main/java/com/nexaflow/core/engine/SettingsStateMonitor.kt,NOT_TESTED
WIFI_STATE,dispatch,core/automation-engine/src/main/java/com/nexaflow/core/engine/TriggerIndex.kt|core/execution/src/main/java/com/nexaflow/core/execution/handler/ActionRegistry.kt|core/execution/src/main/java/com/nexaflow/core/execution/workflow/WorkflowInterpreter.kt,SHARED_OWNER_CANDIDATE_REQUIRES_NODE_REVIEW,core/automation-engine/src/main/java/com/nexaflow/core/engine/SettingsStateMonitor.kt,NOT_TESTED
WIFI_STATE,read_back,core/execution/src/main/java/com/nexaflow/core/execution/DeviceStateSnapshot.kt|domain/src/main/java/com/nexaflow/domain/models/ExecutionRecord.kt,SHARED_OWNER_CANDIDATE_REQUIRES_NODE_REVIEW,core/automation-engine/src/main/java/com/nexaflow/core/engine/SettingsStateMonitor.kt,NOT_TESTED
WIFI_STATE,exit,core/execution/src/main/java/com/nexaflow/core/execution/ExecutionEngine.kt,SHARED_OWNER_CANDIDATE_REQUIRES_NODE_REVIEW,core/automation-engine/src/main/java/com/nexaflow/core/engine/SettingsStateMonitor.kt,NOT_TESTED
WIFI_STATE,history,data/src/main/java/com/nexaflow/data/repository/HistoryRepositoryImpl.kt|core/execution/src/main/java/com/nexaflow/core/execution/ExecutionEngine.kt,SHARED_OWNER_CANDIDATE_REQUIRES_NODE_REVIEW,core/automation-engine/src/main/java/com/nexaflow/core/engine/SettingsStateMonitor.kt,NOT_TESTED
WIFI_STATE,recovery,core/datastore/src/main/java/com/nexaflow/core/datastore/ActiveExecutionStore.kt|core/execution/src/main/java/com/nexaflow/core/execution/recovery/ExecutionRecoveryCoordinator.kt,SHARED_OWNER_CANDIDATE_REQUIRES_NODE_REVIEW,core/automation-engine/src/main/java/com/nexaflow/core/engine/SettingsStateMonitor.kt,NOT_TESTED
WIFI_STATE,import_export,data/src/main/java/com/nexaflow/data/backup/BackupManager.kt,SHARED_OWNER_CANDIDATE_REQUIRES_NODE_REVIEW,core/automation-engine/src/main/java/com/nexaflow/core/engine/SettingsStateMonitor.kt,NOT_TESTED
WIFI_STATE,identity_version,domain/src/main/java/com/nexaflow/domain/catalog/AutomationNodeCatalog.kt|domain/src/main/java/com/nexaflow/domain/models/Automation.kt,SHARED_OWNER_CANDIDATE_REQUIRES_NODE_REVIEW,core/automation-engine/src/main/java/com/nexaflow/core/engine/SettingsStateMonitor.kt,NOT_TESTED
NFC_STATE,picker,feature/automation-builder/src/main/java/com/nexaflow/feature/builder/TriggerCatalogPresentation.kt|feature/automation-builder/src/main/java/com/nexaflow/feature/builder/BuilderActionCatalog.kt,SHARED_OWNER_CANDIDATE_REQUIRES_NODE_REVIEW,core/automation-engine/src/main/java/com/nexaflow/core/engine/SettingsStateMonitor.kt,NOT_TESTED
NFC_STATE,draft,feature/automation-builder/src/main/java/com/nexaflow/feature/builder/AutomationBuilderScreen.kt|feature/automation-builder/src/main/java/com/nexaflow/feature/builder/TriggerEditorCard.kt|feature/automation-builder/src/main/java/com/nexaflow/feature/builder/ActionConfigEditor.kt,SHARED_OWNER_CANDIDATE_REQUIRES_NODE_REVIEW,core/automation-engine/src/main/java/com/nexaflow/core/engine/SettingsStateMonitor.kt,NOT_TESTED
NFC_STATE,ui_validation,domain/src/main/java/com/nexaflow/domain/catalog/NodeConfigurationValidator.kt|feature/automation-builder/src/main/java/com/nexaflow/feature/builder/AutomationBuilderViewModel.kt,SHARED_OWNER_CANDIDATE_REQUIRES_NODE_REVIEW,core/automation-engine/src/main/java/com/nexaflow/core/engine/SettingsStateMonitor.kt,NOT_TESTED
NFC_STATE,save,feature/automation-builder/src/main/java/com/nexaflow/feature/builder/AutomationBuilderViewModel.kt|data/src/main/java/com/nexaflow/data/repository/AutomationRepositoryImpl.kt,SHARED_OWNER_CANDIDATE_REQUIRES_NODE_REVIEW,core/automation-engine/src/main/java/com/nexaflow/core/engine/SettingsStateMonitor.kt,NOT_TESTED
NFC_STATE,room_serialization,core/database/src/main/java/com/nexaflow/core/database/Converters.kt|data/src/main/java/com/nexaflow/data/mapper/AutomationMapper.kt,SHARED_OWNER_CANDIDATE_REQUIRES_NODE_REVIEW,core/automation-engine/src/main/java/com/nexaflow/core/engine/SettingsStateMonitor.kt,NOT_TESTED
NFC_STATE,migration,data/src/main/java/com/nexaflow/data/repository/CanonicalWorkflowMigrationRunner.kt,SHARED_OWNER_CANDIDATE_REQUIRES_NODE_REVIEW,core/automation-engine/src/main/java/com/nexaflow/core/engine/SettingsStateMonitor.kt,NOT_TESTED
NFC_STATE,reload,data/src/main/java/com/nexaflow/data/mapper/AutomationMapper.kt|data/src/main/java/com/nexaflow/data/repository/AutomationRepositoryImpl.kt,SHARED_OWNER_CANDIDATE_REQUIRES_NODE_REVIEW,core/automation-engine/src/main/java/com/nexaflow/core/engine/SettingsStateMonitor.kt,NOT_TESTED
NFC_STATE,admission,core/automation-engine/src/main/java/com/nexaflow/core/engine/TriggerIndex.kt|core/execution/src/main/java/com/nexaflow/core/execution/ExecutionEngine.kt,SHARED_OWNER_CANDIDATE_REQUIRES_NODE_REVIEW,core/automation-engine/src/main/java/com/nexaflow/core/engine/SettingsStateMonitor.kt,NOT_TESTED
NFC_STATE,dispatch,core/automation-engine/src/main/java/com/nexaflow/core/engine/TriggerIndex.kt|core/execution/src/main/java/com/nexaflow/core/execution/handler/ActionRegistry.kt|core/execution/src/main/java/com/nexaflow/core/execution/workflow/WorkflowInterpreter.kt,SHARED_OWNER_CANDIDATE_REQUIRES_NODE_REVIEW,core/automation-engine/src/main/java/com/nexaflow/core/engine/SettingsStateMonitor.kt,NOT_TESTED
NFC_STATE,read_back,core/execution/src/main/java/com/nexaflow/core/execution/DeviceStateSnapshot.kt|domain/src/main/java/com/nexaflow/domain/models/ExecutionRecord.kt,SHARED_OWNER_CANDIDATE_REQUIRES_NODE_REVIEW,core/automation-engine/src/main/java/com/nexaflow/core/engine/SettingsStateMonitor.kt,NOT_TESTED
NFC_STATE,exit,core/execution/src/main/java/com/nexaflow/core/execution/ExecutionEngine.kt,SHARED_OWNER_CANDIDATE_REQUIRES_NODE_REVIEW,core/automation-engine/src/main/java/com/nexaflow/core/engine/SettingsStateMonitor.kt,NOT_TESTED
NFC_STATE,history,data/src/main/java/com/nexaflow/data/repository/HistoryRepositoryImpl.kt|core/execution/src/main/java/com/nexaflow/core/execution/ExecutionEngine.kt,SHARED_OWNER_CANDIDATE_REQUIRES_NODE_REVIEW,core/automation-engine/src/main/java/com/nexaflow/core/engine/SettingsStateMonitor.kt,NOT_TESTED
NFC_STATE,recovery,core/datastore/src/main/java/com/nexaflow/core/datastore/ActiveExecutionStore.kt|core/execution/src/main/java/com/nexaflow/core/execution/recovery/ExecutionRecoveryCoordinator.kt,SHARED_OWNER_CANDIDATE_REQUIRES_NODE_REVIEW,core/automation-engine/src/main/java/com/nexaflow/core/engine/SettingsStateMonitor.kt,NOT_TESTED
NFC_STATE,import_export,data/src/main/java/com/nexaflow/data/backup/BackupManager.kt,SHARED_OWNER_CANDIDATE_REQUIRES_NODE_REVIEW,core/automation-engine/src/main/java/com/nexaflow/core/engine/SettingsStateMonitor.kt,NOT_TESTED
NFC_STATE,identity_version,domain/src/main/java/com/nexaflow/domain/catalog/AutomationNodeCatalog.kt|domain/src/main/java/com/nexaflow/domain/models/Automation.kt,SHARED_OWNER_CANDIDATE_REQUIRES_NODE_REVIEW,core/automation-engine/src/main/java/com/nexaflow/core/engine/SettingsStateMonitor.kt,NOT_TESTED
LOCATION_STATE,picker,feature/automation-builder/src/main/java/com/nexaflow/feature/builder/TriggerCatalogPresentation.kt|feature/automation-builder/src/main/java/com/nexaflow/feature/builder/BuilderActionCatalog.kt,SHARED_OWNER_CANDIDATE_REQUIRES_NODE_REVIEW,core/automation-engine/src/main/java/com/nexaflow/core/engine/SettingsStateMonitor.kt,NOT_TESTED
LOCATION_STATE,draft,feature/automation-builder/src/main/java/com/nexaflow/feature/builder/AutomationBuilderScreen.kt|feature/automation-builder/src/main/java/com/nexaflow/feature/builder/TriggerEditorCard.kt|feature/automation-builder/src/main/java/com/nexaflow/feature/builder/ActionConfigEditor.kt,SHARED_OWNER_CANDIDATE_REQUIRES_NODE_REVIEW,core/automation-engine/src/main/java/com/nexaflow/core/engine/SettingsStateMonitor.kt,NOT_TESTED
LOCATION_STATE,ui_validation,domain/src/main/java/com/nexaflow/domain/catalog/NodeConfigurationValidator.kt|feature/automation-builder/src/main/java/com/nexaflow/feature/builder/AutomationBuilderViewModel.kt,SHARED_OWNER_CANDIDATE_REQUIRES_NODE_REVIEW,core/automation-engine/src/main/java/com/nexaflow/core/engine/SettingsStateMonitor.kt,NOT_TESTED
LOCATION_STATE,save,feature/automation-builder/src/main/java/com/nexaflow/feature/builder/AutomationBuilderViewModel.kt|data/src/main/java/com/nexaflow/data/repository/AutomationRepositoryImpl.kt,SHARED_OWNER_CANDIDATE_REQUIRES_NODE_REVIEW,core/automation-engine/src/main/java/com/nexaflow/core/engine/SettingsStateMonitor.kt,NOT_TESTED
LOCATION_STATE,room_serialization,core/database/src/main/java/com/nexaflow/core/database/Converters.kt|data/src/main/java/com/nexaflow/data/mapper/AutomationMapper.kt,SHARED_OWNER_CANDIDATE_REQUIRES_NODE_REVIEW,core/automation-engine/src/main/java/com/nexaflow/core/engine/SettingsStateMonitor.kt,NOT_TESTED
LOCATION_STATE,migration,data/src/main/java/com/nexaflow/data/repository/CanonicalWorkflowMigrationRunner.kt,SHARED_OWNER_CANDIDATE_REQUIRES_NODE_REVIEW,core/automation-engine/src/main/java/com/nexaflow/core/engine/SettingsStateMonitor.kt,NOT_TESTED
LOCATION_STATE,reload,data/src/main/java/com/nexaflow/data/mapper/AutomationMapper.kt|data/src/main/java/com/nexaflow/data/repository/AutomationRepositoryImpl.kt,SHARED_OWNER_CANDIDATE_REQUIRES_NODE_REVIEW,core/automation-engine/src/main/java/com/nexaflow/core/engine/SettingsStateMonitor.kt,NOT_TESTED
LOCATION_STATE,admission,core/automation-engine/src/main/java/com/nexaflow/core/engine/TriggerIndex.kt|core/execution/src/main/java/com/nexaflow/core/execution/ExecutionEngine.kt,SHARED_OWNER_CANDIDATE_REQUIRES_NODE_REVIEW,core/automation-engine/src/main/java/com/nexaflow/core/engine/SettingsStateMonitor.kt,NOT_TESTED
LOCATION_STATE,dispatch,core/automation-engine/src/main/java/com/nexaflow/core/engine/TriggerIndex.kt|core/execution/src/main/java/com/nexaflow/core/execution/handler/ActionRegistry.kt|core/execution/src/main/java/com/nexaflow/core/execution/workflow/WorkflowInterpreter.kt,SHARED_OWNER_CANDIDATE_REQUIRES_NODE_REVIEW,core/automation-engine/src/main/java/com/nexaflow/core/engine/SettingsStateMonitor.kt,NOT_TESTED
LOCATION_STATE,read_back,core/execution/src/main/java/com/nexaflow/core/execution/DeviceStateSnapshot.kt|domain/src/main/java/com/nexaflow/domain/models/ExecutionRecord.kt,SHARED_OWNER_CANDIDATE_REQUIRES_NODE_REVIEW,core/automation-engine/src/main/java/com/nexaflow/core/engine/SettingsStateMonitor.kt,NOT_TESTED
LOCATION_STATE,exit,core/execution/src/main/java/com/nexaflow/core/execution/ExecutionEngine.kt,SHARED_OWNER_CANDIDATE_REQUIRES_NODE_REVIEW,core/automation-engine/src/main/java/com/nexaflow/core/engine/SettingsStateMonitor.kt,NOT_TESTED
LOCATION_STATE,history,data/src/main/java/com/nexaflow/data/repository/HistoryRepositoryImpl.kt|core/execution/src/main/java/com/nexaflow/core/execution/ExecutionEngine.kt,SHARED_OWNER_CANDIDATE_REQUIRES_NODE_REVIEW,core/automation-engine/src/main/java/com/nexaflow/core/engine/SettingsStateMonitor.kt,NOT_TESTED
LOCATION_STATE,recovery,core/datastore/src/main/java/com/nexaflow/core/datastore/ActiveExecutionStore.kt|core/execution/src/main/java/com/nexaflow/core/execution/recovery/ExecutionRecoveryCoordinator.kt,SHARED_OWNER_CANDIDATE_REQUIRES_NODE_REVIEW,core/automation-engine/src/main/java/com/nexaflow/core/engine/SettingsStateMonitor.kt,NOT_TESTED
LOCATION_STATE,import_export,data/src/main/java/com/nexaflow/data/backup/BackupManager.kt,SHARED_OWNER_CANDIDATE_REQUIRES_NODE_REVIEW,core/automation-engine/src/main/java/com/nexaflow/core/engine/SettingsStateMonitor.kt,NOT_TESTED
LOCATION_STATE,identity_version,domain/src/main/java/com/nexaflow/domain/catalog/AutomationNodeCatalog.kt|domain/src/main/java/com/nexaflow/domain/models/Automation.kt,SHARED_OWNER_CANDIDATE_REQUIRES_NODE_REVIEW,core/automation-engine/src/main/java/com/nexaflow/core/engine/SettingsStateMonitor.kt,NOT_TESTED
SCREEN_ROTATION_STATE,picker,feature/automation-builder/src/main/java/com/nexaflow/feature/builder/TriggerCatalogPresentation.kt|feature/automation-builder/src/main/java/com/nexaflow/feature/builder/BuilderActionCatalog.kt,SHARED_OWNER_CANDIDATE_REQUIRES_NODE_REVIEW,core/automation-engine/src/main/java/com/nexaflow/core/engine/SettingsStateMonitor.kt,NOT_TESTED
SCREEN_ROTATION_STATE,draft,feature/automation-builder/src/main/java/com/nexaflow/feature/builder/AutomationBuilderScreen.kt|feature/automation-builder/src/main/java/com/nexaflow/feature/builder/TriggerEditorCard.kt|feature/automation-builder/src/main/java/com/nexaflow/feature/builder/ActionConfigEditor.kt,SHARED_OWNER_CANDIDATE_REQUIRES_NODE_REVIEW,core/automation-engine/src/main/java/com/nexaflow/core/engine/SettingsStateMonitor.kt,NOT_TESTED
SCREEN_ROTATION_STATE,ui_validation,domain/src/main/java/com/nexaflow/domain/catalog/NodeConfigurationValidator.kt|feature/automation-builder/src/main/java/com/nexaflow/feature/builder/AutomationBuilderViewModel.kt,SHARED_OWNER_CANDIDATE_REQUIRES_NODE_REVIEW,core/automation-engine/src/main/java/com/nexaflow/core/engine/SettingsStateMonitor.kt,NOT_TESTED
SCREEN_ROTATION_STATE,save,feature/automation-builder/src/main/java/com/nexaflow/feature/builder/AutomationBuilderViewModel.kt|data/src/main/java/com/nexaflow/data/repository/AutomationRepositoryImpl.kt,SHARED_OWNER_CANDIDATE_REQUIRES_NODE_REVIEW,core/automation-engine/src/main/java/com/nexaflow/core/engine/SettingsStateMonitor.kt,NOT_TESTED
SCREEN_ROTATION_STATE,room_serialization,core/database/src/main/java/com/nexaflow/core/database/Converters.kt|data/src/main/java/com/nexaflow/data/mapper/AutomationMapper.kt,SHARED_OWNER_CANDIDATE_REQUIRES_NODE_REVIEW,core/automation-engine/src/main/java/com/nexaflow/core/engine/SettingsStateMonitor.kt,NOT_TESTED
SCREEN_ROTATION_STATE,migration,data/src/main/java/com/nexaflow/data/repository/CanonicalWorkflowMigrationRunner.kt,SHARED_OWNER_CANDIDATE_REQUIRES_NODE_REVIEW,core/automation-engine/src/main/java/com/nexaflow/core/engine/SettingsStateMonitor.kt,NOT_TESTED
SCREEN_ROTATION_STATE,reload,data/src/main/java/com/nexaflow/data/mapper/AutomationMapper.kt|data/src/main/java/com/nexaflow/data/repository/AutomationRepositoryImpl.kt,SHARED_OWNER_CANDIDATE_REQUIRES_NODE_REVIEW,core/automation-engine/src/main/java/com/nexaflow/core/engine/SettingsStateMonitor.kt,NOT_TESTED
SCREEN_ROTATION_STATE,admission,core/automation-engine/src/main/java/com/nexaflow/core/engine/TriggerIndex.kt|core/execution/src/main/java/com/nexaflow/core/execution/ExecutionEngine.kt,SHARED_OWNER_CANDIDATE_REQUIRES_NODE_REVIEW,core/automation-engine/src/main/java/com/nexaflow/core/engine/SettingsStateMonitor.kt,NOT_TESTED
SCREEN_ROTATION_STATE,dispatch,core/automation-engine/src/main/java/com/nexaflow/core/engine/TriggerIndex.kt|core/execution/src/main/java/com/nexaflow/core/execution/handler/ActionRegistry.kt|core/execution/src/main/java/com/nexaflow/core/execution/workflow/WorkflowInterpreter.kt,SHARED_OWNER_CANDIDATE_REQUIRES_NODE_REVIEW,core/automation-engine/src/main/java/com/nexaflow/core/engine/SettingsStateMonitor.kt,NOT_TESTED
SCREEN_ROTATION_STATE,read_back,core/execution/src/main/java/com/nexaflow/core/execution/DeviceStateSnapshot.kt|domain/src/main/java/com/nexaflow/domain/models/ExecutionRecord.kt,SHARED_OWNER_CANDIDATE_REQUIRES_NODE_REVIEW,core/automation-engine/src/main/java/com/nexaflow/core/engine/SettingsStateMonitor.kt,NOT_TESTED
SCREEN_ROTATION_STATE,exit,core/execution/src/main/java/com/nexaflow/core/execution/ExecutionEngine.kt,SHARED_OWNER_CANDIDATE_REQUIRES_NODE_REVIEW,core/automation-engine/src/main/java/com/nexaflow/core/engine/SettingsStateMonitor.kt,NOT_TESTED
SCREEN_ROTATION_STATE,history,data/src/main/java/com/nexaflow/data/repository/HistoryRepositoryImpl.kt|core/execution/src/main/java/com/nexaflow/core/execution/ExecutionEngine.kt,SHARED_OWNER_CANDIDATE_REQUIRES_NODE_REVIEW,core/automation-engine/src/main/java/com/nexaflow/core/engine/SettingsStateMonitor.kt,NOT_TESTED
SCREEN_ROTATION_STATE,recovery,core/datastore/src/main/java/com/nexaflow/core/datastore/ActiveExecutionStore.kt|core/execution/src/main/java/com/nexaflow/core/execution/recovery/ExecutionRecoveryCoordinator.kt,SHARED_OWNER_CANDIDATE_REQUIRES_NODE_REVIEW,core/automation-engine/src/main/java/com/nexaflow/core/engine/SettingsStateMonitor.kt,NOT_TESTED
SCREEN_ROTATION_STATE,import_export,data/src/main/java/com/nexaflow/data/backup/BackupManager.kt,SHARED_OWNER_CANDIDATE_REQUIRES_NODE_REVIEW,core/automation-engine/src/main/java/com/nexaflow/core/engine/SettingsStateMonitor.kt,NOT_TESTED
SCREEN_ROTATION_STATE,identity_version,domain/src/main/java/com/nexaflow/domain/catalog/AutomationNodeCatalog.kt|domain/src/main/java/com/nexaflow/domain/models/Automation.kt,SHARED_OWNER_CANDIDATE_REQUIRES_NODE_REVIEW,core/automation-engine/src/main/java/com/nexaflow/core/engine/SettingsStateMonitor.kt,NOT_TESTED
WIFI_SIGNAL_STRENGTH,picker,feature/automation-builder/src/main/java/com/nexaflow/feature/builder/TriggerCatalogPresentation.kt|feature/automation-builder/src/main/java/com/nexaflow/feature/builder/BuilderActionCatalog.kt,SHARED_OWNER_CANDIDATE_REQUIRES_NODE_REVIEW,core/automation-engine/src/main/java/com/nexaflow/core/engine/DeviceStateMonitor28.kt,NOT_TESTED
WIFI_SIGNAL_STRENGTH,draft,feature/automation-builder/src/main/java/com/nexaflow/feature/builder/AutomationBuilderScreen.kt|feature/automation-builder/src/main/java/com/nexaflow/feature/builder/TriggerEditorCard.kt|feature/automation-builder/src/main/java/com/nexaflow/feature/builder/ActionConfigEditor.kt,SHARED_OWNER_CANDIDATE_REQUIRES_NODE_REVIEW,core/automation-engine/src/main/java/com/nexaflow/core/engine/DeviceStateMonitor28.kt,NOT_TESTED
WIFI_SIGNAL_STRENGTH,ui_validation,domain/src/main/java/com/nexaflow/domain/catalog/NodeConfigurationValidator.kt|feature/automation-builder/src/main/java/com/nexaflow/feature/builder/AutomationBuilderViewModel.kt,SHARED_OWNER_CANDIDATE_REQUIRES_NODE_REVIEW,core/automation-engine/src/main/java/com/nexaflow/core/engine/DeviceStateMonitor28.kt,NOT_TESTED
WIFI_SIGNAL_STRENGTH,save,feature/automation-builder/src/main/java/com/nexaflow/feature/builder/AutomationBuilderViewModel.kt|data/src/main/java/com/nexaflow/data/repository/AutomationRepositoryImpl.kt,SHARED_OWNER_CANDIDATE_REQUIRES_NODE_REVIEW,core/automation-engine/src/main/java/com/nexaflow/core/engine/DeviceStateMonitor28.kt,NOT_TESTED
WIFI_SIGNAL_STRENGTH,room_serialization,core/database/src/main/java/com/nexaflow/core/database/Converters.kt|data/src/main/java/com/nexaflow/data/mapper/AutomationMapper.kt,SHARED_OWNER_CANDIDATE_REQUIRES_NODE_REVIEW,core/automation-engine/src/main/java/com/nexaflow/core/engine/DeviceStateMonitor28.kt,NOT_TESTED
WIFI_SIGNAL_STRENGTH,migration,data/src/main/java/com/nexaflow/data/repository/CanonicalWorkflowMigrationRunner.kt,SHARED_OWNER_CANDIDATE_REQUIRES_NODE_REVIEW,core/automation-engine/src/main/java/com/nexaflow/core/engine/DeviceStateMonitor28.kt,NOT_TESTED
WIFI_SIGNAL_STRENGTH,reload,data/src/main/java/com/nexaflow/data/mapper/AutomationMapper.kt|data/src/main/java/com/nexaflow/data/repository/AutomationRepositoryImpl.kt,SHARED_OWNER_CANDIDATE_REQUIRES_NODE_REVIEW,core/automation-engine/src/main/java/com/nexaflow/core/engine/DeviceStateMonitor28.kt,NOT_TESTED
WIFI_SIGNAL_STRENGTH,admission,core/automation-engine/src/main/java/com/nexaflow/core/engine/TriggerIndex.kt|core/execution/src/main/java/com/nexaflow/core/execution/ExecutionEngine.kt,SHARED_OWNER_CANDIDATE_REQUIRES_NODE_REVIEW,core/automation-engine/src/main/java/com/nexaflow/core/engine/DeviceStateMonitor28.kt,NOT_TESTED
WIFI_SIGNAL_STRENGTH,dispatch,core/automation-engine/src/main/java/com/nexaflow/core/engine/TriggerIndex.kt|core/execution/src/main/java/com/nexaflow/core/execution/handler/ActionRegistry.kt|core/execution/src/main/java/com/nexaflow/core/execution/workflow/WorkflowInterpreter.kt,SHARED_OWNER_CANDIDATE_REQUIRES_NODE_REVIEW,core/automation-engine/src/main/java/com/nexaflow/core/engine/DeviceStateMonitor28.kt,NOT_TESTED
WIFI_SIGNAL_STRENGTH,read_back,core/execution/src/main/java/com/nexaflow/core/execution/DeviceStateSnapshot.kt|domain/src/main/java/com/nexaflow/domain/models/ExecutionRecord.kt,SHARED_OWNER_CANDIDATE_REQUIRES_NODE_REVIEW,core/automation-engine/src/main/java/com/nexaflow/core/engine/DeviceStateMonitor28.kt,NOT_TESTED
WIFI_SIGNAL_STRENGTH,exit,core/execution/src/main/java/com/nexaflow/core/execution/ExecutionEngine.kt,SHARED_OWNER_CANDIDATE_REQUIRES_NODE_REVIEW,core/automation-engine/src/main/java/com/nexaflow/core/engine/DeviceStateMonitor28.kt,NOT_TESTED
WIFI_SIGNAL_STRENGTH,history,data/src/main/java/com/nexaflow/data/repository/HistoryRepositoryImpl.kt|core/execution/src/main/java/com/nexaflow/core/execution/ExecutionEngine.kt,SHARED_OWNER_CANDIDATE_REQUIRES_NODE_REVIEW,core/automation-engine/src/main/java/com/nexaflow/core/engine/DeviceStateMonitor28.kt,NOT_TESTED
WIFI_SIGNAL_STRENGTH,recovery,core/datastore/src/main/java/com/nexaflow/core/datastore/ActiveExecutionStore.kt|core/execution/src/main/java/com/nexaflow/core/execution/recovery/ExecutionRecoveryCoordinator.kt,SHARED_OWNER_CANDIDATE_REQUIRES_NODE_REVIEW,core/automation-engine/src/main/java/com/nexaflow/core/engine/DeviceStateMonitor28.kt,NOT_TESTED
WIFI_SIGNAL_STRENGTH,import_export,data/src/main/java/com/nexaflow/data/backup/BackupManager.kt,SHARED_OWNER_CANDIDATE_REQUIRES_NODE_REVIEW,core/automation-engine/src/main/java/com/nexaflow/core/engine/DeviceStateMonitor28.kt,NOT_TESTED
WIFI_SIGNAL_STRENGTH,identity_version,domain/src/main/java/com/nexaflow/domain/catalog/AutomationNodeCatalog.kt|domain/src/main/java/com/nexaflow/domain/models/Automation.kt,SHARED_OWNER_CANDIDATE_REQUIRES_NODE_REVIEW,core/automation-engine/src/main/java/com/nexaflow/core/engine/DeviceStateMonitor28.kt,NOT_TESTED
CELL_SIGNAL_STRENGTH,picker,feature/automation-builder/src/main/java/com/nexaflow/feature/builder/TriggerCatalogPresentation.kt|feature/automation-builder/src/main/java/com/nexaflow/feature/builder/BuilderActionCatalog.kt,SHARED_OWNER_CANDIDATE_REQUIRES_NODE_REVIEW,core/automation-engine/src/main/java/com/nexaflow/core/engine/DeviceStateMonitor28.kt,NOT_TESTED
CELL_SIGNAL_STRENGTH,draft,feature/automation-builder/src/main/java/com/nexaflow/feature/builder/AutomationBuilderScreen.kt|feature/automation-builder/src/main/java/com/nexaflow/feature/builder/TriggerEditorCard.kt|feature/automation-builder/src/main/java/com/nexaflow/feature/builder/ActionConfigEditor.kt,SHARED_OWNER_CANDIDATE_REQUIRES_NODE_REVIEW,core/automation-engine/src/main/java/com/nexaflow/core/engine/DeviceStateMonitor28.kt,NOT_TESTED
CELL_SIGNAL_STRENGTH,ui_validation,domain/src/main/java/com/nexaflow/domain/catalog/NodeConfigurationValidator.kt|feature/automation-builder/src/main/java/com/nexaflow/feature/builder/AutomationBuilderViewModel.kt,SHARED_OWNER_CANDIDATE_REQUIRES_NODE_REVIEW,core/automation-engine/src/main/java/com/nexaflow/core/engine/DeviceStateMonitor28.kt,NOT_TESTED
CELL_SIGNAL_STRENGTH,save,feature/automation-builder/src/main/java/com/nexaflow/feature/builder/AutomationBuilderViewModel.kt|data/src/main/java/com/nexaflow/data/repository/AutomationRepositoryImpl.kt,SHARED_OWNER_CANDIDATE_REQUIRES_NODE_REVIEW,core/automation-engine/src/main/java/com/nexaflow/core/engine/DeviceStateMonitor28.kt,NOT_TESTED
CELL_SIGNAL_STRENGTH,room_serialization,core/database/src/main/java/com/nexaflow/core/database/Converters.kt|data/src/main/java/com/nexaflow/data/mapper/AutomationMapper.kt,SHARED_OWNER_CANDIDATE_REQUIRES_NODE_REVIEW,core/automation-engine/src/main/java/com/nexaflow/core/engine/DeviceStateMonitor28.kt,NOT_TESTED
CELL_SIGNAL_STRENGTH,migration,data/src/main/java/com/nexaflow/data/repository/CanonicalWorkflowMigrationRunner.kt,SHARED_OWNER_CANDIDATE_REQUIRES_NODE_REVIEW,core/automation-engine/src/main/java/com/nexaflow/core/engine/DeviceStateMonitor28.kt,NOT_TESTED
CELL_SIGNAL_STRENGTH,reload,data/src/main/java/com/nexaflow/data/mapper/AutomationMapper.kt|data/src/main/java/com/nexaflow/data/repository/AutomationRepositoryImpl.kt,SHARED_OWNER_CANDIDATE_REQUIRES_NODE_REVIEW,core/automation-engine/src/main/java/com/nexaflow/core/engine/DeviceStateMonitor28.kt,NOT_TESTED
CELL_SIGNAL_STRENGTH,admission,core/automation-engine/src/main/java/com/nexaflow/core/engine/TriggerIndex.kt|core/execution/src/main/java/com/nexaflow/core/execution/ExecutionEngine.kt,SHARED_OWNER_CANDIDATE_REQUIRES_NODE_REVIEW,core/automation-engine/src/main/java/com/nexaflow/core/engine/DeviceStateMonitor28.kt,NOT_TESTED
CELL_SIGNAL_STRENGTH,dispatch,core/automation-engine/src/main/java/com/nexaflow/core/engine/TriggerIndex.kt|core/execution/src/main/java/com/nexaflow/core/execution/handler/ActionRegistry.kt|core/execution/src/main/java/com/nexaflow/core/execution/workflow/WorkflowInterpreter.kt,SHARED_OWNER_CANDIDATE_REQUIRES_NODE_REVIEW,core/automation-engine/src/main/java/com/nexaflow/core/engine/DeviceStateMonitor28.kt,NOT_TESTED
CELL_SIGNAL_STRENGTH,read_back,core/execution/src/main/java/com/nexaflow/core/execution/DeviceStateSnapshot.kt|domain/src/main/java/com/nexaflow/domain/models/ExecutionRecord.kt,SHARED_OWNER_CANDIDATE_REQUIRES_NODE_REVIEW,core/automation-engine/src/main/java/com/nexaflow/core/engine/DeviceStateMonitor28.kt,NOT_TESTED
CELL_SIGNAL_STRENGTH,exit,core/execution/src/main/java/com/nexaflow/core/execution/ExecutionEngine.kt,SHARED_OWNER_CANDIDATE_REQUIRES_NODE_REVIEW,core/automation-engine/src/main/java/com/nexaflow/core/engine/DeviceStateMonitor28.kt,NOT_TESTED
CELL_SIGNAL_STRENGTH,history,data/src/main/java/com/nexaflow/data/repository/HistoryRepositoryImpl.kt|core/execution/src/main/java/com/nexaflow/core/execution/ExecutionEngine.kt,SHARED_OWNER_CANDIDATE_REQUIRES_NODE_REVIEW,core/automation-engine/src/main/java/com/nexaflow/core/engine/DeviceStateMonitor28.kt,NOT_TESTED
CELL_SIGNAL_STRENGTH,recovery,core/datastore/src/main/java/com/nexaflow/core/datastore/ActiveExecutionStore.kt|core/execution/src/main/java/com/nexaflow/core/execution/recovery/ExecutionRecoveryCoordinator.kt,SHARED_OWNER_CANDIDATE_REQUIRES_NODE_REVIEW,core/automation-engine/src/main/java/com/nexaflow/core/engine/DeviceStateMonitor28.kt,NOT_TESTED
CELL_SIGNAL_STRENGTH,import_export,data/src/main/java/com/nexaflow/data/backup/BackupManager.kt,SHARED_OWNER_CANDIDATE_REQUIRES_NODE_REVIEW,core/automation-engine/src/main/java/com/nexaflow/core/engine/DeviceStateMonitor28.kt,NOT_TESTED
CELL_SIGNAL_STRENGTH,identity_version,domain/src/main/java/com/nexaflow/domain/catalog/AutomationNodeCatalog.kt|domain/src/main/java/com/nexaflow/domain/models/Automation.kt,SHARED_OWNER_CANDIDATE_REQUIRES_NODE_REVIEW,core/automation-engine/src/main/java/com/nexaflow/core/engine/DeviceStateMonitor28.kt,NOT_TESTED
BATTERY_TEMPERATURE,picker,feature/automation-builder/src/main/java/com/nexaflow/feature/builder/TriggerCatalogPresentation.kt|feature/automation-builder/src/main/java/com/nexaflow/feature/builder/BuilderActionCatalog.kt,SHARED_OWNER_CANDIDATE_REQUIRES_NODE_REVIEW,core/automation-engine/src/main/java/com/nexaflow/core/engine/DeviceStateMonitor28.kt,NOT_TESTED
BATTERY_TEMPERATURE,draft,feature/automation-builder/src/main/java/com/nexaflow/feature/builder/AutomationBuilderScreen.kt|feature/automation-builder/src/main/java/com/nexaflow/feature/builder/TriggerEditorCard.kt|feature/automation-builder/src/main/java/com/nexaflow/feature/builder/ActionConfigEditor.kt,SHARED_OWNER_CANDIDATE_REQUIRES_NODE_REVIEW,core/automation-engine/src/main/java/com/nexaflow/core/engine/DeviceStateMonitor28.kt,NOT_TESTED
BATTERY_TEMPERATURE,ui_validation,domain/src/main/java/com/nexaflow/domain/catalog/NodeConfigurationValidator.kt|feature/automation-builder/src/main/java/com/nexaflow/feature/builder/AutomationBuilderViewModel.kt,SHARED_OWNER_CANDIDATE_REQUIRES_NODE_REVIEW,core/automation-engine/src/main/java/com/nexaflow/core/engine/DeviceStateMonitor28.kt,NOT_TESTED
BATTERY_TEMPERATURE,save,feature/automation-builder/src/main/java/com/nexaflow/feature/builder/AutomationBuilderViewModel.kt|data/src/main/java/com/nexaflow/data/repository/AutomationRepositoryImpl.kt,SHARED_OWNER_CANDIDATE_REQUIRES_NODE_REVIEW,core/automation-engine/src/main/java/com/nexaflow/core/engine/DeviceStateMonitor28.kt,NOT_TESTED
BATTERY_TEMPERATURE,room_serialization,core/database/src/main/java/com/nexaflow/core/database/Converters.kt|data/src/main/java/com/nexaflow/data/mapper/AutomationMapper.kt,SHARED_OWNER_CANDIDATE_REQUIRES_NODE_REVIEW,core/automation-engine/src/main/java/com/nexaflow/core/engine/DeviceStateMonitor28.kt,NOT_TESTED
BATTERY_TEMPERATURE,migration,data/src/main/java/com/nexaflow/data/repository/CanonicalWorkflowMigrationRunner.kt,SHARED_OWNER_CANDIDATE_REQUIRES_NODE_REVIEW,core/automation-engine/src/main/java/com/nexaflow/core/engine/DeviceStateMonitor28.kt,NOT_TESTED
BATTERY_TEMPERATURE,reload,data/src/main/java/com/nexaflow/data/mapper/AutomationMapper.kt|data/src/main/java/com/nexaflow/data/repository/AutomationRepositoryImpl.kt,SHARED_OWNER_CANDIDATE_REQUIRES_NODE_REVIEW,core/automation-engine/src/main/java/com/nexaflow/core/engine/DeviceStateMonitor28.kt,NOT_TESTED
BATTERY_TEMPERATURE,admission,core/automation-engine/src/main/java/com/nexaflow/core/engine/TriggerIndex.kt|core/execution/src/main/java/com/nexaflow/core/execution/ExecutionEngine.kt,SHARED_OWNER_CANDIDATE_REQUIRES_NODE_REVIEW,core/automation-engine/src/main/java/com/nexaflow/core/engine/DeviceStateMonitor28.kt,NOT_TESTED
BATTERY_TEMPERATURE,dispatch,core/automation-engine/src/main/java/com/nexaflow/core/engine/TriggerIndex.kt|core/execution/src/main/java/com/nexaflow/core/execution/handler/ActionRegistry.kt|core/execution/src/main/java/com/nexaflow/core/execution/workflow/WorkflowInterpreter.kt,SHARED_OWNER_CANDIDATE_REQUIRES_NODE_REVIEW,core/automation-engine/src/main/java/com/nexaflow/core/engine/DeviceStateMonitor28.kt,NOT_TESTED
BATTERY_TEMPERATURE,read_back,core/execution/src/main/java/com/nexaflow/core/execution/DeviceStateSnapshot.kt|domain/src/main/java/com/nexaflow/domain/models/ExecutionRecord.kt,SHARED_OWNER_CANDIDATE_REQUIRES_NODE_REVIEW,core/automation-engine/src/main/java/com/nexaflow/core/engine/DeviceStateMonitor28.kt,NOT_TESTED
BATTERY_TEMPERATURE,exit,core/execution/src/main/java/com/nexaflow/core/execution/ExecutionEngine.kt,SHARED_OWNER_CANDIDATE_REQUIRES_NODE_REVIEW,core/automation-engine/src/main/java/com/nexaflow/core/engine/DeviceStateMonitor28.kt,NOT_TESTED
BATTERY_TEMPERATURE,history,data/src/main/java/com/nexaflow/data/repository/HistoryRepositoryImpl.kt|core/execution/src/main/java/com/nexaflow/core/execution/ExecutionEngine.kt,SHARED_OWNER_CANDIDATE_REQUIRES_NODE_REVIEW,core/automation-engine/src/main/java/com/nexaflow/core/engine/DeviceStateMonitor28.kt,NOT_TESTED
BATTERY_TEMPERATURE,recovery,core/datastore/src/main/java/com/nexaflow/core/datastore/ActiveExecutionStore.kt|core/execution/src/main/java/com/nexaflow/core/execution/recovery/ExecutionRecoveryCoordinator.kt,SHARED_OWNER_CANDIDATE_REQUIRES_NODE_REVIEW,core/automation-engine/src/main/java/com/nexaflow/core/engine/DeviceStateMonitor28.kt,NOT_TESTED
BATTERY_TEMPERATURE,import_export,data/src/main/java/com/nexaflow/data/backup/BackupManager.kt,SHARED_OWNER_CANDIDATE_REQUIRES_NODE_REVIEW,core/automation-engine/src/main/java/com/nexaflow/core/engine/DeviceStateMonitor28.kt,NOT_TESTED
BATTERY_TEMPERATURE,identity_version,domain/src/main/java/com/nexaflow/domain/catalog/AutomationNodeCatalog.kt|domain/src/main/java/com/nexaflow/domain/models/Automation.kt,SHARED_OWNER_CANDIDATE_REQUIRES_NODE_REVIEW,core/automation-engine/src/main/java/com/nexaflow/core/engine/DeviceStateMonitor28.kt,NOT_TESTED
USB_CONNECTED,picker,feature/automation-builder/src/main/java/com/nexaflow/feature/builder/TriggerCatalogPresentation.kt|feature/automation-builder/src/main/java/com/nexaflow/feature/builder/BuilderActionCatalog.kt,SHARED_OWNER_CANDIDATE_REQUIRES_NODE_REVIEW,core/automation-engine/src/main/java/com/nexaflow/core/engine/DeviceStateMonitor28.kt,NOT_TESTED
USB_CONNECTED,draft,feature/automation-builder/src/main/java/com/nexaflow/feature/builder/AutomationBuilderScreen.kt|feature/automation-builder/src/main/java/com/nexaflow/feature/builder/TriggerEditorCard.kt|feature/automation-builder/src/main/java/com/nexaflow/feature/builder/ActionConfigEditor.kt,SHARED_OWNER_CANDIDATE_REQUIRES_NODE_REVIEW,core/automation-engine/src/main/java/com/nexaflow/core/engine/DeviceStateMonitor28.kt,NOT_TESTED
USB_CONNECTED,ui_validation,domain/src/main/java/com/nexaflow/domain/catalog/NodeConfigurationValidator.kt|feature/automation-builder/src/main/java/com/nexaflow/feature/builder/AutomationBuilderViewModel.kt,SHARED_OWNER_CANDIDATE_REQUIRES_NODE_REVIEW,core/automation-engine/src/main/java/com/nexaflow/core/engine/DeviceStateMonitor28.kt,NOT_TESTED
USB_CONNECTED,save,feature/automation-builder/src/main/java/com/nexaflow/feature/builder/AutomationBuilderViewModel.kt|data/src/main/java/com/nexaflow/data/repository/AutomationRepositoryImpl.kt,SHARED_OWNER_CANDIDATE_REQUIRES_NODE_REVIEW,core/automation-engine/src/main/java/com/nexaflow/core/engine/DeviceStateMonitor28.kt,NOT_TESTED
USB_CONNECTED,room_serialization,core/database/src/main/java/com/nexaflow/core/database/Converters.kt|data/src/main/java/com/nexaflow/data/mapper/AutomationMapper.kt,SHARED_OWNER_CANDIDATE_REQUIRES_NODE_REVIEW,core/automation-engine/src/main/java/com/nexaflow/core/engine/DeviceStateMonitor28.kt,NOT_TESTED
USB_CONNECTED,migration,data/src/main/java/com/nexaflow/data/repository/CanonicalWorkflowMigrationRunner.kt,SHARED_OWNER_CANDIDATE_REQUIRES_NODE_REVIEW,core/automation-engine/src/main/java/com/nexaflow/core/engine/DeviceStateMonitor28.kt,NOT_TESTED
USB_CONNECTED,reload,data/src/main/java/com/nexaflow/data/mapper/AutomationMapper.kt|data/src/main/java/com/nexaflow/data/repository/AutomationRepositoryImpl.kt,SHARED_OWNER_CANDIDATE_REQUIRES_NODE_REVIEW,core/automation-engine/src/main/java/com/nexaflow/core/engine/DeviceStateMonitor28.kt,NOT_TESTED
USB_CONNECTED,admission,core/automation-engine/src/main/java/com/nexaflow/core/engine/TriggerIndex.kt|core/execution/src/main/java/com/nexaflow/core/execution/ExecutionEngine.kt,SHARED_OWNER_CANDIDATE_REQUIRES_NODE_REVIEW,core/automation-engine/src/main/java/com/nexaflow/core/engine/DeviceStateMonitor28.kt,NOT_TESTED
USB_CONNECTED,dispatch,core/automation-engine/src/main/java/com/nexaflow/core/engine/TriggerIndex.kt|core/execution/src/main/java/com/nexaflow/core/execution/handler/ActionRegistry.kt|core/execution/src/main/java/com/nexaflow/core/execution/workflow/WorkflowInterpreter.kt,SHARED_OWNER_CANDIDATE_REQUIRES_NODE_REVIEW,core/automation-engine/src/main/java/com/nexaflow/core/engine/DeviceStateMonitor28.kt,NOT_TESTED
USB_CONNECTED,read_back,core/execution/src/main/java/com/nexaflow/core/execution/DeviceStateSnapshot.kt|domain/src/main/java/com/nexaflow/domain/models/ExecutionRecord.kt,SHARED_OWNER_CANDIDATE_REQUIRES_NODE_REVIEW,core/automation-engine/src/main/java/com/nexaflow/core/engine/DeviceStateMonitor28.kt,NOT_TESTED
USB_CONNECTED,exit,core/execution/src/main/java/com/nexaflow/core/execution/ExecutionEngine.kt,SHARED_OWNER_CANDIDATE_REQUIRES_NODE_REVIEW,core/automation-engine/src/main/java/com/nexaflow/core/engine/DeviceStateMonitor28.kt,NOT_TESTED
USB_CONNECTED,history,data/src/main/java/com/nexaflow/data/repository/HistoryRepositoryImpl.kt|core/execution/src/main/java/com/nexaflow/core/execution/ExecutionEngine.kt,SHARED_OWNER_CANDIDATE_REQUIRES_NODE_REVIEW,core/automation-engine/src/main/java/com/nexaflow/core/engine/DeviceStateMonitor28.kt,NOT_TESTED
USB_CONNECTED,recovery,core/datastore/src/main/java/com/nexaflow/core/datastore/ActiveExecutionStore.kt|core/execution/src/main/java/com/nexaflow/core/execution/recovery/ExecutionRecoveryCoordinator.kt,SHARED_OWNER_CANDIDATE_REQUIRES_NODE_REVIEW,core/automation-engine/src/main/java/com/nexaflow/core/engine/DeviceStateMonitor28.kt,NOT_TESTED
USB_CONNECTED,import_export,data/src/main/java/com/nexaflow/data/backup/BackupManager.kt,SHARED_OWNER_CANDIDATE_REQUIRES_NODE_REVIEW,core/automation-engine/src/main/java/com/nexaflow/core/engine/DeviceStateMonitor28.kt,NOT_TESTED
USB_CONNECTED,identity_version,domain/src/main/java/com/nexaflow/domain/catalog/AutomationNodeCatalog.kt|domain/src/main/java/com/nexaflow/domain/models/Automation.kt,SHARED_OWNER_CANDIDATE_REQUIRES_NODE_REVIEW,core/automation-engine/src/main/java/com/nexaflow/core/engine/DeviceStateMonitor28.kt,NOT_TESTED
HDMI_CONNECTED,picker,feature/automation-builder/src/main/java/com/nexaflow/feature/builder/TriggerCatalogPresentation.kt|feature/automation-builder/src/main/java/com/nexaflow/feature/builder/BuilderActionCatalog.kt,SHARED_OWNER_CANDIDATE_REQUIRES_NODE_REVIEW,core/automation-engine/src/main/java/com/nexaflow/core/engine/DeviceStateMonitor28.kt,NOT_TESTED
HDMI_CONNECTED,draft,feature/automation-builder/src/main/java/com/nexaflow/feature/builder/AutomationBuilderScreen.kt|feature/automation-builder/src/main/java/com/nexaflow/feature/builder/TriggerEditorCard.kt|feature/automation-builder/src/main/java/com/nexaflow/feature/builder/ActionConfigEditor.kt,SHARED_OWNER_CANDIDATE_REQUIRES_NODE_REVIEW,core/automation-engine/src/main/java/com/nexaflow/core/engine/DeviceStateMonitor28.kt,NOT_TESTED
HDMI_CONNECTED,ui_validation,domain/src/main/java/com/nexaflow/domain/catalog/NodeConfigurationValidator.kt|feature/automation-builder/src/main/java/com/nexaflow/feature/builder/AutomationBuilderViewModel.kt,SHARED_OWNER_CANDIDATE_REQUIRES_NODE_REVIEW,core/automation-engine/src/main/java/com/nexaflow/core/engine/DeviceStateMonitor28.kt,NOT_TESTED
HDMI_CONNECTED,save,feature/automation-builder/src/main/java/com/nexaflow/feature/builder/AutomationBuilderViewModel.kt|data/src/main/java/com/nexaflow/data/repository/AutomationRepositoryImpl.kt,SHARED_OWNER_CANDIDATE_REQUIRES_NODE_REVIEW,core/automation-engine/src/main/java/com/nexaflow/core/engine/DeviceStateMonitor28.kt,NOT_TESTED
HDMI_CONNECTED,room_serialization,core/database/src/main/java/com/nexaflow/core/database/Converters.kt|data/src/main/java/com/nexaflow/data/mapper/AutomationMapper.kt,SHARED_OWNER_CANDIDATE_REQUIRES_NODE_REVIEW,core/automation-engine/src/main/java/com/nexaflow/core/engine/DeviceStateMonitor28.kt,NOT_TESTED
HDMI_CONNECTED,migration,data/src/main/java/com/nexaflow/data/repository/CanonicalWorkflowMigrationRunner.kt,SHARED_OWNER_CANDIDATE_REQUIRES_NODE_REVIEW,core/automation-engine/src/main/java/com/nexaflow/core/engine/DeviceStateMonitor28.kt,NOT_TESTED
HDMI_CONNECTED,reload,data/src/main/java/com/nexaflow/data/mapper/AutomationMapper.kt|data/src/main/java/com/nexaflow/data/repository/AutomationRepositoryImpl.kt,SHARED_OWNER_CANDIDATE_REQUIRES_NODE_REVIEW,core/automation-engine/src/main/java/com/nexaflow/core/engine/DeviceStateMonitor28.kt,NOT_TESTED
HDMI_CONNECTED,admission,core/automation-engine/src/main/java/com/nexaflow/core/engine/TriggerIndex.kt|core/execution/src/main/java/com/nexaflow/core/execution/ExecutionEngine.kt,SHARED_OWNER_CANDIDATE_REQUIRES_NODE_REVIEW,core/automation-engine/src/main/java/com/nexaflow/core/engine/DeviceStateMonitor28.kt,NOT_TESTED
HDMI_CONNECTED,dispatch,core/automation-engine/src/main/java/com/nexaflow/core/engine/TriggerIndex.kt|core/execution/src/main/java/com/nexaflow/core/execution/handler/ActionRegistry.kt|core/execution/src/main/java/com/nexaflow/core/execution/workflow/WorkflowInterpreter.kt,SHARED_OWNER_CANDIDATE_REQUIRES_NODE_REVIEW,core/automation-engine/src/main/java/com/nexaflow/core/engine/DeviceStateMonitor28.kt,NOT_TESTED
HDMI_CONNECTED,read_back,core/execution/src/main/java/com/nexaflow/core/execution/DeviceStateSnapshot.kt|domain/src/main/java/com/nexaflow/domain/models/ExecutionRecord.kt,SHARED_OWNER_CANDIDATE_REQUIRES_NODE_REVIEW,core/automation-engine/src/main/java/com/nexaflow/core/engine/DeviceStateMonitor28.kt,NOT_TESTED
HDMI_CONNECTED,exit,core/execution/src/main/java/com/nexaflow/core/execution/ExecutionEngine.kt,SHARED_OWNER_CANDIDATE_REQUIRES_NODE_REVIEW,core/automation-engine/src/main/java/com/nexaflow/core/engine/DeviceStateMonitor28.kt,NOT_TESTED
HDMI_CONNECTED,history,data/src/main/java/com/nexaflow/data/repository/HistoryRepositoryImpl.kt|core/execution/src/main/java/com/nexaflow/core/execution/ExecutionEngine.kt,SHARED_OWNER_CANDIDATE_REQUIRES_NODE_REVIEW,core/automation-engine/src/main/java/com/nexaflow/core/engine/DeviceStateMonitor28.kt,NOT_TESTED
HDMI_CONNECTED,recovery,core/datastore/src/main/java/com/nexaflow/core/datastore/ActiveExecutionStore.kt|core/execution/src/main/java/com/nexaflow/core/execution/recovery/ExecutionRecoveryCoordinator.kt,SHARED_OWNER_CANDIDATE_REQUIRES_NODE_REVIEW,core/automation-engine/src/main/java/com/nexaflow/core/engine/DeviceStateMonitor28.kt,NOT_TESTED
HDMI_CONNECTED,import_export,data/src/main/java/com/nexaflow/data/backup/BackupManager.kt,SHARED_OWNER_CANDIDATE_REQUIRES_NODE_REVIEW,core/automation-engine/src/main/java/com/nexaflow/core/engine/DeviceStateMonitor28.kt,NOT_TESTED
HDMI_CONNECTED,identity_version,domain/src/main/java/com/nexaflow/domain/catalog/AutomationNodeCatalog.kt|domain/src/main/java/com/nexaflow/domain/models/Automation.kt,SHARED_OWNER_CANDIDATE_REQUIRES_NODE_REVIEW,core/automation-engine/src/main/java/com/nexaflow/core/engine/DeviceStateMonitor28.kt,NOT_TESTED
ETHERNET_CONNECTED,picker,feature/automation-builder/src/main/java/com/nexaflow/feature/builder/TriggerCatalogPresentation.kt|feature/automation-builder/src/main/java/com/nexaflow/feature/builder/BuilderActionCatalog.kt,SHARED_OWNER_CANDIDATE_REQUIRES_NODE_REVIEW,core/automation-engine/src/main/java/com/nexaflow/core/engine/DeviceStateMonitor28.kt,NOT_TESTED
ETHERNET_CONNECTED,draft,feature/automation-builder/src/main/java/com/nexaflow/feature/builder/AutomationBuilderScreen.kt|feature/automation-builder/src/main/java/com/nexaflow/feature/builder/TriggerEditorCard.kt|feature/automation-builder/src/main/java/com/nexaflow/feature/builder/ActionConfigEditor.kt,SHARED_OWNER_CANDIDATE_REQUIRES_NODE_REVIEW,core/automation-engine/src/main/java/com/nexaflow/core/engine/DeviceStateMonitor28.kt,NOT_TESTED
ETHERNET_CONNECTED,ui_validation,domain/src/main/java/com/nexaflow/domain/catalog/NodeConfigurationValidator.kt|feature/automation-builder/src/main/java/com/nexaflow/feature/builder/AutomationBuilderViewModel.kt,SHARED_OWNER_CANDIDATE_REQUIRES_NODE_REVIEW,core/automation-engine/src/main/java/com/nexaflow/core/engine/DeviceStateMonitor28.kt,NOT_TESTED
ETHERNET_CONNECTED,save,feature/automation-builder/src/main/java/com/nexaflow/feature/builder/AutomationBuilderViewModel.kt|data/src/main/java/com/nexaflow/data/repository/AutomationRepositoryImpl.kt,SHARED_OWNER_CANDIDATE_REQUIRES_NODE_REVIEW,core/automation-engine/src/main/java/com/nexaflow/core/engine/DeviceStateMonitor28.kt,NOT_TESTED
ETHERNET_CONNECTED,room_serialization,core/database/src/main/java/com/nexaflow/core/database/Converters.kt|data/src/main/java/com/nexaflow/data/mapper/AutomationMapper.kt,SHARED_OWNER_CANDIDATE_REQUIRES_NODE_REVIEW,core/automation-engine/src/main/java/com/nexaflow/core/engine/DeviceStateMonitor28.kt,NOT_TESTED
ETHERNET_CONNECTED,migration,data/src/main/java/com/nexaflow/data/repository/CanonicalWorkflowMigrationRunner.kt,SHARED_OWNER_CANDIDATE_REQUIRES_NODE_REVIEW,core/automation-engine/src/main/java/com/nexaflow/core/engine/DeviceStateMonitor28.kt,NOT_TESTED
ETHERNET_CONNECTED,reload,data/src/main/java/com/nexaflow/data/mapper/AutomationMapper.kt|data/src/main/java/com/nexaflow/data/repository/AutomationRepositoryImpl.kt,SHARED_OWNER_CANDIDATE_REQUIRES_NODE_REVIEW,core/automation-engine/src/main/java/com/nexaflow/core/engine/DeviceStateMonitor28.kt,NOT_TESTED
ETHERNET_CONNECTED,admission,core/automation-engine/src/main/java/com/nexaflow/core/engine/TriggerIndex.kt|core/execution/src/main/java/com/nexaflow/core/execution/ExecutionEngine.kt,SHARED_OWNER_CANDIDATE_REQUIRES_NODE_REVIEW,core/automation-engine/src/main/java/com/nexaflow/core/engine/DeviceStateMonitor28.kt,NOT_TESTED
ETHERNET_CONNECTED,dispatch,core/automation-engine/src/main/java/com/nexaflow/core/engine/TriggerIndex.kt|core/execution/src/main/java/com/nexaflow/core/execution/handler/ActionRegistry.kt|core/execution/src/main/java/com/nexaflow/core/execution/workflow/WorkflowInterpreter.kt,SHARED_OWNER_CANDIDATE_REQUIRES_NODE_REVIEW,core/automation-engine/src/main/java/com/nexaflow/core/engine/DeviceStateMonitor28.kt,NOT_TESTED
ETHERNET_CONNECTED,read_back,core/execution/src/main/java/com/nexaflow/core/execution/DeviceStateSnapshot.kt|domain/src/main/java/com/nexaflow/domain/models/ExecutionRecord.kt,SHARED_OWNER_CANDIDATE_REQUIRES_NODE_REVIEW,core/automation-engine/src/main/java/com/nexaflow/core/engine/DeviceStateMonitor28.kt,NOT_TESTED
ETHERNET_CONNECTED,exit,core/execution/src/main/java/com/nexaflow/core/execution/ExecutionEngine.kt,SHARED_OWNER_CANDIDATE_REQUIRES_NODE_REVIEW,core/automation-engine/src/main/java/com/nexaflow/core/engine/DeviceStateMonitor28.kt,NOT_TESTED
ETHERNET_CONNECTED,history,data/src/main/java/com/nexaflow/data/repository/HistoryRepositoryImpl.kt|core/execution/src/main/java/com/nexaflow/core/execution/ExecutionEngine.kt,SHARED_OWNER_CANDIDATE_REQUIRES_NODE_REVIEW,core/automation-engine/src/main/java/com/nexaflow/core/engine/DeviceStateMonitor28.kt,NOT_TESTED
ETHERNET_CONNECTED,recovery,core/datastore/src/main/java/com/nexaflow/core/datastore/ActiveExecutionStore.kt|core/execution/src/main/java/com/nexaflow/core/execution/recovery/ExecutionRecoveryCoordinator.kt,SHARED_OWNER_CANDIDATE_REQUIRES_NODE_REVIEW,core/automation-engine/src/main/java/com/nexaflow/core/engine/DeviceStateMonitor28.kt,NOT_TESTED
ETHERNET_CONNECTED,import_export,data/src/main/java/com/nexaflow/data/backup/BackupManager.kt,SHARED_OWNER_CANDIDATE_REQUIRES_NODE_REVIEW,core/automation-engine/src/main/java/com/nexaflow/core/engine/DeviceStateMonitor28.kt,NOT_TESTED
ETHERNET_CONNECTED,identity_version,domain/src/main/java/com/nexaflow/domain/catalog/AutomationNodeCatalog.kt|domain/src/main/java/com/nexaflow/domain/models/Automation.kt,SHARED_OWNER_CANDIDATE_REQUIRES_NODE_REVIEW,core/automation-engine/src/main/java/com/nexaflow/core/engine/DeviceStateMonitor28.kt,NOT_TESTED
VPN_CONNECTED,picker,feature/automation-builder/src/main/java/com/nexaflow/feature/builder/TriggerCatalogPresentation.kt|feature/automation-builder/src/main/java/com/nexaflow/feature/builder/BuilderActionCatalog.kt,SHARED_OWNER_CANDIDATE_REQUIRES_NODE_REVIEW,core/automation-engine/src/main/java/com/nexaflow/core/engine/DeviceStateMonitor28.kt,NOT_TESTED
VPN_CONNECTED,draft,feature/automation-builder/src/main/java/com/nexaflow/feature/builder/AutomationBuilderScreen.kt|feature/automation-builder/src/main/java/com/nexaflow/feature/builder/TriggerEditorCard.kt|feature/automation-builder/src/main/java/com/nexaflow/feature/builder/ActionConfigEditor.kt,SHARED_OWNER_CANDIDATE_REQUIRES_NODE_REVIEW,core/automation-engine/src/main/java/com/nexaflow/core/engine/DeviceStateMonitor28.kt,NOT_TESTED
VPN_CONNECTED,ui_validation,domain/src/main/java/com/nexaflow/domain/catalog/NodeConfigurationValidator.kt|feature/automation-builder/src/main/java/com/nexaflow/feature/builder/AutomationBuilderViewModel.kt,SHARED_OWNER_CANDIDATE_REQUIRES_NODE_REVIEW,core/automation-engine/src/main/java/com/nexaflow/core/engine/DeviceStateMonitor28.kt,NOT_TESTED
VPN_CONNECTED,save,feature/automation-builder/src/main/java/com/nexaflow/feature/builder/AutomationBuilderViewModel.kt|data/src/main/java/com/nexaflow/data/repository/AutomationRepositoryImpl.kt,SHARED_OWNER_CANDIDATE_REQUIRES_NODE_REVIEW,core/automation-engine/src/main/java/com/nexaflow/core/engine/DeviceStateMonitor28.kt,NOT_TESTED
VPN_CONNECTED,room_serialization,core/database/src/main/java/com/nexaflow/core/database/Converters.kt|data/src/main/java/com/nexaflow/data/mapper/AutomationMapper.kt,SHARED_OWNER_CANDIDATE_REQUIRES_NODE_REVIEW,core/automation-engine/src/main/java/com/nexaflow/core/engine/DeviceStateMonitor28.kt,NOT_TESTED
VPN_CONNECTED,migration,data/src/main/java/com/nexaflow/data/repository/CanonicalWorkflowMigrationRunner.kt,SHARED_OWNER_CANDIDATE_REQUIRES_NODE_REVIEW,core/automation-engine/src/main/java/com/nexaflow/core/engine/DeviceStateMonitor28.kt,NOT_TESTED
VPN_CONNECTED,reload,data/src/main/java/com/nexaflow/data/mapper/AutomationMapper.kt|data/src/main/java/com/nexaflow/data/repository/AutomationRepositoryImpl.kt,SHARED_OWNER_CANDIDATE_REQUIRES_NODE_REVIEW,core/automation-engine/src/main/java/com/nexaflow/core/engine/DeviceStateMonitor28.kt,NOT_TESTED
VPN_CONNECTED,admission,core/automation-engine/src/main/java/com/nexaflow/core/engine/TriggerIndex.kt|core/execution/src/main/java/com/nexaflow/core/execution/ExecutionEngine.kt,SHARED_OWNER_CANDIDATE_REQUIRES_NODE_REVIEW,core/automation-engine/src/main/java/com/nexaflow/core/engine/DeviceStateMonitor28.kt,NOT_TESTED
VPN_CONNECTED,dispatch,core/automation-engine/src/main/java/com/nexaflow/core/engine/TriggerIndex.kt|core/execution/src/main/java/com/nexaflow/core/execution/handler/ActionRegistry.kt|core/execution/src/main/java/com/nexaflow/core/execution/workflow/WorkflowInterpreter.kt,SHARED_OWNER_CANDIDATE_REQUIRES_NODE_REVIEW,core/automation-engine/src/main/java/com/nexaflow/core/engine/DeviceStateMonitor28.kt,NOT_TESTED
VPN_CONNECTED,read_back,core/execution/src/main/java/com/nexaflow/core/execution/DeviceStateSnapshot.kt|domain/src/main/java/com/nexaflow/domain/models/ExecutionRecord.kt,SHARED_OWNER_CANDIDATE_REQUIRES_NODE_REVIEW,core/automation-engine/src/main/java/com/nexaflow/core/engine/DeviceStateMonitor28.kt,NOT_TESTED
VPN_CONNECTED,exit,core/execution/src/main/java/com/nexaflow/core/execution/ExecutionEngine.kt,SHARED_OWNER_CANDIDATE_REQUIRES_NODE_REVIEW,core/automation-engine/src/main/java/com/nexaflow/core/engine/DeviceStateMonitor28.kt,NOT_TESTED
VPN_CONNECTED,history,data/src/main/java/com/nexaflow/data/repository/HistoryRepositoryImpl.kt|core/execution/src/main/java/com/nexaflow/core/execution/ExecutionEngine.kt,SHARED_OWNER_CANDIDATE_REQUIRES_NODE_REVIEW,core/automation-engine/src/main/java/com/nexaflow/core/engine/DeviceStateMonitor28.kt,NOT_TESTED
VPN_CONNECTED,recovery,core/datastore/src/main/java/com/nexaflow/core/datastore/ActiveExecutionStore.kt|core/execution/src/main/java/com/nexaflow/core/execution/recovery/ExecutionRecoveryCoordinator.kt,SHARED_OWNER_CANDIDATE_REQUIRES_NODE_REVIEW,core/automation-engine/src/main/java/com/nexaflow/core/engine/DeviceStateMonitor28.kt,NOT_TESTED
VPN_CONNECTED,import_export,data/src/main/java/com/nexaflow/data/backup/BackupManager.kt,SHARED_OWNER_CANDIDATE_REQUIRES_NODE_REVIEW,core/automation-engine/src/main/java/com/nexaflow/core/engine/DeviceStateMonitor28.kt,NOT_TESTED
VPN_CONNECTED,identity_version,domain/src/main/java/com/nexaflow/domain/catalog/AutomationNodeCatalog.kt|domain/src/main/java/com/nexaflow/domain/models/Automation.kt,SHARED_OWNER_CANDIDATE_REQUIRES_NODE_REVIEW,core/automation-engine/src/main/java/com/nexaflow/core/engine/DeviceStateMonitor28.kt,NOT_TESTED
CLIPBOARD_CHANGED,picker,feature/automation-builder/src/main/java/com/nexaflow/feature/builder/TriggerCatalogPresentation.kt|feature/automation-builder/src/main/java/com/nexaflow/feature/builder/BuilderActionCatalog.kt,SHARED_OWNER_CANDIDATE_REQUIRES_NODE_REVIEW,core/automation-engine/src/main/java/com/nexaflow/core/engine/DeviceOneShotTriggerMatcher.kt|core/automation-engine/src/main/java/com/nexaflow/core/engine/DeviceStateMonitor28.kt,NOT_TESTED
CLIPBOARD_CHANGED,draft,feature/automation-builder/src/main/java/com/nexaflow/feature/builder/AutomationBuilderScreen.kt|feature/automation-builder/src/main/java/com/nexaflow/feature/builder/TriggerEditorCard.kt|feature/automation-builder/src/main/java/com/nexaflow/feature/builder/ActionConfigEditor.kt,SHARED_OWNER_CANDIDATE_REQUIRES_NODE_REVIEW,core/automation-engine/src/main/java/com/nexaflow/core/engine/DeviceOneShotTriggerMatcher.kt|core/automation-engine/src/main/java/com/nexaflow/core/engine/DeviceStateMonitor28.kt,NOT_TESTED
CLIPBOARD_CHANGED,ui_validation,domain/src/main/java/com/nexaflow/domain/catalog/NodeConfigurationValidator.kt|feature/automation-builder/src/main/java/com/nexaflow/feature/builder/AutomationBuilderViewModel.kt,SHARED_OWNER_CANDIDATE_REQUIRES_NODE_REVIEW,core/automation-engine/src/main/java/com/nexaflow/core/engine/DeviceOneShotTriggerMatcher.kt|core/automation-engine/src/main/java/com/nexaflow/core/engine/DeviceStateMonitor28.kt,NOT_TESTED
CLIPBOARD_CHANGED,save,feature/automation-builder/src/main/java/com/nexaflow/feature/builder/AutomationBuilderViewModel.kt|data/src/main/java/com/nexaflow/data/repository/AutomationRepositoryImpl.kt,SHARED_OWNER_CANDIDATE_REQUIRES_NODE_REVIEW,core/automation-engine/src/main/java/com/nexaflow/core/engine/DeviceOneShotTriggerMatcher.kt|core/automation-engine/src/main/java/com/nexaflow/core/engine/DeviceStateMonitor28.kt,NOT_TESTED
CLIPBOARD_CHANGED,room_serialization,core/database/src/main/java/com/nexaflow/core/database/Converters.kt|data/src/main/java/com/nexaflow/data/mapper/AutomationMapper.kt,SHARED_OWNER_CANDIDATE_REQUIRES_NODE_REVIEW,core/automation-engine/src/main/java/com/nexaflow/core/engine/DeviceOneShotTriggerMatcher.kt|core/automation-engine/src/main/java/com/nexaflow/core/engine/DeviceStateMonitor28.kt,NOT_TESTED
CLIPBOARD_CHANGED,migration,data/src/main/java/com/nexaflow/data/repository/CanonicalWorkflowMigrationRunner.kt,SHARED_OWNER_CANDIDATE_REQUIRES_NODE_REVIEW,core/automation-engine/src/main/java/com/nexaflow/core/engine/DeviceOneShotTriggerMatcher.kt|core/automation-engine/src/main/java/com/nexaflow/core/engine/DeviceStateMonitor28.kt,NOT_TESTED
CLIPBOARD_CHANGED,reload,data/src/main/java/com/nexaflow/data/mapper/AutomationMapper.kt|data/src/main/java/com/nexaflow/data/repository/AutomationRepositoryImpl.kt,SHARED_OWNER_CANDIDATE_REQUIRES_NODE_REVIEW,core/automation-engine/src/main/java/com/nexaflow/core/engine/DeviceOneShotTriggerMatcher.kt|core/automation-engine/src/main/java/com/nexaflow/core/engine/DeviceStateMonitor28.kt,NOT_TESTED
CLIPBOARD_CHANGED,admission,core/automation-engine/src/main/java/com/nexaflow/core/engine/TriggerIndex.kt|core/execution/src/main/java/com/nexaflow/core/execution/ExecutionEngine.kt,SHARED_OWNER_CANDIDATE_REQUIRES_NODE_REVIEW,core/automation-engine/src/main/java/com/nexaflow/core/engine/DeviceOneShotTriggerMatcher.kt|core/automation-engine/src/main/java/com/nexaflow/core/engine/DeviceStateMonitor28.kt,NOT_TESTED
CLIPBOARD_CHANGED,dispatch,core/automation-engine/src/main/java/com/nexaflow/core/engine/TriggerIndex.kt|core/execution/src/main/java/com/nexaflow/core/execution/handler/ActionRegistry.kt|core/execution/src/main/java/com/nexaflow/core/execution/workflow/WorkflowInterpreter.kt,SHARED_OWNER_CANDIDATE_REQUIRES_NODE_REVIEW,core/automation-engine/src/main/java/com/nexaflow/core/engine/DeviceOneShotTriggerMatcher.kt|core/automation-engine/src/main/java/com/nexaflow/core/engine/DeviceStateMonitor28.kt,NOT_TESTED
CLIPBOARD_CHANGED,read_back,core/execution/src/main/java/com/nexaflow/core/execution/DeviceStateSnapshot.kt|domain/src/main/java/com/nexaflow/domain/models/ExecutionRecord.kt,SHARED_OWNER_CANDIDATE_REQUIRES_NODE_REVIEW,core/automation-engine/src/main/java/com/nexaflow/core/engine/DeviceOneShotTriggerMatcher.kt|core/automation-engine/src/main/java/com/nexaflow/core/engine/DeviceStateMonitor28.kt,NOT_TESTED
CLIPBOARD_CHANGED,exit,core/execution/src/main/java/com/nexaflow/core/execution/ExecutionEngine.kt,SHARED_OWNER_CANDIDATE_REQUIRES_NODE_REVIEW,core/automation-engine/src/main/java/com/nexaflow/core/engine/DeviceOneShotTriggerMatcher.kt|core/automation-engine/src/main/java/com/nexaflow/core/engine/DeviceStateMonitor28.kt,NOT_TESTED
CLIPBOARD_CHANGED,history,data/src/main/java/com/nexaflow/data/repository/HistoryRepositoryImpl.kt|core/execution/src/main/java/com/nexaflow/core/execution/ExecutionEngine.kt,SHARED_OWNER_CANDIDATE_REQUIRES_NODE_REVIEW,core/automation-engine/src/main/java/com/nexaflow/core/engine/DeviceOneShotTriggerMatcher.kt|core/automation-engine/src/main/java/com/nexaflow/core/engine/DeviceStateMonitor28.kt,NOT_TESTED
CLIPBOARD_CHANGED,recovery,core/datastore/src/main/java/com/nexaflow/core/datastore/ActiveExecutionStore.kt|core/execution/src/main/java/com/nexaflow/core/execution/recovery/ExecutionRecoveryCoordinator.kt,SHARED_OWNER_CANDIDATE_REQUIRES_NODE_REVIEW,core/automation-engine/src/main/java/com/nexaflow/core/engine/DeviceOneShotTriggerMatcher.kt|core/automation-engine/src/main/java/com/nexaflow/core/engine/DeviceStateMonitor28.kt,NOT_TESTED
CLIPBOARD_CHANGED,import_export,data/src/main/java/com/nexaflow/data/backup/BackupManager.kt,SHARED_OWNER_CANDIDATE_REQUIRES_NODE_REVIEW,core/automation-engine/src/main/java/com/nexaflow/core/engine/DeviceOneShotTriggerMatcher.kt|core/automation-engine/src/main/java/com/nexaflow/core/engine/DeviceStateMonitor28.kt,NOT_TESTED
CLIPBOARD_CHANGED,identity_version,domain/src/main/java/com/nexaflow/domain/catalog/AutomationNodeCatalog.kt|domain/src/main/java/com/nexaflow/domain/models/Automation.kt,SHARED_OWNER_CANDIDATE_REQUIRES_NODE_REVIEW,core/automation-engine/src/main/java/com/nexaflow/core/engine/DeviceOneShotTriggerMatcher.kt|core/automation-engine/src/main/java/com/nexaflow/core/engine/DeviceStateMonitor28.kt,NOT_TESTED
DND_STATE,picker,feature/automation-builder/src/main/java/com/nexaflow/feature/builder/TriggerCatalogPresentation.kt|feature/automation-builder/src/main/java/com/nexaflow/feature/builder/BuilderActionCatalog.kt,SHARED_OWNER_CANDIDATE_REQUIRES_NODE_REVIEW,core/automation-engine/src/main/java/com/nexaflow/core/engine/DeviceStateMonitor28.kt,NOT_TESTED
DND_STATE,draft,feature/automation-builder/src/main/java/com/nexaflow/feature/builder/AutomationBuilderScreen.kt|feature/automation-builder/src/main/java/com/nexaflow/feature/builder/TriggerEditorCard.kt|feature/automation-builder/src/main/java/com/nexaflow/feature/builder/ActionConfigEditor.kt,SHARED_OWNER_CANDIDATE_REQUIRES_NODE_REVIEW,core/automation-engine/src/main/java/com/nexaflow/core/engine/DeviceStateMonitor28.kt,NOT_TESTED
DND_STATE,ui_validation,domain/src/main/java/com/nexaflow/domain/catalog/NodeConfigurationValidator.kt|feature/automation-builder/src/main/java/com/nexaflow/feature/builder/AutomationBuilderViewModel.kt,SHARED_OWNER_CANDIDATE_REQUIRES_NODE_REVIEW,core/automation-engine/src/main/java/com/nexaflow/core/engine/DeviceStateMonitor28.kt,NOT_TESTED
DND_STATE,save,feature/automation-builder/src/main/java/com/nexaflow/feature/builder/AutomationBuilderViewModel.kt|data/src/main/java/com/nexaflow/data/repository/AutomationRepositoryImpl.kt,SHARED_OWNER_CANDIDATE_REQUIRES_NODE_REVIEW,core/automation-engine/src/main/java/com/nexaflow/core/engine/DeviceStateMonitor28.kt,NOT_TESTED
DND_STATE,room_serialization,core/database/src/main/java/com/nexaflow/core/database/Converters.kt|data/src/main/java/com/nexaflow/data/mapper/AutomationMapper.kt,SHARED_OWNER_CANDIDATE_REQUIRES_NODE_REVIEW,core/automation-engine/src/main/java/com/nexaflow/core/engine/DeviceStateMonitor28.kt,NOT_TESTED
DND_STATE,migration,data/src/main/java/com/nexaflow/data/repository/CanonicalWorkflowMigrationRunner.kt,SHARED_OWNER_CANDIDATE_REQUIRES_NODE_REVIEW,core/automation-engine/src/main/java/com/nexaflow/core/engine/DeviceStateMonitor28.kt,NOT_TESTED
DND_STATE,reload,data/src/main/java/com/nexaflow/data/mapper/AutomationMapper.kt|data/src/main/java/com/nexaflow/data/repository/AutomationRepositoryImpl.kt,SHARED_OWNER_CANDIDATE_REQUIRES_NODE_REVIEW,core/automation-engine/src/main/java/com/nexaflow/core/engine/DeviceStateMonitor28.kt,NOT_TESTED
DND_STATE,admission,core/automation-engine/src/main/java/com/nexaflow/core/engine/TriggerIndex.kt|core/execution/src/main/java/com/nexaflow/core/execution/ExecutionEngine.kt,SHARED_OWNER_CANDIDATE_REQUIRES_NODE_REVIEW,core/automation-engine/src/main/java/com/nexaflow/core/engine/DeviceStateMonitor28.kt,NOT_TESTED
DND_STATE,dispatch,core/automation-engine/src/main/java/com/nexaflow/core/engine/TriggerIndex.kt|core/execution/src/main/java/com/nexaflow/core/execution/handler/ActionRegistry.kt|core/execution/src/main/java/com/nexaflow/core/execution/workflow/WorkflowInterpreter.kt,SHARED_OWNER_CANDIDATE_REQUIRES_NODE_REVIEW,core/automation-engine/src/main/java/com/nexaflow/core/engine/DeviceStateMonitor28.kt,NOT_TESTED
DND_STATE,read_back,core/execution/src/main/java/com/nexaflow/core/execution/DeviceStateSnapshot.kt|domain/src/main/java/com/nexaflow/domain/models/ExecutionRecord.kt,SHARED_OWNER_CANDIDATE_REQUIRES_NODE_REVIEW,core/automation-engine/src/main/java/com/nexaflow/core/engine/DeviceStateMonitor28.kt,NOT_TESTED
DND_STATE,exit,core/execution/src/main/java/com/nexaflow/core/execution/ExecutionEngine.kt,SHARED_OWNER_CANDIDATE_REQUIRES_NODE_REVIEW,core/automation-engine/src/main/java/com/nexaflow/core/engine/DeviceStateMonitor28.kt,NOT_TESTED
DND_STATE,history,data/src/main/java/com/nexaflow/data/repository/HistoryRepositoryImpl.kt|core/execution/src/main/java/com/nexaflow/core/execution/ExecutionEngine.kt,SHARED_OWNER_CANDIDATE_REQUIRES_NODE_REVIEW,core/automation-engine/src/main/java/com/nexaflow/core/engine/DeviceStateMonitor28.kt,NOT_TESTED
DND_STATE,recovery,core/datastore/src/main/java/com/nexaflow/core/datastore/ActiveExecutionStore.kt|core/execution/src/main/java/com/nexaflow/core/execution/recovery/ExecutionRecoveryCoordinator.kt,SHARED_OWNER_CANDIDATE_REQUIRES_NODE_REVIEW,core/automation-engine/src/main/java/com/nexaflow/core/engine/DeviceStateMonitor28.kt,NOT_TESTED
DND_STATE,import_export,data/src/main/java/com/nexaflow/data/backup/BackupManager.kt,SHARED_OWNER_CANDIDATE_REQUIRES_NODE_REVIEW,core/automation-engine/src/main/java/com/nexaflow/core/engine/DeviceStateMonitor28.kt,NOT_TESTED
DND_STATE,identity_version,domain/src/main/java/com/nexaflow/domain/catalog/AutomationNodeCatalog.kt|domain/src/main/java/com/nexaflow/domain/models/Automation.kt,SHARED_OWNER_CANDIDATE_REQUIRES_NODE_REVIEW,core/automation-engine/src/main/java/com/nexaflow/core/engine/DeviceStateMonitor28.kt,NOT_TESTED
STAY_AWAKE_STATE,picker,feature/automation-builder/src/main/java/com/nexaflow/feature/builder/TriggerCatalogPresentation.kt|feature/automation-builder/src/main/java/com/nexaflow/feature/builder/BuilderActionCatalog.kt,SHARED_OWNER_CANDIDATE_REQUIRES_NODE_REVIEW,core/automation-engine/src/main/java/com/nexaflow/core/engine/DeviceStateMonitor28.kt,NOT_TESTED
STAY_AWAKE_STATE,draft,feature/automation-builder/src/main/java/com/nexaflow/feature/builder/AutomationBuilderScreen.kt|feature/automation-builder/src/main/java/com/nexaflow/feature/builder/TriggerEditorCard.kt|feature/automation-builder/src/main/java/com/nexaflow/feature/builder/ActionConfigEditor.kt,SHARED_OWNER_CANDIDATE_REQUIRES_NODE_REVIEW,core/automation-engine/src/main/java/com/nexaflow/core/engine/DeviceStateMonitor28.kt,NOT_TESTED
STAY_AWAKE_STATE,ui_validation,domain/src/main/java/com/nexaflow/domain/catalog/NodeConfigurationValidator.kt|feature/automation-builder/src/main/java/com/nexaflow/feature/builder/AutomationBuilderViewModel.kt,SHARED_OWNER_CANDIDATE_REQUIRES_NODE_REVIEW,core/automation-engine/src/main/java/com/nexaflow/core/engine/DeviceStateMonitor28.kt,NOT_TESTED
STAY_AWAKE_STATE,save,feature/automation-builder/src/main/java/com/nexaflow/feature/builder/AutomationBuilderViewModel.kt|data/src/main/java/com/nexaflow/data/repository/AutomationRepositoryImpl.kt,SHARED_OWNER_CANDIDATE_REQUIRES_NODE_REVIEW,core/automation-engine/src/main/java/com/nexaflow/core/engine/DeviceStateMonitor28.kt,NOT_TESTED
STAY_AWAKE_STATE,room_serialization,core/database/src/main/java/com/nexaflow/core/database/Converters.kt|data/src/main/java/com/nexaflow/data/mapper/AutomationMapper.kt,SHARED_OWNER_CANDIDATE_REQUIRES_NODE_REVIEW,core/automation-engine/src/main/java/com/nexaflow/core/engine/DeviceStateMonitor28.kt,NOT_TESTED
STAY_AWAKE_STATE,migration,data/src/main/java/com/nexaflow/data/repository/CanonicalWorkflowMigrationRunner.kt,SHARED_OWNER_CANDIDATE_REQUIRES_NODE_REVIEW,core/automation-engine/src/main/java/com/nexaflow/core/engine/DeviceStateMonitor28.kt,NOT_TESTED
STAY_AWAKE_STATE,reload,data/src/main/java/com/nexaflow/data/mapper/AutomationMapper.kt|data/src/main/java/com/nexaflow/data/repository/AutomationRepositoryImpl.kt,SHARED_OWNER_CANDIDATE_REQUIRES_NODE_REVIEW,core/automation-engine/src/main/java/com/nexaflow/core/engine/DeviceStateMonitor28.kt,NOT_TESTED
STAY_AWAKE_STATE,admission,core/automation-engine/src/main/java/com/nexaflow/core/engine/TriggerIndex.kt|core/execution/src/main/java/com/nexaflow/core/execution/ExecutionEngine.kt,SHARED_OWNER_CANDIDATE_REQUIRES_NODE_REVIEW,core/automation-engine/src/main/java/com/nexaflow/core/engine/DeviceStateMonitor28.kt,NOT_TESTED
STAY_AWAKE_STATE,dispatch,core/automation-engine/src/main/java/com/nexaflow/core/engine/TriggerIndex.kt|core/execution/src/main/java/com/nexaflow/core/execution/handler/ActionRegistry.kt|core/execution/src/main/java/com/nexaflow/core/execution/workflow/WorkflowInterpreter.kt,SHARED_OWNER_CANDIDATE_REQUIRES_NODE_REVIEW,core/automation-engine/src/main/java/com/nexaflow/core/engine/DeviceStateMonitor28.kt,NOT_TESTED
STAY_AWAKE_STATE,read_back,core/execution/src/main/java/com/nexaflow/core/execution/DeviceStateSnapshot.kt|domain/src/main/java/com/nexaflow/domain/models/ExecutionRecord.kt,SHARED_OWNER_CANDIDATE_REQUIRES_NODE_REVIEW,core/automation-engine/src/main/java/com/nexaflow/core/engine/DeviceStateMonitor28.kt,NOT_TESTED
STAY_AWAKE_STATE,exit,core/execution/src/main/java/com/nexaflow/core/execution/ExecutionEngine.kt,SHARED_OWNER_CANDIDATE_REQUIRES_NODE_REVIEW,core/automation-engine/src/main/java/com/nexaflow/core/engine/DeviceStateMonitor28.kt,NOT_TESTED
STAY_AWAKE_STATE,history,data/src/main/java/com/nexaflow/data/repository/HistoryRepositoryImpl.kt|core/execution/src/main/java/com/nexaflow/core/execution/ExecutionEngine.kt,SHARED_OWNER_CANDIDATE_REQUIRES_NODE_REVIEW,core/automation-engine/src/main/java/com/nexaflow/core/engine/DeviceStateMonitor28.kt,NOT_TESTED
STAY_AWAKE_STATE,recovery,core/datastore/src/main/java/com/nexaflow/core/datastore/ActiveExecutionStore.kt|core/execution/src/main/java/com/nexaflow/core/execution/recovery/ExecutionRecoveryCoordinator.kt,SHARED_OWNER_CANDIDATE_REQUIRES_NODE_REVIEW,core/automation-engine/src/main/java/com/nexaflow/core/engine/DeviceStateMonitor28.kt,NOT_TESTED
STAY_AWAKE_STATE,import_export,data/src/main/java/com/nexaflow/data/backup/BackupManager.kt,SHARED_OWNER_CANDIDATE_REQUIRES_NODE_REVIEW,core/automation-engine/src/main/java/com/nexaflow/core/engine/DeviceStateMonitor28.kt,NOT_TESTED
STAY_AWAKE_STATE,identity_version,domain/src/main/java/com/nexaflow/domain/catalog/AutomationNodeCatalog.kt|domain/src/main/java/com/nexaflow/domain/models/Automation.kt,SHARED_OWNER_CANDIDATE_REQUIRES_NODE_REVIEW,core/automation-engine/src/main/java/com/nexaflow/core/engine/DeviceStateMonitor28.kt,NOT_TESTED
AUTO_BRIGHTNESS_STATE,picker,feature/automation-builder/src/main/java/com/nexaflow/feature/builder/TriggerCatalogPresentation.kt|feature/automation-builder/src/main/java/com/nexaflow/feature/builder/BuilderActionCatalog.kt,SHARED_OWNER_CANDIDATE_REQUIRES_NODE_REVIEW,core/automation-engine/src/main/java/com/nexaflow/core/engine/DeviceStateMonitor28.kt,NOT_TESTED
AUTO_BRIGHTNESS_STATE,draft,feature/automation-builder/src/main/java/com/nexaflow/feature/builder/AutomationBuilderScreen.kt|feature/automation-builder/src/main/java/com/nexaflow/feature/builder/TriggerEditorCard.kt|feature/automation-builder/src/main/java/com/nexaflow/feature/builder/ActionConfigEditor.kt,SHARED_OWNER_CANDIDATE_REQUIRES_NODE_REVIEW,core/automation-engine/src/main/java/com/nexaflow/core/engine/DeviceStateMonitor28.kt,NOT_TESTED
AUTO_BRIGHTNESS_STATE,ui_validation,domain/src/main/java/com/nexaflow/domain/catalog/NodeConfigurationValidator.kt|feature/automation-builder/src/main/java/com/nexaflow/feature/builder/AutomationBuilderViewModel.kt,SHARED_OWNER_CANDIDATE_REQUIRES_NODE_REVIEW,core/automation-engine/src/main/java/com/nexaflow/core/engine/DeviceStateMonitor28.kt,NOT_TESTED
AUTO_BRIGHTNESS_STATE,save,feature/automation-builder/src/main/java/com/nexaflow/feature/builder/AutomationBuilderViewModel.kt|data/src/main/java/com/nexaflow/data/repository/AutomationRepositoryImpl.kt,SHARED_OWNER_CANDIDATE_REQUIRES_NODE_REVIEW,core/automation-engine/src/main/java/com/nexaflow/core/engine/DeviceStateMonitor28.kt,NOT_TESTED
AUTO_BRIGHTNESS_STATE,room_serialization,core/database/src/main/java/com/nexaflow/core/database/Converters.kt|data/src/main/java/com/nexaflow/data/mapper/AutomationMapper.kt,SHARED_OWNER_CANDIDATE_REQUIRES_NODE_REVIEW,core/automation-engine/src/main/java/com/nexaflow/core/engine/DeviceStateMonitor28.kt,NOT_TESTED
AUTO_BRIGHTNESS_STATE,migration,data/src/main/java/com/nexaflow/data/repository/CanonicalWorkflowMigrationRunner.kt,SHARED_OWNER_CANDIDATE_REQUIRES_NODE_REVIEW,core/automation-engine/src/main/java/com/nexaflow/core/engine/DeviceStateMonitor28.kt,NOT_TESTED
AUTO_BRIGHTNESS_STATE,reload,data/src/main/java/com/nexaflow/data/mapper/AutomationMapper.kt|data/src/main/java/com/nexaflow/data/repository/AutomationRepositoryImpl.kt,SHARED_OWNER_CANDIDATE_REQUIRES_NODE_REVIEW,core/automation-engine/src/main/java/com/nexaflow/core/engine/DeviceStateMonitor28.kt,NOT_TESTED
AUTO_BRIGHTNESS_STATE,admission,core/automation-engine/src/main/java/com/nexaflow/core/engine/TriggerIndex.kt|core/execution/src/main/java/com/nexaflow/core/execution/ExecutionEngine.kt,SHARED_OWNER_CANDIDATE_REQUIRES_NODE_REVIEW,core/automation-engine/src/main/java/com/nexaflow/core/engine/DeviceStateMonitor28.kt,NOT_TESTED
AUTO_BRIGHTNESS_STATE,dispatch,core/automation-engine/src/main/java/com/nexaflow/core/engine/TriggerIndex.kt|core/execution/src/main/java/com/nexaflow/core/execution/handler/ActionRegistry.kt|core/execution/src/main/java/com/nexaflow/core/execution/workflow/WorkflowInterpreter.kt,SHARED_OWNER_CANDIDATE_REQUIRES_NODE_REVIEW,core/automation-engine/src/main/java/com/nexaflow/core/engine/DeviceStateMonitor28.kt,NOT_TESTED
AUTO_BRIGHTNESS_STATE,read_back,core/execution/src/main/java/com/nexaflow/core/execution/DeviceStateSnapshot.kt|domain/src/main/java/com/nexaflow/domain/models/ExecutionRecord.kt,SHARED_OWNER_CANDIDATE_REQUIRES_NODE_REVIEW,core/automation-engine/src/main/java/com/nexaflow/core/engine/DeviceStateMonitor28.kt,NOT_TESTED
AUTO_BRIGHTNESS_STATE,exit,core/execution/src/main/java/com/nexaflow/core/execution/ExecutionEngine.kt,SHARED_OWNER_CANDIDATE_REQUIRES_NODE_REVIEW,core/automation-engine/src/main/java/com/nexaflow/core/engine/DeviceStateMonitor28.kt,NOT_TESTED
AUTO_BRIGHTNESS_STATE,history,data/src/main/java/com/nexaflow/data/repository/HistoryRepositoryImpl.kt|core/execution/src/main/java/com/nexaflow/core/execution/ExecutionEngine.kt,SHARED_OWNER_CANDIDATE_REQUIRES_NODE_REVIEW,core/automation-engine/src/main/java/com/nexaflow/core/engine/DeviceStateMonitor28.kt,NOT_TESTED
AUTO_BRIGHTNESS_STATE,recovery,core/datastore/src/main/java/com/nexaflow/core/datastore/ActiveExecutionStore.kt|core/execution/src/main/java/com/nexaflow/core/execution/recovery/ExecutionRecoveryCoordinator.kt,SHARED_OWNER_CANDIDATE_REQUIRES_NODE_REVIEW,core/automation-engine/src/main/java/com/nexaflow/core/engine/DeviceStateMonitor28.kt,NOT_TESTED
AUTO_BRIGHTNESS_STATE,import_export,data/src/main/java/com/nexaflow/data/backup/BackupManager.kt,SHARED_OWNER_CANDIDATE_REQUIRES_NODE_REVIEW,core/automation-engine/src/main/java/com/nexaflow/core/engine/DeviceStateMonitor28.kt,NOT_TESTED
AUTO_BRIGHTNESS_STATE,identity_version,domain/src/main/java/com/nexaflow/domain/catalog/AutomationNodeCatalog.kt|domain/src/main/java/com/nexaflow/domain/models/Automation.kt,SHARED_OWNER_CANDIDATE_REQUIRES_NODE_REVIEW,core/automation-engine/src/main/java/com/nexaflow/core/engine/DeviceStateMonitor28.kt,NOT_TESTED
SCREEN_TIMEOUT_CHANGED,picker,feature/automation-builder/src/main/java/com/nexaflow/feature/builder/TriggerCatalogPresentation.kt|feature/automation-builder/src/main/java/com/nexaflow/feature/builder/BuilderActionCatalog.kt,SHARED_OWNER_CANDIDATE_REQUIRES_NODE_REVIEW,core/automation-engine/src/main/java/com/nexaflow/core/engine/DeviceOneShotTriggerMatcher.kt|core/automation-engine/src/main/java/com/nexaflow/core/engine/DeviceStateMonitor28.kt,NOT_TESTED
SCREEN_TIMEOUT_CHANGED,draft,feature/automation-builder/src/main/java/com/nexaflow/feature/builder/AutomationBuilderScreen.kt|feature/automation-builder/src/main/java/com/nexaflow/feature/builder/TriggerEditorCard.kt|feature/automation-builder/src/main/java/com/nexaflow/feature/builder/ActionConfigEditor.kt,SHARED_OWNER_CANDIDATE_REQUIRES_NODE_REVIEW,core/automation-engine/src/main/java/com/nexaflow/core/engine/DeviceOneShotTriggerMatcher.kt|core/automation-engine/src/main/java/com/nexaflow/core/engine/DeviceStateMonitor28.kt,NOT_TESTED
SCREEN_TIMEOUT_CHANGED,ui_validation,domain/src/main/java/com/nexaflow/domain/catalog/NodeConfigurationValidator.kt|feature/automation-builder/src/main/java/com/nexaflow/feature/builder/AutomationBuilderViewModel.kt,SHARED_OWNER_CANDIDATE_REQUIRES_NODE_REVIEW,core/automation-engine/src/main/java/com/nexaflow/core/engine/DeviceOneShotTriggerMatcher.kt|core/automation-engine/src/main/java/com/nexaflow/core/engine/DeviceStateMonitor28.kt,NOT_TESTED
SCREEN_TIMEOUT_CHANGED,save,feature/automation-builder/src/main/java/com/nexaflow/feature/builder/AutomationBuilderViewModel.kt|data/src/main/java/com/nexaflow/data/repository/AutomationRepositoryImpl.kt,SHARED_OWNER_CANDIDATE_REQUIRES_NODE_REVIEW,core/automation-engine/src/main/java/com/nexaflow/core/engine/DeviceOneShotTriggerMatcher.kt|core/automation-engine/src/main/java/com/nexaflow/core/engine/DeviceStateMonitor28.kt,NOT_TESTED
SCREEN_TIMEOUT_CHANGED,room_serialization,core/database/src/main/java/com/nexaflow/core/database/Converters.kt|data/src/main/java/com/nexaflow/data/mapper/AutomationMapper.kt,SHARED_OWNER_CANDIDATE_REQUIRES_NODE_REVIEW,core/automation-engine/src/main/java/com/nexaflow/core/engine/DeviceOneShotTriggerMatcher.kt|core/automation-engine/src/main/java/com/nexaflow/core/engine/DeviceStateMonitor28.kt,NOT_TESTED
SCREEN_TIMEOUT_CHANGED,migration,data/src/main/java/com/nexaflow/data/repository/CanonicalWorkflowMigrationRunner.kt,SHARED_OWNER_CANDIDATE_REQUIRES_NODE_REVIEW,core/automation-engine/src/main/java/com/nexaflow/core/engine/DeviceOneShotTriggerMatcher.kt|core/automation-engine/src/main/java/com/nexaflow/core/engine/DeviceStateMonitor28.kt,NOT_TESTED
SCREEN_TIMEOUT_CHANGED,reload,data/src/main/java/com/nexaflow/data/mapper/AutomationMapper.kt|data/src/main/java/com/nexaflow/data/repository/AutomationRepositoryImpl.kt,SHARED_OWNER_CANDIDATE_REQUIRES_NODE_REVIEW,core/automation-engine/src/main/java/com/nexaflow/core/engine/DeviceOneShotTriggerMatcher.kt|core/automation-engine/src/main/java/com/nexaflow/core/engine/DeviceStateMonitor28.kt,NOT_TESTED
SCREEN_TIMEOUT_CHANGED,admission,core/automation-engine/src/main/java/com/nexaflow/core/engine/TriggerIndex.kt|core/execution/src/main/java/com/nexaflow/core/execution/ExecutionEngine.kt,SHARED_OWNER_CANDIDATE_REQUIRES_NODE_REVIEW,core/automation-engine/src/main/java/com/nexaflow/core/engine/DeviceOneShotTriggerMatcher.kt|core/automation-engine/src/main/java/com/nexaflow/core/engine/DeviceStateMonitor28.kt,NOT_TESTED
SCREEN_TIMEOUT_CHANGED,dispatch,core/automation-engine/src/main/java/com/nexaflow/core/engine/TriggerIndex.kt|core/execution/src/main/java/com/nexaflow/core/execution/handler/ActionRegistry.kt|core/execution/src/main/java/com/nexaflow/core/execution/workflow/WorkflowInterpreter.kt,SHARED_OWNER_CANDIDATE_REQUIRES_NODE_REVIEW,core/automation-engine/src/main/java/com/nexaflow/core/engine/DeviceOneShotTriggerMatcher.kt|core/automation-engine/src/main/java/com/nexaflow/core/engine/DeviceStateMonitor28.kt,NOT_TESTED
SCREEN_TIMEOUT_CHANGED,read_back,core/execution/src/main/java/com/nexaflow/core/execution/DeviceStateSnapshot.kt|domain/src/main/java/com/nexaflow/domain/models/ExecutionRecord.kt,SHARED_OWNER_CANDIDATE_REQUIRES_NODE_REVIEW,core/automation-engine/src/main/java/com/nexaflow/core/engine/DeviceOneShotTriggerMatcher.kt|core/automation-engine/src/main/java/com/nexaflow/core/engine/DeviceStateMonitor28.kt,NOT_TESTED
SCREEN_TIMEOUT_CHANGED,exit,core/execution/src/main/java/com/nexaflow/core/execution/ExecutionEngine.kt,SHARED_OWNER_CANDIDATE_REQUIRES_NODE_REVIEW,core/automation-engine/src/main/java/com/nexaflow/core/engine/DeviceOneShotTriggerMatcher.kt|core/automation-engine/src/main/java/com/nexaflow/core/engine/DeviceStateMonitor28.kt,NOT_TESTED
SCREEN_TIMEOUT_CHANGED,history,data/src/main/java/com/nexaflow/data/repository/HistoryRepositoryImpl.kt|core/execution/src/main/java/com/nexaflow/core/execution/ExecutionEngine.kt,SHARED_OWNER_CANDIDATE_REQUIRES_NODE_REVIEW,core/automation-engine/src/main/java/com/nexaflow/core/engine/DeviceOneShotTriggerMatcher.kt|core/automation-engine/src/main/java/com/nexaflow/core/engine/DeviceStateMonitor28.kt,NOT_TESTED
SCREEN_TIMEOUT_CHANGED,recovery,core/datastore/src/main/java/com/nexaflow/core/datastore/ActiveExecutionStore.kt|core/execution/src/main/java/com/nexaflow/core/execution/recovery/ExecutionRecoveryCoordinator.kt,SHARED_OWNER_CANDIDATE_REQUIRES_NODE_REVIEW,core/automation-engine/src/main/java/com/nexaflow/core/engine/DeviceOneShotTriggerMatcher.kt|core/automation-engine/src/main/java/com/nexaflow/core/engine/DeviceStateMonitor28.kt,NOT_TESTED
SCREEN_TIMEOUT_CHANGED,import_export,data/src/main/java/com/nexaflow/data/backup/BackupManager.kt,SHARED_OWNER_CANDIDATE_REQUIRES_NODE_REVIEW,core/automation-engine/src/main/java/com/nexaflow/core/engine/DeviceOneShotTriggerMatcher.kt|core/automation-engine/src/main/java/com/nexaflow/core/engine/DeviceStateMonitor28.kt,NOT_TESTED
SCREEN_TIMEOUT_CHANGED,identity_version,domain/src/main/java/com/nexaflow/domain/catalog/AutomationNodeCatalog.kt|domain/src/main/java/com/nexaflow/domain/models/Automation.kt,SHARED_OWNER_CANDIDATE_REQUIRES_NODE_REVIEW,core/automation-engine/src/main/java/com/nexaflow/core/engine/DeviceOneShotTriggerMatcher.kt|core/automation-engine/src/main/java/com/nexaflow/core/engine/DeviceStateMonitor28.kt,NOT_TESTED
DATA_ROAMING_STATE,picker,feature/automation-builder/src/main/java/com/nexaflow/feature/builder/TriggerCatalogPresentation.kt|feature/automation-builder/src/main/java/com/nexaflow/feature/builder/BuilderActionCatalog.kt,SHARED_OWNER_CANDIDATE_REQUIRES_NODE_REVIEW,core/automation-engine/src/main/java/com/nexaflow/core/engine/DeviceStateMonitor28.kt,NOT_TESTED
DATA_ROAMING_STATE,draft,feature/automation-builder/src/main/java/com/nexaflow/feature/builder/AutomationBuilderScreen.kt|feature/automation-builder/src/main/java/com/nexaflow/feature/builder/TriggerEditorCard.kt|feature/automation-builder/src/main/java/com/nexaflow/feature/builder/ActionConfigEditor.kt,SHARED_OWNER_CANDIDATE_REQUIRES_NODE_REVIEW,core/automation-engine/src/main/java/com/nexaflow/core/engine/DeviceStateMonitor28.kt,NOT_TESTED
DATA_ROAMING_STATE,ui_validation,domain/src/main/java/com/nexaflow/domain/catalog/NodeConfigurationValidator.kt|feature/automation-builder/src/main/java/com/nexaflow/feature/builder/AutomationBuilderViewModel.kt,SHARED_OWNER_CANDIDATE_REQUIRES_NODE_REVIEW,core/automation-engine/src/main/java/com/nexaflow/core/engine/DeviceStateMonitor28.kt,NOT_TESTED
DATA_ROAMING_STATE,save,feature/automation-builder/src/main/java/com/nexaflow/feature/builder/AutomationBuilderViewModel.kt|data/src/main/java/com/nexaflow/data/repository/AutomationRepositoryImpl.kt,SHARED_OWNER_CANDIDATE_REQUIRES_NODE_REVIEW,core/automation-engine/src/main/java/com/nexaflow/core/engine/DeviceStateMonitor28.kt,NOT_TESTED
DATA_ROAMING_STATE,room_serialization,core/database/src/main/java/com/nexaflow/core/database/Converters.kt|data/src/main/java/com/nexaflow/data/mapper/AutomationMapper.kt,SHARED_OWNER_CANDIDATE_REQUIRES_NODE_REVIEW,core/automation-engine/src/main/java/com/nexaflow/core/engine/DeviceStateMonitor28.kt,NOT_TESTED
DATA_ROAMING_STATE,migration,data/src/main/java/com/nexaflow/data/repository/CanonicalWorkflowMigrationRunner.kt,SHARED_OWNER_CANDIDATE_REQUIRES_NODE_REVIEW,core/automation-engine/src/main/java/com/nexaflow/core/engine/DeviceStateMonitor28.kt,NOT_TESTED
DATA_ROAMING_STATE,reload,data/src/main/java/com/nexaflow/data/mapper/AutomationMapper.kt|data/src/main/java/com/nexaflow/data/repository/AutomationRepositoryImpl.kt,SHARED_OWNER_CANDIDATE_REQUIRES_NODE_REVIEW,core/automation-engine/src/main/java/com/nexaflow/core/engine/DeviceStateMonitor28.kt,NOT_TESTED
DATA_ROAMING_STATE,admission,core/automation-engine/src/main/java/com/nexaflow/core/engine/TriggerIndex.kt|core/execution/src/main/java/com/nexaflow/core/execution/ExecutionEngine.kt,SHARED_OWNER_CANDIDATE_REQUIRES_NODE_REVIEW,core/automation-engine/src/main/java/com/nexaflow/core/engine/DeviceStateMonitor28.kt,NOT_TESTED
DATA_ROAMING_STATE,dispatch,core/automation-engine/src/main/java/com/nexaflow/core/engine/TriggerIndex.kt|core/execution/src/main/java/com/nexaflow/core/execution/handler/ActionRegistry.kt|core/execution/src/main/java/com/nexaflow/core/execution/workflow/WorkflowInterpreter.kt,SHARED_OWNER_CANDIDATE_REQUIRES_NODE_REVIEW,core/automation-engine/src/main/java/com/nexaflow/core/engine/DeviceStateMonitor28.kt,NOT_TESTED
DATA_ROAMING_STATE,read_back,core/execution/src/main/java/com/nexaflow/core/execution/DeviceStateSnapshot.kt|domain/src/main/java/com/nexaflow/domain/models/ExecutionRecord.kt,SHARED_OWNER_CANDIDATE_REQUIRES_NODE_REVIEW,core/automation-engine/src/main/java/com/nexaflow/core/engine/DeviceStateMonitor28.kt,NOT_TESTED
DATA_ROAMING_STATE,exit,core/execution/src/main/java/com/nexaflow/core/execution/ExecutionEngine.kt,SHARED_OWNER_CANDIDATE_REQUIRES_NODE_REVIEW,core/automation-engine/src/main/java/com/nexaflow/core/engine/DeviceStateMonitor28.kt,NOT_TESTED
DATA_ROAMING_STATE,history,data/src/main/java/com/nexaflow/data/repository/HistoryRepositoryImpl.kt|core/execution/src/main/java/com/nexaflow/core/execution/ExecutionEngine.kt,SHARED_OWNER_CANDIDATE_REQUIRES_NODE_REVIEW,core/automation-engine/src/main/java/com/nexaflow/core/engine/DeviceStateMonitor28.kt,NOT_TESTED
DATA_ROAMING_STATE,recovery,core/datastore/src/main/java/com/nexaflow/core/datastore/ActiveExecutionStore.kt|core/execution/src/main/java/com/nexaflow/core/execution/recovery/ExecutionRecoveryCoordinator.kt,SHARED_OWNER_CANDIDATE_REQUIRES_NODE_REVIEW,core/automation-engine/src/main/java/com/nexaflow/core/engine/DeviceStateMonitor28.kt,NOT_TESTED
DATA_ROAMING_STATE,import_export,data/src/main/java/com/nexaflow/data/backup/BackupManager.kt,SHARED_OWNER_CANDIDATE_REQUIRES_NODE_REVIEW,core/automation-engine/src/main/java/com/nexaflow/core/engine/DeviceStateMonitor28.kt,NOT_TESTED
DATA_ROAMING_STATE,identity_version,domain/src/main/java/com/nexaflow/domain/catalog/AutomationNodeCatalog.kt|domain/src/main/java/com/nexaflow/domain/models/Automation.kt,SHARED_OWNER_CANDIDATE_REQUIRES_NODE_REVIEW,core/automation-engine/src/main/java/com/nexaflow/core/engine/DeviceStateMonitor28.kt,NOT_TESTED
TIMEZONE_CHANGED,picker,feature/automation-builder/src/main/java/com/nexaflow/feature/builder/TriggerCatalogPresentation.kt|feature/automation-builder/src/main/java/com/nexaflow/feature/builder/BuilderActionCatalog.kt,SHARED_OWNER_CANDIDATE_REQUIRES_NODE_REVIEW,core/automation-engine/src/main/java/com/nexaflow/core/engine/DeviceOneShotTriggerMatcher.kt|core/automation-engine/src/main/java/com/nexaflow/core/engine/DeviceStateMonitor28.kt,NOT_TESTED
TIMEZONE_CHANGED,draft,feature/automation-builder/src/main/java/com/nexaflow/feature/builder/AutomationBuilderScreen.kt|feature/automation-builder/src/main/java/com/nexaflow/feature/builder/TriggerEditorCard.kt|feature/automation-builder/src/main/java/com/nexaflow/feature/builder/ActionConfigEditor.kt,SHARED_OWNER_CANDIDATE_REQUIRES_NODE_REVIEW,core/automation-engine/src/main/java/com/nexaflow/core/engine/DeviceOneShotTriggerMatcher.kt|core/automation-engine/src/main/java/com/nexaflow/core/engine/DeviceStateMonitor28.kt,NOT_TESTED
TIMEZONE_CHANGED,ui_validation,domain/src/main/java/com/nexaflow/domain/catalog/NodeConfigurationValidator.kt|feature/automation-builder/src/main/java/com/nexaflow/feature/builder/AutomationBuilderViewModel.kt,SHARED_OWNER_CANDIDATE_REQUIRES_NODE_REVIEW,core/automation-engine/src/main/java/com/nexaflow/core/engine/DeviceOneShotTriggerMatcher.kt|core/automation-engine/src/main/java/com/nexaflow/core/engine/DeviceStateMonitor28.kt,NOT_TESTED
TIMEZONE_CHANGED,save,feature/automation-builder/src/main/java/com/nexaflow/feature/builder/AutomationBuilderViewModel.kt|data/src/main/java/com/nexaflow/data/repository/AutomationRepositoryImpl.kt,SHARED_OWNER_CANDIDATE_REQUIRES_NODE_REVIEW,core/automation-engine/src/main/java/com/nexaflow/core/engine/DeviceOneShotTriggerMatcher.kt|core/automation-engine/src/main/java/com/nexaflow/core/engine/DeviceStateMonitor28.kt,NOT_TESTED
TIMEZONE_CHANGED,room_serialization,core/database/src/main/java/com/nexaflow/core/database/Converters.kt|data/src/main/java/com/nexaflow/data/mapper/AutomationMapper.kt,SHARED_OWNER_CANDIDATE_REQUIRES_NODE_REVIEW,core/automation-engine/src/main/java/com/nexaflow/core/engine/DeviceOneShotTriggerMatcher.kt|core/automation-engine/src/main/java/com/nexaflow/core/engine/DeviceStateMonitor28.kt,NOT_TESTED
TIMEZONE_CHANGED,migration,data/src/main/java/com/nexaflow/data/repository/CanonicalWorkflowMigrationRunner.kt,SHARED_OWNER_CANDIDATE_REQUIRES_NODE_REVIEW,core/automation-engine/src/main/java/com/nexaflow/core/engine/DeviceOneShotTriggerMatcher.kt|core/automation-engine/src/main/java/com/nexaflow/core/engine/DeviceStateMonitor28.kt,NOT_TESTED
TIMEZONE_CHANGED,reload,data/src/main/java/com/nexaflow/data/mapper/AutomationMapper.kt|data/src/main/java/com/nexaflow/data/repository/AutomationRepositoryImpl.kt,SHARED_OWNER_CANDIDATE_REQUIRES_NODE_REVIEW,core/automation-engine/src/main/java/com/nexaflow/core/engine/DeviceOneShotTriggerMatcher.kt|core/automation-engine/src/main/java/com/nexaflow/core/engine/DeviceStateMonitor28.kt,NOT_TESTED
TIMEZONE_CHANGED,admission,core/automation-engine/src/main/java/com/nexaflow/core/engine/TriggerIndex.kt|core/execution/src/main/java/com/nexaflow/core/execution/ExecutionEngine.kt,SHARED_OWNER_CANDIDATE_REQUIRES_NODE_REVIEW,core/automation-engine/src/main/java/com/nexaflow/core/engine/DeviceOneShotTriggerMatcher.kt|core/automation-engine/src/main/java/com/nexaflow/core/engine/DeviceStateMonitor28.kt,NOT_TESTED
TIMEZONE_CHANGED,dispatch,core/automation-engine/src/main/java/com/nexaflow/core/engine/TriggerIndex.kt|core/execution/src/main/java/com/nexaflow/core/execution/handler/ActionRegistry.kt|core/execution/src/main/java/com/nexaflow/core/execution/workflow/WorkflowInterpreter.kt,SHARED_OWNER_CANDIDATE_REQUIRES_NODE_REVIEW,core/automation-engine/src/main/java/com/nexaflow/core/engine/DeviceOneShotTriggerMatcher.kt|core/automation-engine/src/main/java/com/nexaflow/core/engine/DeviceStateMonitor28.kt,NOT_TESTED
TIMEZONE_CHANGED,read_back,core/execution/src/main/java/com/nexaflow/core/execution/DeviceStateSnapshot.kt|domain/src/main/java/com/nexaflow/domain/models/ExecutionRecord.kt,SHARED_OWNER_CANDIDATE_REQUIRES_NODE_REVIEW,core/automation-engine/src/main/java/com/nexaflow/core/engine/DeviceOneShotTriggerMatcher.kt|core/automation-engine/src/main/java/com/nexaflow/core/engine/DeviceStateMonitor28.kt,NOT_TESTED
TIMEZONE_CHANGED,exit,core/execution/src/main/java/com/nexaflow/core/execution/ExecutionEngine.kt,SHARED_OWNER_CANDIDATE_REQUIRES_NODE_REVIEW,core/automation-engine/src/main/java/com/nexaflow/core/engine/DeviceOneShotTriggerMatcher.kt|core/automation-engine/src/main/java/com/nexaflow/core/engine/DeviceStateMonitor28.kt,NOT_TESTED
TIMEZONE_CHANGED,history,data/src/main/java/com/nexaflow/data/repository/HistoryRepositoryImpl.kt|core/execution/src/main/java/com/nexaflow/core/execution/ExecutionEngine.kt,SHARED_OWNER_CANDIDATE_REQUIRES_NODE_REVIEW,core/automation-engine/src/main/java/com/nexaflow/core/engine/DeviceOneShotTriggerMatcher.kt|core/automation-engine/src/main/java/com/nexaflow/core/engine/DeviceStateMonitor28.kt,NOT_TESTED
TIMEZONE_CHANGED,recovery,core/datastore/src/main/java/com/nexaflow/core/datastore/ActiveExecutionStore.kt|core/execution/src/main/java/com/nexaflow/core/execution/recovery/ExecutionRecoveryCoordinator.kt,SHARED_OWNER_CANDIDATE_REQUIRES_NODE_REVIEW,core/automation-engine/src/main/java/com/nexaflow/core/engine/DeviceOneShotTriggerMatcher.kt|core/automation-engine/src/main/java/com/nexaflow/core/engine/DeviceStateMonitor28.kt,NOT_TESTED
TIMEZONE_CHANGED,import_export,data/src/main/java/com/nexaflow/data/backup/BackupManager.kt,SHARED_OWNER_CANDIDATE_REQUIRES_NODE_REVIEW,core/automation-engine/src/main/java/com/nexaflow/core/engine/DeviceOneShotTriggerMatcher.kt|core/automation-engine/src/main/java/com/nexaflow/core/engine/DeviceStateMonitor28.kt,NOT_TESTED
TIMEZONE_CHANGED,identity_version,domain/src/main/java/com/nexaflow/domain/catalog/AutomationNodeCatalog.kt|domain/src/main/java/com/nexaflow/domain/models/Automation.kt,SHARED_OWNER_CANDIDATE_REQUIRES_NODE_REVIEW,core/automation-engine/src/main/java/com/nexaflow/core/engine/DeviceOneShotTriggerMatcher.kt|core/automation-engine/src/main/java/com/nexaflow/core/engine/DeviceStateMonitor28.kt,NOT_TESTED
BOOT_COMPLETED,picker,feature/automation-builder/src/main/java/com/nexaflow/feature/builder/TriggerCatalogPresentation.kt|feature/automation-builder/src/main/java/com/nexaflow/feature/builder/BuilderActionCatalog.kt,SHARED_OWNER_CANDIDATE_REQUIRES_NODE_REVIEW,core/automation-engine/src/main/java/com/nexaflow/core/engine/AutomationAlarmReceiver.kt|core/automation-engine/src/main/java/com/nexaflow/core/engine/DeviceOneShotTriggerMatcher.kt|core/automation-engine/src/main/java/com/nexaflow/core/engine/DeviceStateMonitor28.kt|core/automation-engine/src/main/java/com/nexaflow/core/engine/MonitoringService.kt,NOT_TESTED
BOOT_COMPLETED,draft,feature/automation-builder/src/main/java/com/nexaflow/feature/builder/AutomationBuilderScreen.kt|feature/automation-builder/src/main/java/com/nexaflow/feature/builder/TriggerEditorCard.kt|feature/automation-builder/src/main/java/com/nexaflow/feature/builder/ActionConfigEditor.kt,SHARED_OWNER_CANDIDATE_REQUIRES_NODE_REVIEW,core/automation-engine/src/main/java/com/nexaflow/core/engine/AutomationAlarmReceiver.kt|core/automation-engine/src/main/java/com/nexaflow/core/engine/DeviceOneShotTriggerMatcher.kt|core/automation-engine/src/main/java/com/nexaflow/core/engine/DeviceStateMonitor28.kt|core/automation-engine/src/main/java/com/nexaflow/core/engine/MonitoringService.kt,NOT_TESTED
BOOT_COMPLETED,ui_validation,domain/src/main/java/com/nexaflow/domain/catalog/NodeConfigurationValidator.kt|feature/automation-builder/src/main/java/com/nexaflow/feature/builder/AutomationBuilderViewModel.kt,SHARED_OWNER_CANDIDATE_REQUIRES_NODE_REVIEW,core/automation-engine/src/main/java/com/nexaflow/core/engine/AutomationAlarmReceiver.kt|core/automation-engine/src/main/java/com/nexaflow/core/engine/DeviceOneShotTriggerMatcher.kt|core/automation-engine/src/main/java/com/nexaflow/core/engine/DeviceStateMonitor28.kt|core/automation-engine/src/main/java/com/nexaflow/core/engine/MonitoringService.kt,NOT_TESTED
BOOT_COMPLETED,save,feature/automation-builder/src/main/java/com/nexaflow/feature/builder/AutomationBuilderViewModel.kt|data/src/main/java/com/nexaflow/data/repository/AutomationRepositoryImpl.kt,SHARED_OWNER_CANDIDATE_REQUIRES_NODE_REVIEW,core/automation-engine/src/main/java/com/nexaflow/core/engine/AutomationAlarmReceiver.kt|core/automation-engine/src/main/java/com/nexaflow/core/engine/DeviceOneShotTriggerMatcher.kt|core/automation-engine/src/main/java/com/nexaflow/core/engine/DeviceStateMonitor28.kt|core/automation-engine/src/main/java/com/nexaflow/core/engine/MonitoringService.kt,NOT_TESTED
BOOT_COMPLETED,room_serialization,core/database/src/main/java/com/nexaflow/core/database/Converters.kt|data/src/main/java/com/nexaflow/data/mapper/AutomationMapper.kt,SHARED_OWNER_CANDIDATE_REQUIRES_NODE_REVIEW,core/automation-engine/src/main/java/com/nexaflow/core/engine/AutomationAlarmReceiver.kt|core/automation-engine/src/main/java/com/nexaflow/core/engine/DeviceOneShotTriggerMatcher.kt|core/automation-engine/src/main/java/com/nexaflow/core/engine/DeviceStateMonitor28.kt|core/automation-engine/src/main/java/com/nexaflow/core/engine/MonitoringService.kt,NOT_TESTED
BOOT_COMPLETED,migration,data/src/main/java/com/nexaflow/data/repository/CanonicalWorkflowMigrationRunner.kt,SHARED_OWNER_CANDIDATE_REQUIRES_NODE_REVIEW,core/automation-engine/src/main/java/com/nexaflow/core/engine/AutomationAlarmReceiver.kt|core/automation-engine/src/main/java/com/nexaflow/core/engine/DeviceOneShotTriggerMatcher.kt|core/automation-engine/src/main/java/com/nexaflow/core/engine/DeviceStateMonitor28.kt|core/automation-engine/src/main/java/com/nexaflow/core/engine/MonitoringService.kt,NOT_TESTED
BOOT_COMPLETED,reload,data/src/main/java/com/nexaflow/data/mapper/AutomationMapper.kt|data/src/main/java/com/nexaflow/data/repository/AutomationRepositoryImpl.kt,SHARED_OWNER_CANDIDATE_REQUIRES_NODE_REVIEW,core/automation-engine/src/main/java/com/nexaflow/core/engine/AutomationAlarmReceiver.kt|core/automation-engine/src/main/java/com/nexaflow/core/engine/DeviceOneShotTriggerMatcher.kt|core/automation-engine/src/main/java/com/nexaflow/core/engine/DeviceStateMonitor28.kt|core/automation-engine/src/main/java/com/nexaflow/core/engine/MonitoringService.kt,NOT_TESTED
BOOT_COMPLETED,admission,core/automation-engine/src/main/java/com/nexaflow/core/engine/TriggerIndex.kt|core/execution/src/main/java/com/nexaflow/core/execution/ExecutionEngine.kt,SHARED_OWNER_CANDIDATE_REQUIRES_NODE_REVIEW,core/automation-engine/src/main/java/com/nexaflow/core/engine/AutomationAlarmReceiver.kt|core/automation-engine/src/main/java/com/nexaflow/core/engine/DeviceOneShotTriggerMatcher.kt|core/automation-engine/src/main/java/com/nexaflow/core/engine/DeviceStateMonitor28.kt|core/automation-engine/src/main/java/com/nexaflow/core/engine/MonitoringService.kt,NOT_TESTED
BOOT_COMPLETED,dispatch,core/automation-engine/src/main/java/com/nexaflow/core/engine/TriggerIndex.kt|core/execution/src/main/java/com/nexaflow/core/execution/handler/ActionRegistry.kt|core/execution/src/main/java/com/nexaflow/core/execution/workflow/WorkflowInterpreter.kt,SHARED_OWNER_CANDIDATE_REQUIRES_NODE_REVIEW,core/automation-engine/src/main/java/com/nexaflow/core/engine/AutomationAlarmReceiver.kt|core/automation-engine/src/main/java/com/nexaflow/core/engine/DeviceOneShotTriggerMatcher.kt|core/automation-engine/src/main/java/com/nexaflow/core/engine/DeviceStateMonitor28.kt|core/automation-engine/src/main/java/com/nexaflow/core/engine/MonitoringService.kt,NOT_TESTED
BOOT_COMPLETED,read_back,core/execution/src/main/java/com/nexaflow/core/execution/DeviceStateSnapshot.kt|domain/src/main/java/com/nexaflow/domain/models/ExecutionRecord.kt,SHARED_OWNER_CANDIDATE_REQUIRES_NODE_REVIEW,core/automation-engine/src/main/java/com/nexaflow/core/engine/AutomationAlarmReceiver.kt|core/automation-engine/src/main/java/com/nexaflow/core/engine/DeviceOneShotTriggerMatcher.kt|core/automation-engine/src/main/java/com/nexaflow/core/engine/DeviceStateMonitor28.kt|core/automation-engine/src/main/java/com/nexaflow/core/engine/MonitoringService.kt,NOT_TESTED
BOOT_COMPLETED,exit,core/execution/src/main/java/com/nexaflow/core/execution/ExecutionEngine.kt,SHARED_OWNER_CANDIDATE_REQUIRES_NODE_REVIEW,core/automation-engine/src/main/java/com/nexaflow/core/engine/AutomationAlarmReceiver.kt|core/automation-engine/src/main/java/com/nexaflow/core/engine/DeviceOneShotTriggerMatcher.kt|core/automation-engine/src/main/java/com/nexaflow/core/engine/DeviceStateMonitor28.kt|core/automation-engine/src/main/java/com/nexaflow/core/engine/MonitoringService.kt,NOT_TESTED
BOOT_COMPLETED,history,data/src/main/java/com/nexaflow/data/repository/HistoryRepositoryImpl.kt|core/execution/src/main/java/com/nexaflow/core/execution/ExecutionEngine.kt,SHARED_OWNER_CANDIDATE_REQUIRES_NODE_REVIEW,core/automation-engine/src/main/java/com/nexaflow/core/engine/AutomationAlarmReceiver.kt|core/automation-engine/src/main/java/com/nexaflow/core/engine/DeviceOneShotTriggerMatcher.kt|core/automation-engine/src/main/java/com/nexaflow/core/engine/DeviceStateMonitor28.kt|core/automation-engine/src/main/java/com/nexaflow/core/engine/MonitoringService.kt,NOT_TESTED
BOOT_COMPLETED,recovery,core/datastore/src/main/java/com/nexaflow/core/datastore/ActiveExecutionStore.kt|core/execution/src/main/java/com/nexaflow/core/execution/recovery/ExecutionRecoveryCoordinator.kt,SHARED_OWNER_CANDIDATE_REQUIRES_NODE_REVIEW,core/automation-engine/src/main/java/com/nexaflow/core/engine/AutomationAlarmReceiver.kt|core/automation-engine/src/main/java/com/nexaflow/core/engine/DeviceOneShotTriggerMatcher.kt|core/automation-engine/src/main/java/com/nexaflow/core/engine/DeviceStateMonitor28.kt|core/automation-engine/src/main/java/com/nexaflow/core/engine/MonitoringService.kt,NOT_TESTED
BOOT_COMPLETED,import_export,data/src/main/java/com/nexaflow/data/backup/BackupManager.kt,SHARED_OWNER_CANDIDATE_REQUIRES_NODE_REVIEW,core/automation-engine/src/main/java/com/nexaflow/core/engine/AutomationAlarmReceiver.kt|core/automation-engine/src/main/java/com/nexaflow/core/engine/DeviceOneShotTriggerMatcher.kt|core/automation-engine/src/main/java/com/nexaflow/core/engine/DeviceStateMonitor28.kt|core/automation-engine/src/main/java/com/nexaflow/core/engine/MonitoringService.kt,NOT_TESTED
BOOT_COMPLETED,identity_version,domain/src/main/java/com/nexaflow/domain/catalog/AutomationNodeCatalog.kt|domain/src/main/java/com/nexaflow/domain/models/Automation.kt,SHARED_OWNER_CANDIDATE_REQUIRES_NODE_REVIEW,core/automation-engine/src/main/java/com/nexaflow/core/engine/AutomationAlarmReceiver.kt|core/automation-engine/src/main/java/com/nexaflow/core/engine/DeviceOneShotTriggerMatcher.kt|core/automation-engine/src/main/java/com/nexaflow/core/engine/DeviceStateMonitor28.kt|core/automation-engine/src/main/java/com/nexaflow/core/engine/MonitoringService.kt,NOT_TESTED
NFC_TAG_SCANNED,picker,feature/automation-builder/src/main/java/com/nexaflow/feature/builder/TriggerCatalogPresentation.kt|feature/automation-builder/src/main/java/com/nexaflow/feature/builder/BuilderActionCatalog.kt,SHARED_OWNER_CANDIDATE_REQUIRES_NODE_REVIEW,core/automation-engine/src/main/java/com/nexaflow/core/engine/DeviceOneShotTriggerMatcher.kt|core/automation-engine/src/main/java/com/nexaflow/core/engine/DeviceStateMonitor28.kt,NOT_TESTED
NFC_TAG_SCANNED,draft,feature/automation-builder/src/main/java/com/nexaflow/feature/builder/AutomationBuilderScreen.kt|feature/automation-builder/src/main/java/com/nexaflow/feature/builder/TriggerEditorCard.kt|feature/automation-builder/src/main/java/com/nexaflow/feature/builder/ActionConfigEditor.kt,SHARED_OWNER_CANDIDATE_REQUIRES_NODE_REVIEW,core/automation-engine/src/main/java/com/nexaflow/core/engine/DeviceOneShotTriggerMatcher.kt|core/automation-engine/src/main/java/com/nexaflow/core/engine/DeviceStateMonitor28.kt,NOT_TESTED
NFC_TAG_SCANNED,ui_validation,domain/src/main/java/com/nexaflow/domain/catalog/NodeConfigurationValidator.kt|feature/automation-builder/src/main/java/com/nexaflow/feature/builder/AutomationBuilderViewModel.kt,SHARED_OWNER_CANDIDATE_REQUIRES_NODE_REVIEW,core/automation-engine/src/main/java/com/nexaflow/core/engine/DeviceOneShotTriggerMatcher.kt|core/automation-engine/src/main/java/com/nexaflow/core/engine/DeviceStateMonitor28.kt,NOT_TESTED
NFC_TAG_SCANNED,save,feature/automation-builder/src/main/java/com/nexaflow/feature/builder/AutomationBuilderViewModel.kt|data/src/main/java/com/nexaflow/data/repository/AutomationRepositoryImpl.kt,SHARED_OWNER_CANDIDATE_REQUIRES_NODE_REVIEW,core/automation-engine/src/main/java/com/nexaflow/core/engine/DeviceOneShotTriggerMatcher.kt|core/automation-engine/src/main/java/com/nexaflow/core/engine/DeviceStateMonitor28.kt,NOT_TESTED
NFC_TAG_SCANNED,room_serialization,core/database/src/main/java/com/nexaflow/core/database/Converters.kt|data/src/main/java/com/nexaflow/data/mapper/AutomationMapper.kt,SHARED_OWNER_CANDIDATE_REQUIRES_NODE_REVIEW,core/automation-engine/src/main/java/com/nexaflow/core/engine/DeviceOneShotTriggerMatcher.kt|core/automation-engine/src/main/java/com/nexaflow/core/engine/DeviceStateMonitor28.kt,NOT_TESTED
NFC_TAG_SCANNED,migration,data/src/main/java/com/nexaflow/data/repository/CanonicalWorkflowMigrationRunner.kt,SHARED_OWNER_CANDIDATE_REQUIRES_NODE_REVIEW,core/automation-engine/src/main/java/com/nexaflow/core/engine/DeviceOneShotTriggerMatcher.kt|core/automation-engine/src/main/java/com/nexaflow/core/engine/DeviceStateMonitor28.kt,NOT_TESTED
NFC_TAG_SCANNED,reload,data/src/main/java/com/nexaflow/data/mapper/AutomationMapper.kt|data/src/main/java/com/nexaflow/data/repository/AutomationRepositoryImpl.kt,SHARED_OWNER_CANDIDATE_REQUIRES_NODE_REVIEW,core/automation-engine/src/main/java/com/nexaflow/core/engine/DeviceOneShotTriggerMatcher.kt|core/automation-engine/src/main/java/com/nexaflow/core/engine/DeviceStateMonitor28.kt,NOT_TESTED
NFC_TAG_SCANNED,admission,core/automation-engine/src/main/java/com/nexaflow/core/engine/TriggerIndex.kt|core/execution/src/main/java/com/nexaflow/core/execution/ExecutionEngine.kt,SHARED_OWNER_CANDIDATE_REQUIRES_NODE_REVIEW,core/automation-engine/src/main/java/com/nexaflow/core/engine/DeviceOneShotTriggerMatcher.kt|core/automation-engine/src/main/java/com/nexaflow/core/engine/DeviceStateMonitor28.kt,NOT_TESTED
NFC_TAG_SCANNED,dispatch,core/automation-engine/src/main/java/com/nexaflow/core/engine/TriggerIndex.kt|core/execution/src/main/java/com/nexaflow/core/execution/handler/ActionRegistry.kt|core/execution/src/main/java/com/nexaflow/core/execution/workflow/WorkflowInterpreter.kt,SHARED_OWNER_CANDIDATE_REQUIRES_NODE_REVIEW,core/automation-engine/src/main/java/com/nexaflow/core/engine/DeviceOneShotTriggerMatcher.kt|core/automation-engine/src/main/java/com/nexaflow/core/engine/DeviceStateMonitor28.kt,NOT_TESTED
NFC_TAG_SCANNED,read_back,core/execution/src/main/java/com/nexaflow/core/execution/DeviceStateSnapshot.kt|domain/src/main/java/com/nexaflow/domain/models/ExecutionRecord.kt,SHARED_OWNER_CANDIDATE_REQUIRES_NODE_REVIEW,core/automation-engine/src/main/java/com/nexaflow/core/engine/DeviceOneShotTriggerMatcher.kt|core/automation-engine/src/main/java/com/nexaflow/core/engine/DeviceStateMonitor28.kt,NOT_TESTED
NFC_TAG_SCANNED,exit,core/execution/src/main/java/com/nexaflow/core/execution/ExecutionEngine.kt,SHARED_OWNER_CANDIDATE_REQUIRES_NODE_REVIEW,core/automation-engine/src/main/java/com/nexaflow/core/engine/DeviceOneShotTriggerMatcher.kt|core/automation-engine/src/main/java/com/nexaflow/core/engine/DeviceStateMonitor28.kt,NOT_TESTED
NFC_TAG_SCANNED,history,data/src/main/java/com/nexaflow/data/repository/HistoryRepositoryImpl.kt|core/execution/src/main/java/com/nexaflow/core/execution/ExecutionEngine.kt,SHARED_OWNER_CANDIDATE_REQUIRES_NODE_REVIEW,core/automation-engine/src/main/java/com/nexaflow/core/engine/DeviceOneShotTriggerMatcher.kt|core/automation-engine/src/main/java/com/nexaflow/core/engine/DeviceStateMonitor28.kt,NOT_TESTED
NFC_TAG_SCANNED,recovery,core/datastore/src/main/java/com/nexaflow/core/datastore/ActiveExecutionStore.kt|core/execution/src/main/java/com/nexaflow/core/execution/recovery/ExecutionRecoveryCoordinator.kt,SHARED_OWNER_CANDIDATE_REQUIRES_NODE_REVIEW,core/automation-engine/src/main/java/com/nexaflow/core/engine/DeviceOneShotTriggerMatcher.kt|core/automation-engine/src/main/java/com/nexaflow/core/engine/DeviceStateMonitor28.kt,NOT_TESTED
NFC_TAG_SCANNED,import_export,data/src/main/java/com/nexaflow/data/backup/BackupManager.kt,SHARED_OWNER_CANDIDATE_REQUIRES_NODE_REVIEW,core/automation-engine/src/main/java/com/nexaflow/core/engine/DeviceOneShotTriggerMatcher.kt|core/automation-engine/src/main/java/com/nexaflow/core/engine/DeviceStateMonitor28.kt,NOT_TESTED
NFC_TAG_SCANNED,identity_version,domain/src/main/java/com/nexaflow/domain/catalog/AutomationNodeCatalog.kt|domain/src/main/java/com/nexaflow/domain/models/Automation.kt,SHARED_OWNER_CANDIDATE_REQUIRES_NODE_REVIEW,core/automation-engine/src/main/java/com/nexaflow/core/engine/DeviceOneShotTriggerMatcher.kt|core/automation-engine/src/main/java/com/nexaflow/core/engine/DeviceStateMonitor28.kt,NOT_TESTED
ALARM_SET_CHANGED,picker,feature/automation-builder/src/main/java/com/nexaflow/feature/builder/TriggerCatalogPresentation.kt|feature/automation-builder/src/main/java/com/nexaflow/feature/builder/BuilderActionCatalog.kt,SHARED_OWNER_CANDIDATE_REQUIRES_NODE_REVIEW,core/automation-engine/src/main/java/com/nexaflow/core/engine/DeviceOneShotTriggerMatcher.kt|core/automation-engine/src/main/java/com/nexaflow/core/engine/DeviceStateMonitor28.kt,NOT_TESTED
ALARM_SET_CHANGED,draft,feature/automation-builder/src/main/java/com/nexaflow/feature/builder/AutomationBuilderScreen.kt|feature/automation-builder/src/main/java/com/nexaflow/feature/builder/TriggerEditorCard.kt|feature/automation-builder/src/main/java/com/nexaflow/feature/builder/ActionConfigEditor.kt,SHARED_OWNER_CANDIDATE_REQUIRES_NODE_REVIEW,core/automation-engine/src/main/java/com/nexaflow/core/engine/DeviceOneShotTriggerMatcher.kt|core/automation-engine/src/main/java/com/nexaflow/core/engine/DeviceStateMonitor28.kt,NOT_TESTED
ALARM_SET_CHANGED,ui_validation,domain/src/main/java/com/nexaflow/domain/catalog/NodeConfigurationValidator.kt|feature/automation-builder/src/main/java/com/nexaflow/feature/builder/AutomationBuilderViewModel.kt,SHARED_OWNER_CANDIDATE_REQUIRES_NODE_REVIEW,core/automation-engine/src/main/java/com/nexaflow/core/engine/DeviceOneShotTriggerMatcher.kt|core/automation-engine/src/main/java/com/nexaflow/core/engine/DeviceStateMonitor28.kt,NOT_TESTED
ALARM_SET_CHANGED,save,feature/automation-builder/src/main/java/com/nexaflow/feature/builder/AutomationBuilderViewModel.kt|data/src/main/java/com/nexaflow/data/repository/AutomationRepositoryImpl.kt,SHARED_OWNER_CANDIDATE_REQUIRES_NODE_REVIEW,core/automation-engine/src/main/java/com/nexaflow/core/engine/DeviceOneShotTriggerMatcher.kt|core/automation-engine/src/main/java/com/nexaflow/core/engine/DeviceStateMonitor28.kt,NOT_TESTED
ALARM_SET_CHANGED,room_serialization,core/database/src/main/java/com/nexaflow/core/database/Converters.kt|data/src/main/java/com/nexaflow/data/mapper/AutomationMapper.kt,SHARED_OWNER_CANDIDATE_REQUIRES_NODE_REVIEW,core/automation-engine/src/main/java/com/nexaflow/core/engine/DeviceOneShotTriggerMatcher.kt|core/automation-engine/src/main/java/com/nexaflow/core/engine/DeviceStateMonitor28.kt,NOT_TESTED
ALARM_SET_CHANGED,migration,data/src/main/java/com/nexaflow/data/repository/CanonicalWorkflowMigrationRunner.kt,SHARED_OWNER_CANDIDATE_REQUIRES_NODE_REVIEW,core/automation-engine/src/main/java/com/nexaflow/core/engine/DeviceOneShotTriggerMatcher.kt|core/automation-engine/src/main/java/com/nexaflow/core/engine/DeviceStateMonitor28.kt,NOT_TESTED
ALARM_SET_CHANGED,reload,data/src/main/java/com/nexaflow/data/mapper/AutomationMapper.kt|data/src/main/java/com/nexaflow/data/repository/AutomationRepositoryImpl.kt,SHARED_OWNER_CANDIDATE_REQUIRES_NODE_REVIEW,core/automation-engine/src/main/java/com/nexaflow/core/engine/DeviceOneShotTriggerMatcher.kt|core/automation-engine/src/main/java/com/nexaflow/core/engine/DeviceStateMonitor28.kt,NOT_TESTED
ALARM_SET_CHANGED,admission,core/automation-engine/src/main/java/com/nexaflow/core/engine/TriggerIndex.kt|core/execution/src/main/java/com/nexaflow/core/execution/ExecutionEngine.kt,SHARED_OWNER_CANDIDATE_REQUIRES_NODE_REVIEW,core/automation-engine/src/main/java/com/nexaflow/core/engine/DeviceOneShotTriggerMatcher.kt|core/automation-engine/src/main/java/com/nexaflow/core/engine/DeviceStateMonitor28.kt,NOT_TESTED
ALARM_SET_CHANGED,dispatch,core/automation-engine/src/main/java/com/nexaflow/core/engine/TriggerIndex.kt|core/execution/src/main/java/com/nexaflow/core/execution/handler/ActionRegistry.kt|core/execution/src/main/java/com/nexaflow/core/execution/workflow/WorkflowInterpreter.kt,SHARED_OWNER_CANDIDATE_REQUIRES_NODE_REVIEW,core/automation-engine/src/main/java/com/nexaflow/core/engine/DeviceOneShotTriggerMatcher.kt|core/automation-engine/src/main/java/com/nexaflow/core/engine/DeviceStateMonitor28.kt,NOT_TESTED
ALARM_SET_CHANGED,read_back,core/execution/src/main/java/com/nexaflow/core/execution/DeviceStateSnapshot.kt|domain/src/main/java/com/nexaflow/domain/models/ExecutionRecord.kt,SHARED_OWNER_CANDIDATE_REQUIRES_NODE_REVIEW,core/automation-engine/src/main/java/com/nexaflow/core/engine/DeviceOneShotTriggerMatcher.kt|core/automation-engine/src/main/java/com/nexaflow/core/engine/DeviceStateMonitor28.kt,NOT_TESTED
ALARM_SET_CHANGED,exit,core/execution/src/main/java/com/nexaflow/core/execution/ExecutionEngine.kt,SHARED_OWNER_CANDIDATE_REQUIRES_NODE_REVIEW,core/automation-engine/src/main/java/com/nexaflow/core/engine/DeviceOneShotTriggerMatcher.kt|core/automation-engine/src/main/java/com/nexaflow/core/engine/DeviceStateMonitor28.kt,NOT_TESTED
ALARM_SET_CHANGED,history,data/src/main/java/com/nexaflow/data/repository/HistoryRepositoryImpl.kt|core/execution/src/main/java/com/nexaflow/core/execution/ExecutionEngine.kt,SHARED_OWNER_CANDIDATE_REQUIRES_NODE_REVIEW,core/automation-engine/src/main/java/com/nexaflow/core/engine/DeviceOneShotTriggerMatcher.kt|core/automation-engine/src/main/java/com/nexaflow/core/engine/DeviceStateMonitor28.kt,NOT_TESTED
ALARM_SET_CHANGED,recovery,core/datastore/src/main/java/com/nexaflow/core/datastore/ActiveExecutionStore.kt|core/execution/src/main/java/com/nexaflow/core/execution/recovery/ExecutionRecoveryCoordinator.kt,SHARED_OWNER_CANDIDATE_REQUIRES_NODE_REVIEW,core/automation-engine/src/main/java/com/nexaflow/core/engine/DeviceOneShotTriggerMatcher.kt|core/automation-engine/src/main/java/com/nexaflow/core/engine/DeviceStateMonitor28.kt,NOT_TESTED
ALARM_SET_CHANGED,import_export,data/src/main/java/com/nexaflow/data/backup/BackupManager.kt,SHARED_OWNER_CANDIDATE_REQUIRES_NODE_REVIEW,core/automation-engine/src/main/java/com/nexaflow/core/engine/DeviceOneShotTriggerMatcher.kt|core/automation-engine/src/main/java/com/nexaflow/core/engine/DeviceStateMonitor28.kt,NOT_TESTED
ALARM_SET_CHANGED,identity_version,domain/src/main/java/com/nexaflow/domain/catalog/AutomationNodeCatalog.kt|domain/src/main/java/com/nexaflow/domain/models/Automation.kt,SHARED_OWNER_CANDIDATE_REQUIRES_NODE_REVIEW,core/automation-engine/src/main/java/com/nexaflow/core/engine/DeviceOneShotTriggerMatcher.kt|core/automation-engine/src/main/java/com/nexaflow/core/engine/DeviceStateMonitor28.kt,NOT_TESTED
WEAR_EVENT,picker,feature/automation-builder/src/main/java/com/nexaflow/feature/builder/TriggerCatalogPresentation.kt|feature/automation-builder/src/main/java/com/nexaflow/feature/builder/BuilderActionCatalog.kt,SHARED_OWNER_CANDIDATE_REQUIRES_NODE_REVIEW,core/automation-engine/src/main/java/com/nexaflow/core/engine/WearEventRouter.kt,NOT_TESTED
WEAR_EVENT,draft,feature/automation-builder/src/main/java/com/nexaflow/feature/builder/AutomationBuilderScreen.kt|feature/automation-builder/src/main/java/com/nexaflow/feature/builder/TriggerEditorCard.kt|feature/automation-builder/src/main/java/com/nexaflow/feature/builder/ActionConfigEditor.kt,SHARED_OWNER_CANDIDATE_REQUIRES_NODE_REVIEW,core/automation-engine/src/main/java/com/nexaflow/core/engine/WearEventRouter.kt,NOT_TESTED
WEAR_EVENT,ui_validation,domain/src/main/java/com/nexaflow/domain/catalog/NodeConfigurationValidator.kt|feature/automation-builder/src/main/java/com/nexaflow/feature/builder/AutomationBuilderViewModel.kt,SHARED_OWNER_CANDIDATE_REQUIRES_NODE_REVIEW,core/automation-engine/src/main/java/com/nexaflow/core/engine/WearEventRouter.kt,NOT_TESTED
WEAR_EVENT,save,feature/automation-builder/src/main/java/com/nexaflow/feature/builder/AutomationBuilderViewModel.kt|data/src/main/java/com/nexaflow/data/repository/AutomationRepositoryImpl.kt,SHARED_OWNER_CANDIDATE_REQUIRES_NODE_REVIEW,core/automation-engine/src/main/java/com/nexaflow/core/engine/WearEventRouter.kt,NOT_TESTED
WEAR_EVENT,room_serialization,core/database/src/main/java/com/nexaflow/core/database/Converters.kt|data/src/main/java/com/nexaflow/data/mapper/AutomationMapper.kt,SHARED_OWNER_CANDIDATE_REQUIRES_NODE_REVIEW,core/automation-engine/src/main/java/com/nexaflow/core/engine/WearEventRouter.kt,NOT_TESTED
WEAR_EVENT,migration,data/src/main/java/com/nexaflow/data/repository/CanonicalWorkflowMigrationRunner.kt,SHARED_OWNER_CANDIDATE_REQUIRES_NODE_REVIEW,core/automation-engine/src/main/java/com/nexaflow/core/engine/WearEventRouter.kt,NOT_TESTED
WEAR_EVENT,reload,data/src/main/java/com/nexaflow/data/mapper/AutomationMapper.kt|data/src/main/java/com/nexaflow/data/repository/AutomationRepositoryImpl.kt,SHARED_OWNER_CANDIDATE_REQUIRES_NODE_REVIEW,core/automation-engine/src/main/java/com/nexaflow/core/engine/WearEventRouter.kt,NOT_TESTED
WEAR_EVENT,admission,core/automation-engine/src/main/java/com/nexaflow/core/engine/TriggerIndex.kt|core/execution/src/main/java/com/nexaflow/core/execution/ExecutionEngine.kt,SHARED_OWNER_CANDIDATE_REQUIRES_NODE_REVIEW,core/automation-engine/src/main/java/com/nexaflow/core/engine/WearEventRouter.kt,NOT_TESTED
WEAR_EVENT,dispatch,core/automation-engine/src/main/java/com/nexaflow/core/engine/TriggerIndex.kt|core/execution/src/main/java/com/nexaflow/core/execution/handler/ActionRegistry.kt|core/execution/src/main/java/com/nexaflow/core/execution/workflow/WorkflowInterpreter.kt,SHARED_OWNER_CANDIDATE_REQUIRES_NODE_REVIEW,core/automation-engine/src/main/java/com/nexaflow/core/engine/WearEventRouter.kt,NOT_TESTED
WEAR_EVENT,read_back,core/execution/src/main/java/com/nexaflow/core/execution/DeviceStateSnapshot.kt|domain/src/main/java/com/nexaflow/domain/models/ExecutionRecord.kt,SHARED_OWNER_CANDIDATE_REQUIRES_NODE_REVIEW,core/automation-engine/src/main/java/com/nexaflow/core/engine/WearEventRouter.kt,NOT_TESTED
WEAR_EVENT,exit,core/execution/src/main/java/com/nexaflow/core/execution/ExecutionEngine.kt,SHARED_OWNER_CANDIDATE_REQUIRES_NODE_REVIEW,core/automation-engine/src/main/java/com/nexaflow/core/engine/WearEventRouter.kt,NOT_TESTED
WEAR_EVENT,history,data/src/main/java/com/nexaflow/data/repository/HistoryRepositoryImpl.kt|core/execution/src/main/java/com/nexaflow/core/execution/ExecutionEngine.kt,SHARED_OWNER_CANDIDATE_REQUIRES_NODE_REVIEW,core/automation-engine/src/main/java/com/nexaflow/core/engine/WearEventRouter.kt,NOT_TESTED
WEAR_EVENT,recovery,core/datastore/src/main/java/com/nexaflow/core/datastore/ActiveExecutionStore.kt|core/execution/src/main/java/com/nexaflow/core/execution/recovery/ExecutionRecoveryCoordinator.kt,SHARED_OWNER_CANDIDATE_REQUIRES_NODE_REVIEW,core/automation-engine/src/main/java/com/nexaflow/core/engine/WearEventRouter.kt,NOT_TESTED
WEAR_EVENT,import_export,data/src/main/java/com/nexaflow/data/backup/BackupManager.kt,SHARED_OWNER_CANDIDATE_REQUIRES_NODE_REVIEW,core/automation-engine/src/main/java/com/nexaflow/core/engine/WearEventRouter.kt,NOT_TESTED
WEAR_EVENT,identity_version,domain/src/main/java/com/nexaflow/domain/catalog/AutomationNodeCatalog.kt|domain/src/main/java/com/nexaflow/domain/models/Automation.kt,SHARED_OWNER_CANDIDATE_REQUIRES_NODE_REVIEW,core/automation-engine/src/main/java/com/nexaflow/core/engine/WearEventRouter.kt,NOT_TESTED
PLUGIN_EVENT,picker,feature/automation-builder/src/main/java/com/nexaflow/feature/builder/TriggerCatalogPresentation.kt|feature/automation-builder/src/main/java/com/nexaflow/feature/builder/BuilderActionCatalog.kt,SHARED_OWNER_CANDIDATE_REQUIRES_NODE_REVIEW,core/automation-engine/src/main/java/com/nexaflow/core/engine/PluginEventIngress.kt|core/automation-engine/src/main/java/com/nexaflow/core/engine/PluginEventRouter.kt,NOT_TESTED
PLUGIN_EVENT,draft,feature/automation-builder/src/main/java/com/nexaflow/feature/builder/AutomationBuilderScreen.kt|feature/automation-builder/src/main/java/com/nexaflow/feature/builder/TriggerEditorCard.kt|feature/automation-builder/src/main/java/com/nexaflow/feature/builder/ActionConfigEditor.kt,SHARED_OWNER_CANDIDATE_REQUIRES_NODE_REVIEW,core/automation-engine/src/main/java/com/nexaflow/core/engine/PluginEventIngress.kt|core/automation-engine/src/main/java/com/nexaflow/core/engine/PluginEventRouter.kt,NOT_TESTED
PLUGIN_EVENT,ui_validation,domain/src/main/java/com/nexaflow/domain/catalog/NodeConfigurationValidator.kt|feature/automation-builder/src/main/java/com/nexaflow/feature/builder/AutomationBuilderViewModel.kt,SHARED_OWNER_CANDIDATE_REQUIRES_NODE_REVIEW,core/automation-engine/src/main/java/com/nexaflow/core/engine/PluginEventIngress.kt|core/automation-engine/src/main/java/com/nexaflow/core/engine/PluginEventRouter.kt,NOT_TESTED
PLUGIN_EVENT,save,feature/automation-builder/src/main/java/com/nexaflow/feature/builder/AutomationBuilderViewModel.kt|data/src/main/java/com/nexaflow/data/repository/AutomationRepositoryImpl.kt,SHARED_OWNER_CANDIDATE_REQUIRES_NODE_REVIEW,core/automation-engine/src/main/java/com/nexaflow/core/engine/PluginEventIngress.kt|core/automation-engine/src/main/java/com/nexaflow/core/engine/PluginEventRouter.kt,NOT_TESTED
PLUGIN_EVENT,room_serialization,core/database/src/main/java/com/nexaflow/core/database/Converters.kt|data/src/main/java/com/nexaflow/data/mapper/AutomationMapper.kt,SHARED_OWNER_CANDIDATE_REQUIRES_NODE_REVIEW,core/automation-engine/src/main/java/com/nexaflow/core/engine/PluginEventIngress.kt|core/automation-engine/src/main/java/com/nexaflow/core/engine/PluginEventRouter.kt,NOT_TESTED
PLUGIN_EVENT,migration,data/src/main/java/com/nexaflow/data/repository/CanonicalWorkflowMigrationRunner.kt,SHARED_OWNER_CANDIDATE_REQUIRES_NODE_REVIEW,core/automation-engine/src/main/java/com/nexaflow/core/engine/PluginEventIngress.kt|core/automation-engine/src/main/java/com/nexaflow/core/engine/PluginEventRouter.kt,NOT_TESTED
PLUGIN_EVENT,reload,data/src/main/java/com/nexaflow/data/mapper/AutomationMapper.kt|data/src/main/java/com/nexaflow/data/repository/AutomationRepositoryImpl.kt,SHARED_OWNER_CANDIDATE_REQUIRES_NODE_REVIEW,core/automation-engine/src/main/java/com/nexaflow/core/engine/PluginEventIngress.kt|core/automation-engine/src/main/java/com/nexaflow/core/engine/PluginEventRouter.kt,NOT_TESTED
PLUGIN_EVENT,admission,core/automation-engine/src/main/java/com/nexaflow/core/engine/TriggerIndex.kt|core/execution/src/main/java/com/nexaflow/core/execution/ExecutionEngine.kt,SHARED_OWNER_CANDIDATE_REQUIRES_NODE_REVIEW,core/automation-engine/src/main/java/com/nexaflow/core/engine/PluginEventIngress.kt|core/automation-engine/src/main/java/com/nexaflow/core/engine/PluginEventRouter.kt,NOT_TESTED
PLUGIN_EVENT,dispatch,core/automation-engine/src/main/java/com/nexaflow/core/engine/TriggerIndex.kt|core/execution/src/main/java/com/nexaflow/core/execution/handler/ActionRegistry.kt|core/execution/src/main/java/com/nexaflow/core/execution/workflow/WorkflowInterpreter.kt,SHARED_OWNER_CANDIDATE_REQUIRES_NODE_REVIEW,core/automation-engine/src/main/java/com/nexaflow/core/engine/PluginEventIngress.kt|core/automation-engine/src/main/java/com/nexaflow/core/engine/PluginEventRouter.kt,NOT_TESTED
PLUGIN_EVENT,read_back,core/execution/src/main/java/com/nexaflow/core/execution/DeviceStateSnapshot.kt|domain/src/main/java/com/nexaflow/domain/models/ExecutionRecord.kt,SHARED_OWNER_CANDIDATE_REQUIRES_NODE_REVIEW,core/automation-engine/src/main/java/com/nexaflow/core/engine/PluginEventIngress.kt|core/automation-engine/src/main/java/com/nexaflow/core/engine/PluginEventRouter.kt,NOT_TESTED
PLUGIN_EVENT,exit,core/execution/src/main/java/com/nexaflow/core/execution/ExecutionEngine.kt,SHARED_OWNER_CANDIDATE_REQUIRES_NODE_REVIEW,core/automation-engine/src/main/java/com/nexaflow/core/engine/PluginEventIngress.kt|core/automation-engine/src/main/java/com/nexaflow/core/engine/PluginEventRouter.kt,NOT_TESTED
PLUGIN_EVENT,history,data/src/main/java/com/nexaflow/data/repository/HistoryRepositoryImpl.kt|core/execution/src/main/java/com/nexaflow/core/execution/ExecutionEngine.kt,SHARED_OWNER_CANDIDATE_REQUIRES_NODE_REVIEW,core/automation-engine/src/main/java/com/nexaflow/core/engine/PluginEventIngress.kt|core/automation-engine/src/main/java/com/nexaflow/core/engine/PluginEventRouter.kt,NOT_TESTED
PLUGIN_EVENT,recovery,core/datastore/src/main/java/com/nexaflow/core/datastore/ActiveExecutionStore.kt|core/execution/src/main/java/com/nexaflow/core/execution/recovery/ExecutionRecoveryCoordinator.kt,SHARED_OWNER_CANDIDATE_REQUIRES_NODE_REVIEW,core/automation-engine/src/main/java/com/nexaflow/core/engine/PluginEventIngress.kt|core/automation-engine/src/main/java/com/nexaflow/core/engine/PluginEventRouter.kt,NOT_TESTED
PLUGIN_EVENT,import_export,data/src/main/java/com/nexaflow/data/backup/BackupManager.kt,SHARED_OWNER_CANDIDATE_REQUIRES_NODE_REVIEW,core/automation-engine/src/main/java/com/nexaflow/core/engine/PluginEventIngress.kt|core/automation-engine/src/main/java/com/nexaflow/core/engine/PluginEventRouter.kt,NOT_TESTED
PLUGIN_EVENT,identity_version,domain/src/main/java/com/nexaflow/domain/catalog/AutomationNodeCatalog.kt|domain/src/main/java/com/nexaflow/domain/models/Automation.kt,SHARED_OWNER_CANDIDATE_REQUIRES_NODE_REVIEW,core/automation-engine/src/main/java/com/nexaflow/core/engine/PluginEventIngress.kt|core/automation-engine/src/main/java/com/nexaflow/core/engine/PluginEventRouter.kt,NOT_TESTED
